2026-09-02 07:06:53,265 - MainProcess - INFO - ==============================================================================
2026-09-02 07:06:53,265 - MainProcess - INFO - 🎥 POLICE CCTV PROSE TIER — one VLM description per 60s segment
2026-09-02 07:06:53,265 - MainProcess - INFO - ==============================================================================
2026-09-02 07:06:53,439 - MainProcess - INFO - ✅ OpenRouter reachable, 'z-ai/glm-5.3-flash' accepts ['text', 'image', 'video']
2026-09-02 07:06:53,440 - MainProcess - WARNING - VLM_BACKEND=openrouter - FRAMES are uploaded to a third party, not just the prose about them.
2026-09-02 07:06:53,442 - MainProcess - WARNING - Skipping cam01_01_Chiman_bhai_Bridge.mp4: file not found at videos-hackathon/cam01_01_Chiman_bhai_Bridge.mp4
2026-09-02 07:06:53,442 - MainProcess - WARNING - Skipping cam02_02_Janpath.mp4: file not found at videos-hackathon/cam02_02_Janpath.mp4
2026-09-02 07:06:53,442 - MainProcess - WARNING - Skipping cam03_03_O.N.G.C._Office.mp4: file not found at videos-hackathon/cam03_03_O.N.G.C._Office.mp4
2026-09-02 07:06:53,443 - MainProcess - WARNING - Skipping cam25_33_dehgam.mp4: file not found at videos-hackathon/cam25_33_dehgam.mp4
2026-09-02 07:06:53,443 - MainProcess - WARNING - Skipping cam27_35_TANKAL.mp4: file not found at videos-hackathon/cam27_35_TANKAL.mp4
2026-09-02 07:06:53,443 - MainProcess - WARNING - No metadata row for cam10.mp4; adding it as location 'cam10'
2026-09-02 07:06:53,443 - MainProcess - WARNING - No metadata row for cam28_stream-28.mp4; adding it as location 'cam28 stream 28'
2026-09-02 07:06:53,443 - MainProcess - WARNING - No metadata row for cam30_stream-30.mp4; adding it as location 'cam30 stream 30'
2026-09-02 07:06:53,443 - MainProcess - INFO - Restricted to 2 video(s): cam16_stream-16, cam14_stream-14
2026-09-02 07:06:53,443 - MainProcess - INFO - 📌 Anchors: 9/12 videos have a known start time (video_anchors.json)
2026-09-02 07:06:53,443 - MainProcess - INFO - 🔧 UniversalModelManager initialized
2026-09-02 07:06:53,443 - MainProcess - INFO - 🔥 Loading SentenceTransformer ONCE...
2026-09-02 07:06:53,567 - MainProcess - INFO - No device provided, using cuda:0
2026-09-02 07:06:54,127 - MainProcess - INFO - Loading SentenceTransformer model from nomic-ai/nomic-embed-text-v1.5.
2026-09-02 07:06:57,862 - MainProcess - WARNING - <All keys matched successfully>
2026-09-02 07:07:01,230 - MainProcess - INFO - ✅ SentenceTransformer loaded (SHARED across all cameras)
2026-09-02 07:07:03,499 - MainProcess - INFO - ✓ MongoDB connection successful
2026-09-02 07:07:03,503 - MainProcess - INFO - Processing 2 video(s), up to 2 concurrently
2026-09-02 07:07:03,504 - MainProcess - INFO - [cam16_stream-16] Starting seek-based pass (location: Visat T Junction)
2026-09-02 07:07:03,505 - MainProcess - INFO - [cam14_stream-14] Starting seek-based pass (location: Unknown Location (cam14))
2026-09-02 07:07:03,505 - MainProcess - INFO - ♻️ Reusing shared SentenceTransformer model
2026-09-02 07:07:03,506 - MainProcess - INFO - 🗄️ MongoVideoDatabase initialized
2026-09-02 07:07:03,506 - MainProcess - INFO - ♻️ Reusing shared SentenceTransformer model
2026-09-02 07:07:03,506 - MainProcess - INFO - 🗄️ MongoVideoDatabase initialized
2026-09-02 07:07:03,974 - MainProcess - INFO - [cam16_stream-16] Resuming - 349 segment(s) already stored, will be skipped
2026-09-02 07:07:03,974 - MainProcess - INFO - [cam16_stream-16] 1920x1080 @ 12.50fps | 12.00h | 720 segments | anchor 2026-06-13T14:47:23.800000 (ocr_verified)
2026-09-02 07:07:03,974 - MainProcess - INFO - [cam16_stream-16] 371 segment(s) to process
2026-09-02 07:07:03,974 - MainProcess - INFO - [cam16_stream-16] 6 segments in flight at once (SEGMENT_WORKERS=6)
2026-09-02 07:07:04,913 - MainProcess - INFO - 🚀 GPU decode (NVDEC) available
2026-09-02 07:07:05,151 - MainProcess - INFO - [cam14_stream-14] Resuming - 171 segment(s) already stored, will be skipped
2026-09-02 07:07:05,151 - MainProcess - INFO - [cam14_stream-14] 1920x1080 @ 12.50fps | 12.00h | 720 segments | anchor 2026-06-13T20:59:20.800000 (ocr_verified)
2026-09-02 07:07:05,152 - MainProcess - INFO - [cam14_stream-14] 549 segment(s) to process
2026-09-02 07:07:05,152 - MainProcess - INFO - [cam14_stream-14] 6 segments in flight at once (SEGMENT_WORKERS=6)
2026-09-02 07:07:19,667 - MainProcess - INFO - [AI->] https://openrouter.ai/api/v1/chat/completions z-ai/glm-5.3-flash (12 frames, max_tokens=2600)
2026-09-02 07:07:19,847 - MainProcess - INFO - [AI->] https://openrouter.ai/api/v1/chat/completions z-ai/glm-5.3-flash (12 frames, max_tokens=2600)
2026-09-02 07:07:20,912 - MainProcess - INFO - [AI->] https://openrouter.ai/api/v1/chat/completions z-ai/glm-5.3-flash (12 frames, max_tokens=2600)
2026-09-02 07:07:33,858 - MainProcess - INFO - [AI->] https://openrouter.ai/api/v1/chat/completions z-ai/glm-5.3-flash (12 frames, max_tokens=2600)
2026-09-02 07:07:39,305 - MainProcess - INFO - [AI->] https://openrouter.ai/api/v1/chat/completions z-ai/glm-5.3-flash (12 frames, max_tokens=2600)
2026-09-02 07:07:39,306 - MainProcess - INFO - [AI<-] z-ai/glm-5.3-flash ok in 19.6s | prompt_tok=15203 completion_tok=531 cost=$0.000362895 | 2369 chars
2026-09-02 07:07:39,306 - MainProcess - INFO - [VLM] Response received. Content len: 2369, Thinking len: 0

================================================================================
🤖 [cam16_stream-16] SEGMENT VLM - #350 - 2026-06-13 20:37:23
================================================================================
Recorded 13-06-2026 (Saturday) 20:37:23 to 20:37:53 at Visat T Junction, camera cam16_stream-16. 1. SCENE The camera overlooks Visat T Junction, a wide signalised intersection with a pedestrian zebra crossing in the foreground, a raised landscaped traffic island to the right bearing an "ansc"-style signboard, a signal pole with amber lighting on the left footpath, and blue hoardings on the left. It is night time; the scene is lit by streetlights, vehicle headlamps and a flashing amber signal. The footage is dim, low-light/IR-quality, with significant glare when vehicles approach with headlights on. 2. TRAFFIC AND PEOPLE Traffic is light throughout. Visible: one dark grey/black hatchback car crossing right-to-left at the start (0s); a motorcyclist with a rider in a white shirt approaching from the far end mid-clip (~30 35s) and a second rider in dark clothing beside him; a large vehicle (truck/bus) with bright headlights visible in the distance on the right road at ~40s; several distant two-wheelers moving through the junction throughout; one isolated scooter/motorcycle with a single rider in white in the middle of the junction at ~45s. No pedestrians are clearly seen on the crossing. 3. VEHICLES IDENTIFIED None identified. (Night footage; body shapes and badges are not legible.) 4. REGISTRATIONS READ None legible. 5. NOTABLE EVENTS None observed. 6. CROWD AND CONGESTION None observed. The junction remains clear at all times. 7. TRAFFIC VIOLATIONS None observed. All riders seen appear to be helmeted; no wrong-way movement or red-light jumping is clearly visible. 8. PATTERN OF ACTIVITY This is a quiet night-time period at the junction. Traffic is sparse and free-flowing, dominated by two-wheelers approaching from the far side of the junction and occasional cars/long vehicles passing on the right-hand road. The early frames show a single dark hatchback clearing the junction leftward, after which the crossing area sits empty with only distant vehicle lights. Mid-clip, a pair of motorcycles with one rider in a white shirt approach from the distance; by the late frames only a lone scooter with a rider in white remains in the junction before the scene empties again. No direction dominates; volumes stay consistently low throughout. 9. QUIET PERIODS Approximately 5s to 30s and again around 50s to the end of the clip, the junction is essentially empty with no moving traffic in the foreground; only distant lights are visible.
================================================================================

Batches:   0%|          | 0/1 [00:00<?, ?it/s][transformers] Detected the usage of `get_extended_attention_mask`: This function is deprecated and will be removed in v5.12.0. Please use the new API in `transformers.masking_utils`
2026-09-02 07:07:39,920 - MainProcess - INFO - [AI->] https://openrouter.ai/api/v1/chat/completions z-ai/glm-5.3-flash (12 frames, max_tokens=2600)
Batches: 100%|██████████| 1/1 [00:00<00:00,  2.80it/s]Batches: 100%|██████████| 1/1 [00:00<00:00,  2.80it/s]
2026-09-02 07:07:40,389 - MainProcess - INFO - ✅ Segment #350 stored in MongoDB
✅ Segment #350 from Camera cam16_stream-16 stored in MongoDB
2026-09-02 07:07:40,391 - MainProcess - INFO - [cam16_stream-16] segment 350 looks alert-worthy - asking z-ai/glm-5.3-flash
2026-09-02 07:07:40,391 - MainProcess - INFO - [AI->] https://openrouter.ai/api/v1/chat/completions z-ai/glm-5.3-flash (max_tokens=1200, prompt=3754 chars)
2026-09-02 07:07:40,926 - MainProcess - INFO - [AI<-] z-ai/glm-5.3-flash ok in 20.0s | prompt_tok=15203 completion_tok=505 cost=$0.000356395 | 2156 chars
2026-09-02 07:07:40,926 - MainProcess - INFO - [VLM] Response received. Content len: 2156, Thinking len: 0

================================================================================
🤖 [cam16_stream-16] SEGMENT VLM - #330 - 2026-06-13 20:17:23
================================================================================
Recorded 13-06-2026 (Saturday) 20:17:23 to 20:17:53 at Visat T Junction, camera cam16_stream-16. 1. SCENE The camera overlooks Visat T Junction (marked "P2 RLVD" on the overlay), a wide signalised T-junction at night. A zebra crossing spans the foreground; a triangular traffic island/roundabout with an "ONGC" sign and white advertising boards sits centre-right. Street lighting is on, roads wet-looking in patches. Conditions are dark, artificial light only. 2. TRAFFIC AND PEOPLE Light, free-flowing night traffic throughout: a yellow-and-green auto-rickshaw (early frames), a motorcycle/scooter on the right arm (~10s), a dark car crossing the junction (~20s), a white car (~40s), a two-wheeler with rider crossing the zebra (~45s), a white/yellow small goods/tempo vehicle crossing the foreground right-to-left (~55s), plus a few distant vehicles and headlights approaching from the far road. A small group of people stands at the far edge of the junction near the lit shopfronts throughout. One rider appears to carry a pillion. No pedestrians on the zebra crossing itself. 3. VEHICLES IDENTIFIED None identified. Night lighting prevents any make or model being read with confidence. 4. REGISTRATIONS READ None legible. 5. NOTABLE EVENTS None observed. 6. CROWD AND CONGESTION None observed. 7. TRAFFIC VIOLATIONS None observed. The two-wheeler crossing the zebra at ~45s does so with no other traffic conflicting. 8. PATTERN OF ACTIVITY The clip shows a quiet, well-lit junction with sparse night traffic moving in small isolated bursts. The early part (0 20s) is dominated by the auto-rickshaw entering from the centre and a scooter on the right arm, after which the junction is largely empty for a stretch mid-clip (roughly 20 40s). Activity picks up again in the final third: a white car on the right arm, a motorcycle crossing the foreground over the zebra, and a small tempo passing right-to-left. Traffic comes from all arms, with no dominant direction; each vehicle clears the junction quickly without stopping. 9. QUIET PERIODS Approximately 20s to 40s: no moving vehicles within the junction itself, only distant headlights and the stationary group of people at the far side. Otherwise the clip has light but continuous movement.
================================================================================

Batches:   0%|          | 0/1 [00:00<?, ?it/s]Batches: 100%|██████████| 1/1 [00:00<00:00, 25.42it/s]
2026-09-02 07:07:41,687 - MainProcess - INFO - ✅ Segment #330 stored in MongoDB
✅ Segment #330 from Camera cam16_stream-16 stored in MongoDB
2026-09-02 07:07:41,688 - MainProcess - INFO - [cam16_stream-16] segment 330 looks alert-worthy - asking z-ai/glm-5.3-flash
2026-09-02 07:07:41,689 - MainProcess - INFO - [AI->] https://openrouter.ai/api/v1/chat/completions z-ai/glm-5.3-flash (max_tokens=1200, prompt=3541 chars)
2026-09-02 07:07:41,820 - MainProcess - INFO - [AI->] https://openrouter.ai/api/v1/chat/completions z-ai/glm-5.3-flash (12 frames, max_tokens=2600)
2026-09-02 07:07:42,887 - MainProcess - INFO - [AI->] https://openrouter.ai/api/v1/chat/completions z-ai/glm-5.3-flash (12 frames, max_tokens=2600)
2026-09-02 07:07:43,208 - MainProcess - INFO - [AI<-] z-ai/glm-5.3-flash ok in 1.5s | prompt_tok=887 completion_tok=7 cost=$6.4435e-05 | 14 chars returned
2026-09-02 07:07:43,208 - MainProcess - INFO - [cam16_stream-16] ✅ Segment #330 complete
2026-09-02 07:07:43,350 - MainProcess - INFO - [Memory] RAM: 3.8% | Process: 2.60GB | GPU: 1743/24564MB (7.1%)
2026-09-02 07:07:43,350 - MainProcess - INFO - [cam16_stream-16] #330  1/371 (  0.3%) | seg  39.24s = seek 13.66 (12f, 1.14s/frame) + vlm  20.52 + azure  1.62 + embed  0.26 | avg  39.38s | elapsed 0:00:39 | ETA 4:02:49
2026-09-02 07:07:43,479 - MainProcess - INFO - [AI<-] z-ai/glm-5.3-flash ok in 3.1s | prompt_tok=914 completion_tok=7 cost=$1.654e-05 | 14 chars returned
2026-09-02 07:07:43,479 - MainProcess - INFO - [cam16_stream-16] ✅ Segment #350 complete
2026-09-02 07:07:43,489 - MainProcess - INFO - [cam16_stream-16] #350  2/371 (  0.5%) | seg  39.51s = seek 13.89 (12f, 1.16s/frame) + vlm  20.14 + azure  1.65 + embed  0.58 | avg  19.76s | elapsed 0:00:39 | ETA 2:01:30
2026-09-02 07:07:43,940 - MainProcess - INFO - [AI->] https://openrouter.ai/api/v1/chat/completions z-ai/glm-5.3-flash (12 frames, max_tokens=2600)
2026-09-02 07:07:44,585 - MainProcess - INFO - [AI->] https://openrouter.ai/api/v1/chat/completions z-ai/glm-5.3-flash (12 frames, max_tokens=2600)
2026-09-02 07:07:47,505 - MainProcess - INFO - [AI->] https://openrouter.ai/api/v1/chat/completions z-ai/glm-5.3-flash (12 frames, max_tokens=2600)
2026-09-02 07:07:48,015 - MainProcess - INFO - [AI->] https://openrouter.ai/api/v1/chat/completions z-ai/glm-5.3-flash (12 frames, max_tokens=2600)
2026-09-02 07:07:48,203 - MainProcess - INFO - [AI<-] z-ai/glm-5.3-flash ok in 28.4s | prompt_tok=15203 completion_tok=628 cost=$0.000387145 | 2726 chars
2026-09-02 07:07:48,204 - MainProcess - INFO - [VLM] Response received. Content len: 2726, Thinking len: 0

================================================================================
🤖 [cam16_stream-16] SEGMENT VLM - #340 - 2026-06-13 20:27:23
================================================================================
Recorded 13-06-2026 (Saturday) 20:27:23 to 20:27:53 at Visat T Junction, camera cam16_stream-16. 1. SCENE The camera overlooks Visat T Junction, an urban T-junction with a signal-controlled crossing and zebra stripes in the foreground, a small landscaped traffic island to the right bearing an 'ONGC' sign, and approach roads to the left, ahead and right. It is night; the scene is lit by streetlights, with heavy headlight glare and motion blur. The road surface appears damp in the later frames, giving strong headlight reflections. An amber traffic signal on the left post shows amber/red at several points (0s, ~15s, ~40s onward). 2. TRAFFIC AND PEOPLE Traffic is light throughout. Vehicles observed: one white hatchback (0s, blurred, moving right-to-left across the bottom of frame); a white car with headlights on approaching from the right (~10 15s); a yellow-and-green three-wheeler auto-rickshaw and a white car turning at the junction, plus a dark car and a light-coloured car on the right road (~20s); a dark-coloured truck/box body on the right road (~25s); a white bus approaching from ahead with bright lights (~30s); a white bus on the right-hand road (~40s); a large blue-liveried bus with illuminated rear lights crossing the zebra heading away from camera (~45s); a motorcycle with rider (helmet status unclear) at bottom right at ~55s. No pedestrians are clearly visible in any frame. 3. VEHICLES IDENTIFIED None identified. Night-time glare and blur prevent reading of any make or model badges. 4. REGISTRATIONS READ None legible. (No plates readable; no automatic reads to report.) 5. NOTABLE EVENTS None observed. All vehicles appear to move normally through the junction; the blue bus crossing the zebra at ~45s is in motion and does not stop. 6. CROWD AND CONGESTION None observed. Traffic is sparse and free-flowing throughout; no queues or build-ups form. 7. TRAFFIC VIOLATIONS None observed. Possible helmet status on the motorcycle at ~55s cannot be determined from the frame; no other violations visible. 8. PATTERN OF ACTIVITY This is a quiet night-time period at the junction. Traffic is intermittent single vehicles rather than platoons, moving in all directions - some turning through the island side, some crossing toward the camera and some passing along the right-hand road. The early frames show cars and an auto-rickshaw navigating the junction; the middle of the clip is largely empty road; the later frames bring larger vehicles (a white bus, then a blue bus) and finally a motorcycle. From around ~35s the road surface appears wet with strong light reflections, suggesting recent rain. No pedestrian activity is seen at any point. 9. QUIET PERIODS Roughly between ~30s and ~40s, and again ~50s to ~54s, the junction is essentially empty with nothing moving within the frame.
================================================================================

Batches:   0%|          | 0/1 [00:00<?, ?it/s]Batches: 100%|██████████| 1/1 [00:00<00:00, 43.47it/s]
2026-09-02 07:07:48,951 - MainProcess - INFO - ✅ Segment #340 stored in MongoDB
✅ Segment #340 from Camera cam16_stream-16 stored in MongoDB
2026-09-02 07:07:48,952 - MainProcess - INFO - [cam16_stream-16] segment 340 looks alert-worthy - asking z-ai/glm-5.3-flash
2026-09-02 07:07:48,952 - MainProcess - INFO - [AI->] https://openrouter.ai/api/v1/chat/completions z-ai/glm-5.3-flash (max_tokens=1200, prompt=4111 chars)
2026-09-02 07:07:52,236 - MainProcess - INFO - [AI->] https://openrouter.ai/api/v1/chat/completions z-ai/glm-5.3-flash (12 frames, max_tokens=2600)
2026-09-02 07:07:52,261 - MainProcess - INFO - [AI->] https://openrouter.ai/api/v1/chat/completions z-ai/glm-5.3-flash (12 frames, max_tokens=2600)
2026-09-02 07:07:54,148 - MainProcess - INFO - [AI<-] z-ai/glm-5.3-flash ok in 5.2s | prompt_tok=1011 completion_tok=7 cost=$7.7575e-05 | 14 chars returned
2026-09-02 07:07:54,148 - MainProcess - INFO - [cam16_stream-16] ✅ Segment #340 complete
2026-09-02 07:07:54,156 - MainProcess - INFO - [cam16_stream-16] #340  3/371 (  0.8%) | seg  50.18s = seek 13.68 (12f, 1.14s/frame) + vlm  28.86 + azure  2.04 + embed  0.25 | avg  16.73s | elapsed 0:00:50 | ETA 1:42:35
2026-09-02 07:07:54,834 - MainProcess - INFO - [AI<-] z-ai/glm-5.3-flash ok in 10.2s | prompt_tok=15205 completion_tok=595 cost=$0.00257825 | 2624 chars
2026-09-02 07:07:54,834 - MainProcess - INFO - [VLM] Response received. Content len: 2624, Thinking len: 0

================================================================================
🤖 [cam14_stream-14] SEGMENT VLM - #175 - 2026-06-13 23:54:20
================================================================================
Recorded 13-06-2026 (Saturday) 23:54:20 to 23:54:50 at Unknown Location (cam14), camera cam14_stream-14. 1. SCENE The camera overlooks a large, busy urban road junction at night, lit by streetlights and illuminated shopfronts. A signalised intersection with zebra crossings, a central traffic island/median structure, and a "STOP" road marking on the approach in the foreground. A signal pole with a blue sign board stands right of centre. Commercial premises with lit signage (including text reading "WESTBANK") line the right side. Traffic signals on the left show amber/red at various points. Road surface appears damp, reflecting lights. 2. TRAFFIC AND PEOPLE Steady mixed traffic throughout: numerous motorcycles/scooters (roughly 15 20 across the clip), several white cars (at least 5 6), a silver/grey car, a yellow-and-green auto-rickshaw, a white bus, a white van, a white SUV-type vehicle with a blue beacon light, and a truck/large vehicle with bright headlights near the end. Pedestrians are visible on the footpaths to the right and a small group crossing or waiting near the left crossing around 45 50s. Traffic flows in multiple directions through the junction continuously. 3. VEHICLES IDENTIFIED None identified. (Night footage; no badges or model identifiers legible.) 4. REGISTRATIONS READ None legible. (No registration plates can be read at this resolution and angle; any plate-like marks are single automatic reads only and not verified against any registry.) 5. NOTABLE EVENTS - Around 25s: a white bus passes through the junction close to a white car crossing its path; no contact observed. - Around 40 45s: a white SUV-type vehicle with a flashing blue beacon (appears to be an emergency/police vehicle) crosses the junction left to right. - No collisions, near-misses, altercations or unattended items observed. 6. CROWD AND CONGESTION No build-ups or queues. Traffic is continuous but free-flowing throughout. A small group of pedestrians (roughly 4 6) gathers near the left crossing around 45 50s before dispersing. 7. TRAFFIC VIOLATIONS None observed. Riders appear helmeted where discernible; no wrong-way movement or red-light jumping clearly visible. 8. PATTERN OF ACTIVITY This is a busy night-time city junction with constant multi-directional flow, dominated by two-wheelers interspersed with cars, auto-rickshaws and occasional buses and vans. Early in the clip traffic is denser, with a white bus and several cars negotiating the centre; mid-clip a beacon-equipped white SUV crosses; toward the end the mix shifts to more two-wheelers and a truck with high-beam headlights approaching from the right. Flow remains uninterrupted for the full 55 seconds. 9. QUIET PERIODS None observed.
================================================================================

Batches:   0%|          | 0/1 [00:00<?, ?it/s]Batches: 100%|██████████| 1/1 [00:00<00:00, 50.61it/s]
2026-09-02 07:07:55,580 - MainProcess - INFO - ✅ Segment #175 stored in MongoDB
✅ Segment #175 from Camera cam14_stream-14 stored in MongoDB
2026-09-02 07:07:55,580 - MainProcess - INFO - [cam14_stream-14] segment 175 looks alert-worthy - asking z-ai/glm-5.3-flash
2026-09-02 07:07:55,580 - MainProcess - INFO - [AI->] https://openrouter.ai/api/v1/chat/completions z-ai/glm-5.3-flash (max_tokens=1200, prompt=4025 chars)
2026-09-02 07:07:58,016 - MainProcess - INFO - [AI<-] z-ai/glm-5.3-flash ok in 18.7s | prompt_tok=15203 completion_tok=479 cost=$0.000349895 | 2109 chars
2026-09-02 07:07:58,017 - MainProcess - INFO - [VLM] Response received. Content len: 2109, Thinking len: 13
2026-09-02 07:07:58,479 - MainProcess - INFO - [AI<-] z-ai/glm-5.3-flash ok in 2.9s | prompt_tok=980 completion_tok=22 cost=$7.9e-05 | 14 chars returned
2026-09-02 07:07:58,479 - MainProcess - INFO - [cam14_stream-14] ✅ Segment #175 complete
2026-09-02 07:07:58,513 - MainProcess - INFO - [Memory] RAM: 3.5% | Process: 2.62GB | GPU: 976/24564MB (4.0%)
2026-09-02 07:07:58,513 - MainProcess - INFO - [cam14_stream-14] #175  1/549 (  0.2%) | seg  53.28s = seek 38.34 (12f, 3.20s/frame) + vlm  10.75 + azure  0.89 + embed  0.24 | avg  53.36s | elapsed 0:00:53 | ETA 8:07:22

================================================================================
🤖 [cam16_stream-16] SEGMENT VLM - #352 - 2026-06-13 20:39:23
================================================================================
Recorded 13-06-2026 (Saturday) 20:39:23 to 20:39:53 at Visat T Junction, camera cam16_stream-16. 1. SCENE The camera overlooks Visat T Junction from an elevated position, looking across a zebra crossing towards a large T-junction with a circular central island bearing 'onac' signage. A signalised intersection lies beyond, with street lighting, a petrol station area on the right and a blue hoarding on the left. Footage is in colour at night with artificial street lighting; headlights and signal lights create occasional glare. 2. TRAFFIC AND PEOPLE Overall very light traffic. Visible across the clip: one motorcycle with two riders crossing the foreground at ~25s; one white/light-coloured car entering from the right at ~25s; one yellow auto-rickshaw moving away from the camera at ~30s; one light-coloured three-wheeler/auto-rickshaw approaching the camera and turning at ~45s; several distant vehicles (cars, a possible white van) around the far intersection throughout. A small group of pedestrians is visible in the far distance near the top of frame throughout, too far to describe. 3. VEHICLES IDENTIFIED None identified. (Night-time footage; no badges or unmistakable body shapes legible.) 4. REGISTRATIONS READ None legible. 5. NOTABLE EVENTS None observed. All vehicles move normally through the junction. 6. CROWD AND CONGESTION None observed. The junction remains clear throughout. 7. TRAFFIC VIOLATIONS None observed. Signal states are not clearly legible on these frames, so no light-jumping can be confirmed. 8. PATTERN OF ACTIVITY This is a quiet late-evening period at a major junction. Traffic is sparse and intermittent: a two-wheeler and a car cross the near crossing around the mid-point of the clip, and isolated three-wheelers and distant cars move around the far intersection. There is no dominant direction; vehicles pass through individually rather than in platoons. The clip ends as empty as it began, with no build-up at any point. 9. QUIET PERIODS Roughly 0 20s and 35 45s the junction is largely empty of moving traffic, with only distant vehicles visible; the final 5 10s are also near-empty. No fully static quiet period distant traffic is visible throughout.
================================================================================

Batches:   0%|          | 0/1 [00:00<?, ?it/s]Batches: 100%|██████████| 1/1 [00:00<00:00, 65.57it/s]
2026-09-02 07:07:58,752 - MainProcess - INFO - ✅ Segment #352 stored in MongoDB
✅ Segment #352 from Camera cam16_stream-16 stored in MongoDB
2026-09-02 07:07:58,753 - MainProcess - INFO - [cam16_stream-16] segment 352 looks alert-worthy - asking z-ai/glm-5.3-flash
2026-09-02 07:07:58,753 - MainProcess - INFO - [AI->] https://openrouter.ai/api/v1/chat/completions z-ai/glm-5.3-flash (max_tokens=1200, prompt=3492 chars)
2026-09-02 07:07:58,913 - MainProcess - INFO - [AI<-] z-ai/glm-5.3-flash ok in 17.1s | prompt_tok=15203 completion_tok=485 cost=$0.000351395 | 2092 chars
2026-09-02 07:07:58,913 - MainProcess - INFO - [VLM] Response received. Content len: 2092, Thinking len: 0

================================================================================
🤖 [cam16_stream-16] SEGMENT VLM - #354 - 2026-06-13 20:41:23
================================================================================
Recorded 13-06-2026 (Saturday) 20:41:23 to 20:41:53 at Visat T Junction, camera cam16_stream-16. 1. SCENE The camera overlooks Visat T Junction (overlay text 'Visat T Junction P2 RLVD'), a wide T-junction with a zebra crossing in the foreground and a landscaped triangular island marked with 'ONGC' text on the right. It is night; the scene is lit by streetlights and vehicle headlamps. Lighting is dim overall with bright glare from approaching vehicles. 2. TRAFFIC AND PEOPLE Traffic is very light throughout. Vehicles observed: one white car travelling away from camera at the start; one motorcycle/scooter with bright headlamp crossing the junction left to right; one rider on a motorcycle/scoater approaching the camera across the zebra area around 45s; one light-coloured car approaching from the far side around 45 50s; one dark car approaching from the distance at 50 55s; one car with red tail lights near the far side of the junction at 55s; and a fast-moving light-coloured vehicle on the right-side road around 55s. A small number of indistinct figures are visible far back near the shops at the top of the frame in the early seconds. No pedestrians cross the zebra crossing. 3. VEHICLES IDENTIFIED None identified. Night-time lighting and distance make makes and models unreadable. 4. REGISTRATIONS READ None legible. 5. NOTABLE EVENTS None observed. 6. CROWD AND CONGESTION None observed. 7. TRAFFIC VIOLATIONS None observed. (Helmet status of riders is not resolvable on these night frames.) 8. PATTERN OF ACTIVITY This is a quiet night-time junction with only isolated vehicles passing through in both directions, no queues and no pedestrian activity. In the early part of the clip a white car moves away from camera through the junction while a two-wheeler crosses rightward; the middle of the clip (roughly 20 40s) is nearly empty; in the final stretch a small cluster of vehicles a two-wheeler toward camera, followed by cars approaching from the far side passes through. Nothing changed in traffic state; the junction remains free-flowing throughout. 9. QUIET PERIODS From about 20s to 40s the junction is empty and no vehicles are moving through the frame.
================================================================================

Batches:   0%|          | 0/1 [00:00<?, ?it/s]Batches: 100%|██████████| 1/1 [00:00<00:00, 45.06it/s]
2026-09-02 07:07:59,493 - MainProcess - INFO - [AI->] https://openrouter.ai/api/v1/chat/completions z-ai/glm-5.3-flash (12 frames, max_tokens=2600)
2026-09-02 07:07:59,658 - MainProcess - INFO - ✅ Segment #354 stored in MongoDB
✅ Segment #354 from Camera cam16_stream-16 stored in MongoDB
2026-09-02 07:07:59,659 - MainProcess - INFO - [cam16_stream-16] segment 354 looks alert-worthy - asking z-ai/glm-5.3-flash
2026-09-02 07:07:59,659 - MainProcess - INFO - [AI->] https://openrouter.ai/api/v1/chat/completions z-ai/glm-5.3-flash (max_tokens=1200, prompt=3473 chars)
2026-09-02 07:08:00,602 - MainProcess - INFO - [AI<-] z-ai/glm-5.3-flash ok in 26.7s | prompt_tok=15203 completion_tok=696 cost=$0.000404145 | 2999 chars
2026-09-02 07:08:00,602 - MainProcess - INFO - [VLM] Response received. Content len: 2999, Thinking len: 0

================================================================================
🤖 [cam16_stream-16] SEGMENT VLM - #353 - 2026-06-13 20:40:23
================================================================================
Recorded 13-06-2026 (Saturday) 20:40:23 to 20:40:53 at Visat T Junction, camera cam16_stream-16. 1. SCENE Elevated CCTV view of Visat T Junction (overlay reads "Visat T Junction P2 RLVD"), a signal-controlled T-junction with a zebra crossing in the foreground, a small raised traffic island/roundabout with an "ONOC"-style advertisement panel to the right, and a bus-shelter area with hoardings on the left. Night time; the scene is lit by streetlights and vehicle headlights, with some vehicle headlight glare and mild lens flare on several frames. 2. TRAFFIC AND PEOPLE - One yellow/cream auto-rickshaw crossing the junction at the start of the clip (0s). - One white/light-coloured car approaching from the far arm, seen around 10-15s in. - One motorcycle or small two-wheeler near the right-hand island at about 20s. - One large bus (white/blue livery) crossing the junction left to right around 40s. - One bright headlight vehicle (two-wheeler or small car, not resolvable) approaching from the far arm around 25s and 45-50s. - Distant pedestrians visible near the far bus-stop area at the start and around 30s; too far for description. - Scattered distant vehicles on the far right road throughout. 3. VEHICLES IDENTIFIED None identified. (Night footage; no badges or model features legible. The bus at ~40s is distinguishable as a bus by body shape only, which is not a model.) 4. REGISTRATIONS READ None legible. (No registration plates readable at any point in this clip; night resolution and angles prevent reads. Any single automatic read would be unverified, but none could be made here.) 5. NOTABLE EVENTS None observed. All vehicles move normally through the junction; no collisions, stops in live lanes, loitering or unattended items seen. 6. CROWD AND CONGESTION None observed. The junction is lightly trafficked throughout; no queues form at any point. 7. TRAFFIC VIOLATIONS None observed. Riders' helmets not resolvable at this distance; no wrong-way movement, no vehicle crossing against an observable red aspect, and no illegal parking visible. 8. PATTERN OF ACTIVITY This is a quiet, free-flowing night-time period at the junction. Early in the clip a lone yellow auto-rickshaw crosses the foreground zebra area and exits toward the far arm; the next 30 seconds see only isolated distant movements - a white car approaching from the far arm around 10-15s, a two-wheeler near the right island around 20s, and intermittent headlight glare. Activity is light and intermittent from all arms with no dominant direction. The most significant single movement is a white/blue bus that enters from the left around 40s and crosses the full width of the junction rightward, briefly obscuring the view. After it passes, the clip ends with the junction again empty, only distant headlights moving on the far arms. 9. QUIET PERIODS Roughly 25-35s and 45-55s show no movement within the junction itself - only distant traffic on the far right arm and stillness on the crossing. Otherwise isolated movements occur throughout; no period is entirely static for more than a few seconds.
================================================================================

Batches:   0%|          | 0/1 [00:00<?, ?it/s]Batches: 100%|██████████| 1/1 [00:00<00:00, 41.05it/s]
2026-09-02 07:08:01,136 - MainProcess - INFO - [AI<-] z-ai/glm-5.3-flash ok in 2.4s | prompt_tok=858 completion_tok=7 cost=$6.61e-05 | 14 chars returned
2026-09-02 07:08:01,136 - MainProcess - INFO - [cam16_stream-16] ✅ Segment #352 complete
2026-09-02 07:08:01,140 - MainProcess - INFO - [cam16_stream-16] #352  4/371 (  1.1%) | seg  57.16s = seek 34.07 (12f, 2.84s/frame) + vlm  19.22 + azure  1.10 + embed  0.23 | avg  14.29s | elapsed 0:00:57 | ETA 1:27:24
2026-09-02 07:08:01,292 - MainProcess - INFO - [AI<-] z-ai/glm-5.3-flash ok in 1.6s | prompt_tok=867 completion_tok=7 cost=$6.2935e-05 | 14 chars returned
2026-09-02 07:08:01,292 - MainProcess - INFO - [cam16_stream-16] ✅ Segment #354 complete
2026-09-02 07:08:01,295 - MainProcess - INFO - [cam16_stream-16] #354  5/371 (  1.3%) | seg  57.32s = seek 36.69 (12f, 3.06s/frame) + vlm  17.60 + azure  0.99 + embed  0.24 | avg  11.46s | elapsed 0:00:57 | ETA 1:09:55
2026-09-02 07:08:01,556 - MainProcess - INFO - ✅ Segment #353 stored in MongoDB
✅ Segment #353 from Camera cam16_stream-16 stored in MongoDB
2026-09-02 07:08:01,557 - MainProcess - INFO - [cam16_stream-16] segment 353 looks alert-worthy - asking z-ai/glm-5.3-flash
2026-09-02 07:08:01,557 - MainProcess - INFO - [AI->] https://openrouter.ai/api/v1/chat/completions z-ai/glm-5.3-flash (max_tokens=1200, prompt=4384 chars)
2026-09-02 07:08:02,746 - MainProcess - INFO - [AI<-] z-ai/glm-5.3-flash ok in 1.2s | prompt_tok=1077 completion_tok=7 cost=$0.00016505 | 14 chars returned
2026-09-02 07:08:02,746 - MainProcess - INFO - [cam16_stream-16] ✅ Segment #353 complete
2026-09-02 07:08:02,756 - MainProcess - INFO - [cam16_stream-16] #353  6/371 (  1.6%) | seg  58.78s = seek 28.68 (12f, 2.39s/frame) + vlm  27.25 + azure  1.05 + embed  0.45 | avg   9.80s | elapsed 0:00:58 | ETA 0:59:35
2026-09-02 07:08:06,792 - MainProcess - INFO - [AI->] https://openrouter.ai/api/v1/chat/completions z-ai/glm-5.3-flash (12 frames, max_tokens=2600)
2026-09-02 07:08:08,289 - MainProcess - INFO - [AI<-] z-ai/glm-5.3-flash ok in 24.3s | prompt_tok=15205 completion_tok=640 cost=$0.001300375 | 2918 chars
2026-09-02 07:08:08,290 - MainProcess - INFO - [AI<-] z-ai/glm-5.3-flash ok in 20.3s | prompt_tok=15205 completion_tok=486 cost=$0.001261875 | 2061 chars
2026-09-02 07:08:08,290 - MainProcess - INFO - [VLM] Response received. Content len: 2918, Thinking len: 0
2026-09-02 07:08:08,290 - MainProcess - INFO - [VLM] Response received. Content len: 2061, Thinking len: 0

================================================================================
================================================================================
🤖 [cam14_stream-14] SEGMENT VLM - #174 - 2026-06-13 23:53:20
================================================================================
Recorded 13-06-2026 (Saturday) 23:53:20 to 23:53:50 at Unknown Location (cam14), camera cam14_stream-14. 1. SCENE The camera overlooks a busy signalised urban intersection at night, viewed from an elevated position. Marked zebra crossings and "STOP" road markings are visible in the foreground, a small central island/monument structure sits mid-junction, and illuminated retail premises (signage reading "WESTBANK" and other shopfronts) line the right side. Lighting is artificial - street lamps, vehicle headlights and shop lighting. The road surface appears reflective, suggesting damp conditions. Traffic signals on the left show amber at the start of the clip. 2. TRAFFIC AND PEOPLE Steady mixed traffic throughout: numerous motorcycles/scooters (at least 15-20 across the clip, riders mostly in light-coloured shirts, some carrying pillion passengers), several white cars (hatchbacks and sedans), one dark-coloured SUV crossing left-to-right early in the clip, a green-and-yellow auto-rickshaw, a white van, a red bus passing close under the camera around 40s, and a white SUV later. A crowd of pedestrians is visible standing on the far right footpath/shop area throughout, but no pedestrians cross the carriageway within the crossing. 3. VEHICLES IDENTIFIED None identified. (Night footage; no badges or model markings legible.) 4. REGISTRATIONS READ None legible. (All plates are either angled away, blurred by motion, or overexposed; no registration was readable on any frame.) 5. NOTABLE EVENTS - Around 40s, a large red bus passes directly beneath the camera, temporarily obscuring most of the junction. - Around 47-52s, a white SUV and a white car cross the junction while groups of two-wheelers cross on overlapping paths; no contact occurs, but movement through the junction is simultaneous and unregulated in appearance. - No collisions, falls, or altercations observed. 6. CROWD AND CONGESTION None observed. Traffic flows continuously without queuing; the group of people standing on the right footpath remains stationary throughout and does not obstruct the road. 7. TRAFFIC VIOLATIONS None observed. (Some two-wheelers cross the junction on angled/diagonal paths, but no signal state is clearly visible to confirm violations; no helmetless rider can be confirmed at this resolution.) 8. PATTERN OF ACTIVITY This is a continuously busy night-time junction with mixed two-wheeler-dominated traffic moving in all four directions, interspersed with cars, an auto-rickshaw, a van and one bus. Early in the clip a dark SUV and a white sedan clear the junction while the signal shows amber; mid-clip traffic thins briefly before the red bus passes under the camera around 40s; the final 15 seconds show the heaviest two-wheeler flow, with several motorcycles and scooters crossing together in multiple directions. No single direction dominates decisively; flow is roughly balanced across the junction. 9. QUIET PERIODS None observed. Vehicles are in motion in every sampled frame across the 55 seconds.
================================================================================


🤖 [cam14_stream-14] SEGMENT VLM - #176 - 2026-06-13 23:55:20
================================================================================
Recorded 13-06-2026 (Saturday) 23:55:20 to 23:55:50 at Unknown Location (cam14), camera cam14_stream-14. 1. SCENE The camera overlooks a large, busy signalised road junction at night, lit by streetlights and illuminated shopfronts. A "WESTBANK" sign is visible on a commercial building to the right, with other lit shop signage beyond. Zebra crossings and "STOP" road markings are visible in the foreground. Traffic signals on the left show amber/red. Conditions are dry; the footage is colour night-time CCTV of fair quality. 2. TRAFFIC AND PEOPLE Steady mixed traffic throughout: approximately 15-20 motorcycles/scooters (various colours, riders in light and dark clothing), around 10-12 cars (mostly white, plus one silver, one dark/red SUV), one yellow truck with a green-tipped tipper body (0-10s), one blue-and-white bus (45-52s), one blue-tarpaulin-covered goods truck (52-55s), and two yellow-green auto-rickshaws (30-40s and 45-55s). Pedestrians are visible on the far footpaths near the shops; a few appear to cross at the right side of the junction around 20-30s. Traffic flows in all four directions through the junction. 3. VEHICLES IDENTIFIED None identified. Night-time lighting and distance prevent reliable make/model reading. 4. REGISTRATIONS READ None legible. 5. NOTABLE EVENTS None observed. Traffic negotiates the junction normally; no collisions, stops in live lanes, or suspicious behaviour seen. 6. CROWD AND CONGESTION None observed. Traffic is continuous but free-flowing; no queues or jams form during the clip. 7. TRAFFIC VIOLATIONS None observed. 8. PATTERN OF ACTIVITY This is a busy commercial junction with continuous multi-directional traffic dominated by two-wheelers and white cars. Early in the clip a yellow tipper truck and a silver sedan pass through; mid-clip sees a cluster of scooters and a yellow auto-rickshaw crossing; late in the clip a large blue-and-white bus and then a covered goods truck pass through the foreground, briefly obscuring the junction. Flow remains constant in all directions with no build-up. 9. QUIET PERIODS None observed. The junction is busy with moving traffic throughout the 55 seconds.
================================================================================

Batches:   0%|          | 0/1 [00:00<?, ?it/s]Batches: 100%|██████████| 1/1 [00:00<00:00, 36.99it/s]
Batches:   0%|          | 0/1 [00:00<?, ?it/s]Batches: 100%|██████████| 1/1 [00:00<00:00, 37.24it/s]
2026-09-02 07:08:09,270 - MainProcess - INFO - ✅ Segment #174 stored in MongoDB
✅ Segment #174 from Camera cam14_stream-14 stored in MongoDB
2026-09-02 07:08:09,270 - MainProcess - INFO - [cam14_stream-14] segment 174 looks alert-worthy - asking z-ai/glm-5.3-flash
2026-09-02 07:08:09,270 - MainProcess - INFO - [AI->] https://openrouter.ai/api/v1/chat/completions z-ai/glm-5.3-flash (max_tokens=1200, prompt=4319 chars)
2026-09-02 07:08:09,486 - MainProcess - INFO - ✅ Segment #176 stored in MongoDB
✅ Segment #176 from Camera cam14_stream-14 stored in MongoDB
2026-09-02 07:08:09,487 - MainProcess - INFO - [cam14_stream-14] segment 176 looks alert-worthy - asking z-ai/glm-5.3-flash
2026-09-02 07:08:09,487 - MainProcess - INFO - [AI->] https://openrouter.ai/api/v1/chat/completions z-ai/glm-5.3-flash (max_tokens=1200, prompt=3462 chars)
2026-09-02 07:08:10,410 - MainProcess - INFO - [AI<-] z-ai/glm-5.3-flash ok in 30.5s | prompt_tok=15205 completion_tok=712 cost=$0.001318375 | 3142 chars
2026-09-02 07:08:10,410 - MainProcess - INFO - [VLM] Response received. Content len: 3142, Thinking len: 0
2026-09-02 07:08:10,717 - MainProcess - INFO - [AI<-] z-ai/glm-5.3-flash ok in 27.8s | prompt_tok=15205 completion_tok=577 cost=$0.001284625 | 2524 chars
2026-09-02 07:08:10,718 - MainProcess - INFO - [VLM] Response received. Content len: 2524, Thinking len: 0

================================================================================
🤖 [cam14_stream-14] SEGMENT VLM - #173 - 2026-06-13 23:52:20
================================================================================
Recorded 13-06-2026 (Saturday) 23:52:20 to 23:52:50 at Unknown Location (cam14), camera cam14_stream-14. 1. SCENE The camera overlooks a large, busy signalised road junction at night, lit by streetlights and illuminated shopfronts. A lit sign reading "WESTBANK" is visible on a commercial building to the right. Zebra crossings and a "STOP" road marking are visible in the foreground. Road surface appears damp/reflective, suggesting recent rain. Traffic signals are visible over the junction. 2. TRAFFIC AND PEOPLE Heavy mixed traffic throughout: numerous motorcycles/scooters (roughly 15-25 visible at any time), several yellow-and-green auto-rickshaws (at least 6-8 across the clip), multiple white cars/SUVs (at least 6), a silver MPV, a dark sedan, a white box truck, a white van, a white minibus, and a large white coach bus. A large tipper truck loaded with rubble/sand crosses the junction early in the clip. Pedestrians are visible on the footpaths to the right near the shops and waiting at corners; some riders carry pillion passengers. 3. VEHICLES IDENTIFIED None identified. (Night footage; no badges or model markings legible.) 4. REGISTRATIONS READ None legible. (All plates are too small, angled or glare-affected for reliable reading; any partial reads would be single automatic reads, not verified against any registry.) 5. NOTABLE EVENTS - From 0s to about 10s, a large tipper truck loaded with rubble moves across the junction from right to left, dominating the carriageway; other vehicles weave closely around it, with a motorcycle passing immediately alongside it around 5s - a close-quarters manoeuvre but no contact observed. - Around 5-10s, a silver MPV and a motorcycle cross paths closely in the middle of the junction; no collision observed. - Traffic flows in all directions through the junction simultaneously with frequent close passes between two-wheelers and cars throughout; no collision, fire, or unattended item observed. 6. CROWD AND CONGESTION - Between roughly 15s and 30s, traffic builds in the junction with multiple vehicles converging from all arms; vehicles slow and intermingle mid-junction but keep moving. No full stoppage or queue observed. 7. TRAFFIC VIOLATIONS - Motorcycles and scooters are observed weaving through the junction against the general flow direction at several points (e.g. around 5s, 25s and 45s), consistent with movement against the signal, though signal phases cannot be confirmed from these frames. - No helmetless riders can be confirmed at this resolution; no three-on-a-motorcycle or footpath driving observed. 8. PATTERN OF ACTIVITY This is a continuously busy night-time junction with mixed urban traffic - two-wheelers and auto-rickshaws dominate, interspersed with cars, a truck, vans and a bus. Movement is multi-directional with no single dominant flow. In the early part of the clip a large loaded tipper truck and heavier vehicles (truck, van, minibus) pass through; in the latter half the mix lightens to mostly two-wheelers, autos and cars, and by the final seconds the junction is noticeably clearer with traffic thinning toward the right-hand exits. 9. QUIET PERIODS None observed. The junction remains active with moving traffic for the full 55 seconds.
================================================================================

Batches:   0%|          | 0/1 [00:00<?, ?it/s]Batches: 100%|██████████| 1/1 [00:00<00:00, 30.36it/s]

================================================================================
🤖 [cam14_stream-14] SEGMENT VLM - #171 - 2026-06-13 23:50:20
================================================================================
Recorded 13-06-2026 (Saturday) 23:50:20 to 23:50:50 at Unknown Location (cam14), camera cam14_stream-14. 1. SCENE The camera overlooks a large, signalised urban road junction at night, lit by streetlights and bright commercial signage on the right-hand side (an illuminated "WESTBANK" sign and other shopfronts are visible). A pedestrian zebra crossing runs across the foreground, with "STOP" road markings on the approach lane. A small central traffic island/median structure sits mid-junction. The road surface appears damp and reflective. Traffic signals on the left show amber through much of the clip. 2. TRAFFIC AND PEOPLE Steady mixed traffic throughout: numerous motorcycles/scooters (most riders in light/white clothing), several white cars, a red/pink hatchback, a white MPV, a white box van, a white coach-style bus with orange/yellow livery, a blue-and-white bus, and multiple yellow-and-green auto-rickshaws. Pedestrians are visible on the right-hand footpath near the shops but no one clearly crosses the zebra in the sampled frames. Roughly 15-20 vehicles and 20+ riders/pedestrians visible across the clip. 3. VEHICLES IDENTIFIED None identified. (Night footage; body shapes only - hatchback, MPV, van, bus, auto-rickshaw.) 4. REGISTRATIONS READ None legible. 5. NOTABLE EVENTS - Around 30-35s: a motorcycle carrying two riders stops in the middle of the pedestrian crossing area near the right-hand traffic pole, partially obstructing the crossing before moving off. - Around 40-45s: a white car is stationary on/near the zebra crossing at the right of frame before proceeding. - No collisions, falls, or altercations observed. 6. CROWD AND CONGESTION None observed. Traffic flows continuously without queuing; density increases slightly in the final 15 seconds with buses and autos crossing simultaneously. 7. TRAFFIC VIOLATIONS - Motorcycles and cars proceed through the junction while the left-hand signal shows amber/red throughout (visible ~0-55s), suggesting movement against the signal phase on the camera-facing approach. - Vehicles stopping on the zebra crossing at ~30-35s and ~40-45s. 8. PATTERN OF ACTIVITY The dominant traffic is two-wheelers moving through the junction in multiple directions, mixed with cars and auto-rickshaws. Early in the clip traffic is lighter and mostly two-wheeled; from about 40s onward larger vehicles (two buses, a box van, an MPV) pass through and the junction becomes busier, with more simultaneous conflicting movements. Flow remains continuous in all directions with no signal compliance evident on the camera-facing approach. 9. QUIET PERIODS None observed.
================================================================================

Batches:   0%|          | 0/1 [00:00<?, ?it/s]Batches: 100%|██████████| 1/1 [00:00<00:00, 47.36it/s]
2026-09-02 07:08:11,372 - MainProcess - INFO - ✅ Segment #173 stored in MongoDB
✅ Segment #173 from Camera cam14_stream-14 stored in MongoDB
2026-09-02 07:08:11,373 - MainProcess - INFO - [cam14_stream-14] segment 173 looks alert-worthy - asking z-ai/glm-5.3-flash
2026-09-02 07:08:11,373 - MainProcess - INFO - [AI->] https://openrouter.ai/api/v1/chat/completions z-ai/glm-5.3-flash (max_tokens=1200, prompt=4543 chars)
2026-09-02 07:08:11,464 - MainProcess - INFO - ✅ Segment #171 stored in MongoDB
✅ Segment #171 from Camera cam14_stream-14 stored in MongoDB
2026-09-02 07:08:11,464 - MainProcess - INFO - [cam14_stream-14] segment 171 looks alert-worthy - asking z-ai/glm-5.3-flash
2026-09-02 07:08:11,464 - MainProcess - INFO - [AI->] https://openrouter.ai/api/v1/chat/completions z-ai/glm-5.3-flash (max_tokens=1200, prompt=3925 chars)
2026-09-02 07:08:11,765 - MainProcess - INFO - [AI<-] z-ai/glm-5.3-flash ok in 2.3s | prompt_tok=871 completion_tok=7 cost=$6.7075e-05 | 14 chars returned
2026-09-02 07:08:11,765 - MainProcess - INFO - [cam14_stream-14] ✅ Segment #176 complete
2026-09-02 07:08:11,766 - MainProcess - INFO - [cam14_stream-14] #176  2/549 (  0.4%) | seg  66.56s = seek 41.61 (12f, 3.47s/frame) + vlm  20.78 + azure  1.06 + embed  0.69 | avg  33.31s | elapsed 0:01:06 | ETA 5:03:38
2026-09-02 07:08:12,253 - MainProcess - INFO - [AI<-] z-ai/glm-5.3-flash ok in 3.0s | prompt_tok=1025 completion_tok=7 cost=$7.8625e-05 | 14 chars returned
2026-09-02 07:08:12,254 - MainProcess - INFO - [cam14_stream-14] ✅ Segment #174 complete
2026-09-02 07:08:12,254 - MainProcess - INFO - [cam14_stream-14] #174  3/549 (  0.5%) | seg  67.05s = seek 37.33 (12f, 3.11s/frame) + vlm  24.86 + azure  1.20 + embed  0.48 | avg  22.37s | elapsed 0:01:07 | ETA 3:23:32
2026-09-02 07:08:12,561 - MainProcess - INFO - [AI->] https://openrouter.ai/api/v1/chat/completions z-ai/glm-5.3-flash (12 frames, max_tokens=2600)
2026-09-02 07:08:12,950 - MainProcess - INFO - [AI->] https://openrouter.ai/api/v1/chat/completions z-ai/glm-5.3-flash (12 frames, max_tokens=2600)
2026-09-02 07:08:14,088 - MainProcess - INFO - [AI<-] z-ai/glm-5.3-flash ok in 21.8s | prompt_tok=15203 completion_tok=635 cost=$0.000388895 | 2885 chars
2026-09-02 07:08:14,088 - MainProcess - INFO - [VLM] Response received. Content len: 2885, Thinking len: 0
2026-09-02 07:08:14,116 - MainProcess - INFO - [AI<-] z-ai/glm-5.3-flash ok in 2.7s | prompt_tok=962 completion_tok=39 cost=$7.806e-05 | 166 chars returned
2026-09-02 07:08:14,117 - MainProcess - INFO - [cam14_stream-14] segment 171 -> 1 alert(s)
2026-09-02 07:08:14,118 - MainProcess - INFO - [ALERT->] POST https://vmsai2026.vmukti.com:8082/api/Analytics/analytics | an_id=41 cam=ATPL-500395-ARCIS | Traffic Violation: Vehicles proceeding against amber/red signal on camera-facing approach; also vehicles stop

================================================================================
🤖 [cam16_stream-16] SEGMENT VLM - #355 - 2026-06-13 20:42:23
================================================================================
Recorded 13-06-2026 (Saturday) 20:42:23 to 20:42:53 at Visat T Junction, camera cam16_stream-16. 1. SCENE The camera overlooks the Visat T Junction from an elevated position, looking across a zebra crossing and stop line toward a large circular traffic island with an "ONBC"-marked booth/signage at its centre. An illuminated amber traffic signal stands on the left. A blue-and-white advertisement hoarding structure sits on the left footpath. It is night time; the scene is lit by streetlights and vehicle headlights. Lighting is consistent with normal night-time illumination, not infrared. 2. TRAFFIC AND PEOPLE Traffic is light throughout. Observed: one two-wheeler (motorcycle/scooter) crossing the junction near the start; one large white multi-axle bus passing through around the 25s mark; one small white van/minibus moving away from the camera around 45s; and several distant cars whose headlights are visible approaching the junction in the background throughout (at approximately 0s, 35s, 40s, 45s and 50s). A small number of indistinct figures are visible far back near the far side of the junction but no pedestrians cross the zebra in view. No more than three or four moving vehicles are on screen at any one time. 3. VEHICLES IDENTIFIED None identified. It is night; no badges or unmistakable model features are legible on any vehicle. 4. REGISTRATIONS READ None legible. No registration plate on any vehicle in this clip can be read with confidence. 5. NOTABLE EVENTS None observed. All vehicles move through the junction in a normal manner; no collisions, near-misses, stops in live lanes or suspicious behaviour are visible. 6. CROWD AND CONGESTION None observed. The junction remains free-flowing with only isolated vehicles throughout the 55 seconds. 7. TRAFFIC VIOLATIONS None observed. Riders' helmets cannot be confirmed at this distance and lighting, so no helmetless riding is reported; no wrong-way movement, red-light jumping or footpath driving is visible. 8. PATTERN OF ACTIVITY This is a quiet night-time period at the junction. The dominant traffic consists of individual vehicles - a two-wheeler early on, then a large white bus and later a white van - passing through the junction generally moving away from the camera toward and around the island, while occasional cars approach from the far side with headlights on. There is no build-up at any point. Between the early frames (a two-wheeler and a distant car) and the late frames (the white van and distant headlights), the character of the traffic is unchanged: single, spaced-out vehicles and an essentially empty junction between them. Nothing altered the flow during the clip. 9. QUIET PERIODS The junction is empty of moving vehicles for stretches between the vehicles noted above - notably around 5s-20s, from about 30s to 45s, and in the final seconds after 50s. These are the closest the clip comes to quiet periods; short, isolated gaps in otherwise sparse but continuous traffic.
================================================================================

Batches:   0%|          | 0/1 [00:00<?, ?it/s]Batches: 100%|██████████| 1/1 [00:00<00:00, 50.88it/s]
2026-09-02 07:08:14,767 - MainProcess - INFO - [AI->] https://openrouter.ai/api/v1/chat/completions z-ai/glm-5.3-flash (12 frames, max_tokens=2600)
2026-09-02 07:08:15,060 - MainProcess - INFO - ✅ Segment #355 stored in MongoDB
✅ Segment #355 from Camera cam16_stream-16 stored in MongoDB
2026-09-02 07:08:15,060 - MainProcess - INFO - [cam16_stream-16] segment 355 looks alert-worthy - asking z-ai/glm-5.3-flash
2026-09-02 07:08:15,061 - MainProcess - INFO - [AI->] https://openrouter.ai/api/v1/chat/completions z-ai/glm-5.3-flash (max_tokens=1200, prompt=4270 chars)
2026-09-02 07:08:15,886 - MainProcess - INFO - [AI<-] z-ai/glm-5.3-flash ok in 23.6s | prompt_tok=15203 completion_tok=604 cost=$0.001245145 | 2584 chars
2026-09-02 07:08:15,886 - MainProcess - INFO - [VLM] Response received. Content len: 2584, Thinking len: 26

================================================================================
🤖 [cam16_stream-16] SEGMENT VLM - #356 - 2026-06-13 20:43:23
================================================================================
Recorded 13-06-2026 (Saturday) 20:43:23 to 20:43:53 at Visat T Junction, camera cam16_stream-16. 1. SCENE The camera overlooks Visat T Junction P2 (RLVD), a wide T-junction with a zebra crossing in the foreground, a small circular traffic island to the right, traffic signal poles on both sides, and hoardings/illumination in the background. It is night; the scene is lit by streetlights and vehicle headlights, with a dark sky. A petrol pump (IOCL text visible on the island) sits beyond the roundabout. 2. TRAFFIC AND PEOPLE Traffic is very light throughout. Visible: one white/pale car approaching from the distance (~10s in), a red/white car approaching head-on with headlights on (~25s), one motorcycle with a single rider in light-coloured clothing and a blue helmet crossing the zebra from bottom-centre toward the junction (~30s), a white van/mini-truck (~35s), a dark car on the right turning lane (~35s), a light-coloured bus moving away from camera toward the junction (~40s), plus a few distant headlight pairs far up the road. One or two distant pedestrians/street dwellers near the far footpath throughout. No crowds. 3. VEHICLES IDENTIFIED None identified. Night-time lighting and distance prevent reading any make or model badges. 4. REGISTRATIONS READ None legible. (No plate on any passing vehicle is readable in these frames; no reads to record.) 5. NOTABLE EVENTS None observed. All vehicles move steadily; no collisions, near-misses, stops in live lanes, or suspicious activity. 6. CROWD AND CONGESTION None observed. The junction is essentially empty; at most a handful of vehicles on screen at any moment (peak around 35s with three vehicles). 7. TRAFFIC VIOLATIONS None observed. The motorcyclist (~30s) wears a helmet; no wrong-way movement, red-light jumping or obstruction is visible. 8. PATTERN OF ACTIVITY This is a quiet night-time period at the junction with only sporadic vehicles. Most movement flows away from the camera toward the far arm of the T-junction (the white car at ~10s, the bus at ~40s), with occasional approaches from the right side (red/white car ~25s, dark car ~35s). The single motorcyclist at ~30s crosses the zebra from the near side toward the junction. Between the early frames and the late frames there is no meaningful change other than intermittent headlights passing in the distance; the junction remains clear throughout. 9. QUIET PERIODS Short gaps with no moving traffic on camera, notably the opening seconds (0 8s), roughly 42 55s apart from distant headlights far up the road, and brief lulls between each passing vehicle. The scene is never fully inactive due to distant traffic and background illumination.
================================================================================

Batches:   0%|          | 0/1 [00:00<?, ?it/s]Batches: 100%|██████████| 1/1 [00:00<00:00, 53.43it/s]
2026-09-02 07:08:16,644 - MainProcess - INFO - ✅ Segment #356 stored in MongoDB
✅ Segment #356 from Camera cam16_stream-16 stored in MongoDB
2026-09-02 07:08:16,644 - MainProcess - INFO - [cam16_stream-16] segment 356 looks alert-worthy - asking z-ai/glm-5.3-flash
2026-09-02 07:08:16,644 - MainProcess - INFO - [AI->] https://openrouter.ai/api/v1/chat/completions z-ai/glm-5.3-flash (max_tokens=1200, prompt=3969 chars)
2026-09-02 07:08:18,360 - MainProcess - INFO - [AI<-] z-ai/glm-5.3-flash ok in 18.9s | prompt_tok=15203 completion_tok=455 cost=$0.001207895 | 1984 chars
2026-09-02 07:08:18,360 - MainProcess - INFO - [VLM] Response received. Content len: 1984, Thinking len: 0
2026-09-02 07:08:18,380 - MainProcess - INFO - [AI<-] z-ai/glm-5.3-flash ok in 7.0s | prompt_tok=1098 completion_tok=7 cost=$8.41e-05 | 14 chars returned
2026-09-02 07:08:18,382 - MainProcess - INFO - [cam14_stream-14] ✅ Segment #173 complete
2026-09-02 07:08:18,387 - MainProcess - INFO - [cam14_stream-14] #173  4/549 (  0.7%) | seg  73.18s = seek 33.38 (12f, 2.78s/frame) + vlm  30.99 + azure  1.18 + embed  0.46 | avg  18.31s | elapsed 0:01:13 | ETA 2:46:18

================================================================================
🤖 [cam16_stream-16] SEGMENT VLM - #357 - 2026-06-13 20:44:23
================================================================================
Recorded 13-06-2026 (Saturday) 20:44:23 to 20:44:53 at Visat T Junction, camera cam16_stream-16. 1. SCENE The camera overlooks the Visat T Junction (camera label "Visat T Junction P2 RLVD" on the overlay), a wide T-intersection with a zebra crossing in the foreground, a raised triangular island/roundabout area on the right with an ONGC-branded sign and advertising hoardings, and a lit roadside area with hoardings on the left. It is night-time; the scene is illuminated by amber street lighting. Lighting levels fluctuate between frames (lamp cycling/glow), but visibility remains adequate. 2. TRAFFIC AND PEOPLE Traffic is very light throughout. Visible: one light-coloured (white/silver) car with headlights on approaching from the distance around 15s 20s, and one white hatchback-type car crossing the junction away from the camera at approximately 55s. A two-wheeler with a headlight is briefly visible in the far distance around 15s. No pedestrians are distinguishable on the crossing or footpaths in any frame. 3. VEHICLES IDENTIFIED None identified. (Night footage; no badges or model detail legible.) 4. REGISTRATIONS READ None legible. 5. NOTABLE EVENTS None observed. 6. CROWD AND CONGESTION None observed. 7. TRAFFIC VIOLATIONS None observed. 8. PATTERN OF ACTIVITY This is a quiet night-time period at the junction. The road is essentially empty for the first ~15 seconds, after which a single light-coloured car approaches from the far end with headlights on and passes out of view; the junction is again empty through the middle of the clip. In the final seconds a white hatchback-type car enters from the left/background and crosses the junction moving away toward the right. Movement is sparse, free-flowing and in normal directions, with no queues or groups of people at any point. The change from early to late frames is only in which individual vehicle happens to be passing; overall activity remains minimal throughout. 9. QUIET PERIODS Approximately 0s 15s and 25s 50s the junction is completely still, with no moving traffic or pedestrians visible.
================================================================================

Batches:   0%|          | 0/1 [00:00<?, ?it/s]Batches: 100%|██████████| 1/1 [00:00<00:00, 65.49it/s]
2026-09-02 07:08:19,113 - MainProcess - INFO - ✅ Segment #357 stored in MongoDB
✅ Segment #357 from Camera cam16_stream-16 stored in MongoDB
2026-09-02 07:08:19,118 - MainProcess - INFO - [cam16_stream-16] segment 357 looks alert-worthy - asking z-ai/glm-5.3-flash
2026-09-02 07:08:19,118 - MainProcess - INFO - [AI->] https://openrouter.ai/api/v1/chat/completions z-ai/glm-5.3-flash (max_tokens=1200, prompt=3369 chars)
2026-09-02 07:08:19,390 - MainProcess - INFO - [AI<-] z-ai/glm-5.3-flash ok in 2.7s | prompt_tok=981 completion_tok=7 cost=$7.5325e-05 | 14 chars returned
2026-09-02 07:08:19,391 - MainProcess - INFO - [cam16_stream-16] ✅ Segment #356 complete
2026-09-02 07:08:19,445 - MainProcess - INFO - [Memory] RAM: 3.7% | Process: 2.66GB | GPU: 2028/24564MB (8.3%)
2026-09-02 07:08:19,445 - MainProcess - INFO - [cam16_stream-16] #356  7/371 (  1.9%) | seg  35.90s = seek  7.60 (12f, 0.63s/frame) + vlm  24.15 + azure  1.00 + embed  0.26 | avg  10.78s | elapsed 0:01:15 | ETA 1:05:24
2026-09-02 07:08:19,512 - MainProcess - INFO - [AI->] https://openrouter.ai/api/v1/chat/completions z-ai/glm-5.3-flash (12 frames, max_tokens=2600)
2026-09-02 07:08:20,690 - MainProcess - INFO - [AI->] https://openrouter.ai/api/v1/chat/completions z-ai/glm-5.3-flash (12 frames, max_tokens=2600)
2026-09-02 07:08:20,726 - MainProcess - INFO - [AI<-] z-ai/glm-5.3-flash ok in 1.6s | prompt_tok=838 completion_tok=7 cost=$6.076e-05 | 14 chars returned
2026-09-02 07:08:20,726 - MainProcess - INFO - [cam16_stream-16] ✅ Segment #357 complete
2026-09-02 07:08:20,727 - MainProcess - INFO - [cam16_stream-16] #357  8/371 (  2.2%) | seg  26.57s = seek  4.22 (12f, 0.35s/frame) + vlm  19.37 + azure  0.97 + embed  0.25 | avg   9.59s | elapsed 0:01:16 | ETA 0:58:02
2026-09-02 07:08:22,734 - MainProcess - INFO - [AI<-] z-ai/glm-5.3-flash ok in 35.2s | prompt_tok=15205 completion_tok=820 cost=$0.001345375 | 3527 chars
2026-09-02 07:08:22,734 - MainProcess - INFO - [VLM] Response received. Content len: 3527, Thinking len: 0

================================================================================
🤖 [cam14_stream-14] SEGMENT VLM - #172 - 2026-06-13 23:51:20
================================================================================
Recorded 13-06-2026 (Saturday) 23:51:20 to 23:51:50 at Unknown Location (cam14), camera cam14_stream-14. 1. SCENE The camera overlooks a large, signalised road junction with marked zebra crossings, a central traffic island/refuge in the middle of the intersection, and footpaths on the near left and right. The right side of the frame is a lit commercial strip with illuminated shop signage (one sign reads "WESTBANK"), a bus stop area and pedestrians. It is night-time; lighting is a mix of street lamps, vehicle headlights and bright shopfront lighting. A signal pole with an amber indication is visible on the left. 2. TRAFFIC AND PEOPLE Traffic is predominantly two-wheelers (scooters and motorcycles), with a steady flow in both directions across the junction. Visible during the clip: - Several scooters/motorcycles with riders, most without visible helmets (exact counts vary frame to frame; roughly 10-20 two-wheeler movements). - One white bus with blue/orange livery crossing right-to-left around 40s. - One red/orange bus crossing the junction bottom-to-top around 50-55s. - One blue bus crossing left-to-right around 60s. - Yellow-green auto-rickshaws (at least two, around 65s). - Cars: a silver car, a white hatchback, a red car, a dark-coloured car, and a silver/grey SUV near the right side (around 55-65s). - Pedestrians on the right footpath near the shops and bus stop throughout; a small group of 4-6 people on two-wheelers waiting at the bottom-left stop line from about 45s onwards. 3. VEHICLES IDENTIFIED None identified. (Night-time footage; body shapes visible include buses, cars, an SUV and auto-rickshaws, but no make or model badges are legible.) 4. REGISTRATIONS READ None legible. All plates are either angled away, obscured by headlights/blur, or too small to read. 5. NOTABLE EVENTS None observed. Traffic flows through the junction without any visible collision, near-miss, stoppage or suspicious activity. A loose cable/wire can be seen drooping across the junction near the central island throughout, but no incident arises from it. 6. CROWD AND CONGESTION No jams or queues. From about 45s a small group of roughly 4-6 riders waits at the bottom-left stop line while cross traffic passes, dispersing as their flow moves off. Pedestrians gather on the right footpath near the bus stop throughout but do not number more than a dozen or so in view. 7. TRAFFIC VIOLATIONS - Multiple riders are seen without helmets throughout the clip (e.g. scooter riders crossing the junction at 5s, 30s and 50s). - Motorcycles/scooters are observed carrying two occupants on several occasions (e.g. around 55-60s, two riders per bike near the bottom-left). No wrong-way driving, red-light jumping or footpath riding is clearly visible. 8. PATTERN OF ACTIVITY This is a busy urban night junction whose dominant traffic is two-wheelers moving freely in all directions, with buses and cars mixed in at intervals. Early in the clip the junction is comparatively open, with scooters crossing from left to right and right to left and the road largely clear. Around the 40s mark a white coach passes right-to-left, followed at about 50s by a red bus moving away from the camera and a blue bus crossing at about 60s, marking the busiest stretch. In the late frames car traffic (a silver SUV, white and red cars, auto-rickshaws) becomes more prominent, and a small group of riders accumulates at the bottom-left stop line, suggesting a signal cycle holding traffic before release. 9. QUIET PERIODS None observed. There is continuous movement of vehicles or pedestrians in every sampled frame across the 55 seconds.
================================================================================

Batches:   0%|          | 0/1 [00:00<?, ?it/s]Batches: 100%|██████████| 1/1 [00:00<00:00, 21.00it/s]
2026-09-02 07:08:23,715 - MainProcess - INFO - ✅ Segment #172 stored in MongoDB
✅ Segment #172 from Camera cam14_stream-14 stored in MongoDB
2026-09-02 07:08:23,716 - MainProcess - INFO - [cam14_stream-14] segment 172 looks alert-worthy - asking z-ai/glm-5.3-flash
2026-09-02 07:08:23,716 - MainProcess - INFO - [AI->] https://openrouter.ai/api/v1/chat/completions z-ai/glm-5.3-flash (max_tokens=1200, prompt=4928 chars)
2026-09-02 07:08:25,866 - MainProcess - INFO - [AI<-] z-ai/glm-5.3-flash ok in 2.1s | prompt_tok=1206 completion_tok=49 cost=$9.886e-05 | 112 chars returned
2026-09-02 07:08:25,866 - MainProcess - INFO - [cam14_stream-14] segment 172 -> 1 alert(s)
2026-09-02 07:08:25,867 - MainProcess - INFO - [ALERT->] POST https://vmsai2026.vmukti.com:8082/api/Analytics/analytics | an_id=41 cam=ATPL-500395-ARCIS | Traffic Violation: Multiple riders without helmets at junction (5s, 30s, 50s)
2026-09-02 07:08:28,947 - MainProcess - INFO - [AI->] https://openrouter.ai/api/v1/chat/completions z-ai/glm-5.3-flash (12 frames, max_tokens=2600)
2026-09-02 07:08:29,207 - MainProcess - INFO - [AI->] https://openrouter.ai/api/v1/chat/completions z-ai/glm-5.3-flash (12 frames, max_tokens=2600)
2026-09-02 07:08:29,663 - MainProcess - INFO - [AI->] https://openrouter.ai/api/v1/chat/completions z-ai/glm-5.3-flash (12 frames, max_tokens=2600)
2026-09-02 07:08:30,168 - MainProcess - INFO - [AI<-] z-ai/glm-5.3-flash ok in 15.1s | prompt_tok=1019 completion_tok=7 cost=$7.4335e-05 | 14 chars returned
2026-09-02 07:08:30,168 - MainProcess - INFO - [cam16_stream-16] ✅ Segment #355 complete
2026-09-02 07:08:30,169 - MainProcess - INFO - [cam16_stream-16] #355  9/371 (  2.4%) | seg  46.95s = seek  7.84 (12f, 0.65s/frame) + vlm  22.33 + azure  1.05 + embed  0.47 | avg   9.58s | elapsed 0:01:26 | ETA 0:57:46
2026-09-02 07:08:35,574 - MainProcess - INFO - [AI->] https://openrouter.ai/api/v1/chat/completions z-ai/glm-5.3-flash (12 frames, max_tokens=2600)
2026-09-02 07:08:36,370 - MainProcess - INFO - [AI<-] z-ai/glm-5.3-flash ok in 23.8s | prompt_tok=15203 completion_tok=569 cost=$0.001236395 | 2395 chars
2026-09-02 07:08:36,370 - MainProcess - INFO - [VLM] Response received. Content len: 2395, Thinking len: 38

================================================================================
🤖 [cam16_stream-16] SEGMENT VLM - #358 - 2026-06-13 20:45:23
================================================================================
Recorded 13-06-2026 (Saturday) 20:45:23 to 20:45:53 at Visat T Junction, camera cam16_stream-16. 1. SCENE The camera overlooks Visat T Junction (overlay text "Visat T Junction P2 RLVD"), a signalised T-junction with a zebra crossing in the foreground, a raised circular traffic island with "ONGC" signage to the right, a large illuminated billboard at the far end of the road, street lighting and traffic signals on poles on both sides. It is night; the scene is lit by street lamps and vehicle headlights, with ambient light typical of an urban junction after dark. 2. TRAFFIC AND PEOPLE Light, free-flowing traffic throughout. Visible: one white/light-coloured car approaching and turning at the junction (around 0 15s, headlights flaring at 15s); one blue/white bus travelling away from camera (25 35s); one white/light van or truck travelling toward and away from camera (30 40s); several motorcycles/scooters, including one rider in light/white clothing crossing or riding near the right of the zebra crossing from about 30s to 45s, and one or two scooter headlight glows at the right edge around 40s; a distant truck near the billboard around 40s; a distant bus or large vehicle passing at 40 45s. One or two pedestrians are faintly visible on the distant left footpath in the early frames. No crowds. 3. VEHICLES IDENTIFIED None identified. Night footage and distance prevent any make or model from being read. 4. REGISTRATIONS READ None legible. 5. NOTABLE EVENTS None observed. Traffic moves normally; no collisions, stops in live lanes, or suspicious activity seen. 6. CROWD AND CONGESTION None observed. The junction remains largely empty for the full 55 seconds. 7. TRAFFIC VIOLATIONS None observed. Helmets on riders cannot be verified at this distance and lighting, so none are reported. 8. PATTERN OF ACTIVITY A quiet night-time junction with only light, intermittent traffic. Early frames show an oncoming car whose headlights dominate around 15s. From 25s to 40s a bus and a light van/truck pass through the junction, and a motorcyclist in light clothing moves along the right side of the crossing. After about 45s activity tails off further, and the final seconds show an almost empty junction with only distant headlights. Traffic flows smoothly in both directions with no dominant volume. 9. QUIET PERIODS Roughly 5 15s (junction empty apart from the approaching car's headlight glow) and 45s to the end of the clip, when no moving traffic is visible in the frame.
================================================================================

Batches:   0%|          | 0/1 [00:00<?, ?it/s]Batches: 100%|██████████| 1/1 [00:00<00:00, 51.78it/s]
2026-09-02 07:08:37,118 - MainProcess - INFO - ✅ Segment #358 stored in MongoDB
✅ Segment #358 from Camera cam16_stream-16 stored in MongoDB
2026-09-02 07:08:37,118 - MainProcess - INFO - [cam16_stream-16] segment 358 looks alert-worthy - asking z-ai/glm-5.3-flash
2026-09-02 07:08:37,119 - MainProcess - INFO - [AI->] https://openrouter.ai/api/v1/chat/completions z-ai/glm-5.3-flash (max_tokens=1200, prompt=3780 chars)
2026-09-02 07:08:37,964 - MainProcess - INFO - [AI<-] z-ai/glm-5.3-flash ok in 8.3s | prompt_tok=15205 completion_tok=647 cost=$0.00260425 | 2928 chars
2026-09-02 07:08:37,964 - MainProcess - INFO - [VLM] Response received. Content len: 2928, Thinking len: 0

================================================================================
🤖 [cam14_stream-14] SEGMENT VLM - #180 - 2026-06-13 23:59:20
================================================================================
Recorded 13-06-2026 (Saturday) 23:59:20 to 23:59:50 at Unknown Location (cam14), camera cam14_stream-14. 1. SCENE The camera overlooks a large, signalised urban road junction at night, lit by streetlights and bright commercial signage. An illuminated "WESTBANK" sign is visible on the right-hand side, along with other shopfronts and a lit billboard. Zebra crossings, a central traffic island/refuge and marked stop lines are visible on the carriageway. Conditions are dark with artificial lighting only; the road surface shows light reflections, suggesting it may be damp. 2. TRAFFIC AND PEOPLE Traffic is steady and mixed throughout: multiple white cars/SUVs, a white van, a white bus, a silver/grey sedan, a dark hatchback, a dark red/maroon car, a yellow auto-rickshaw, a blue/green three-wheeler, and numerous motorcycles and scooters with riders in white, red and dark clothing. Several pedestrians are visible, including a person in dark clothing crossing near the centre early in the clip, a person in a pink/red top crossing left of centre around 25 30s, and small groups of people on the far-right footpath near the shops throughout. A large bus occupies the foreground at the start, moving out of view by about 10s. 3. VEHICLES IDENTIFIED None identified. (Night footage; no badges or unmistakable body-shape identifications possible.) 4. REGISTRATIONS READ None legible. (No registration plates can be read at this resolution and angle; any apparent plates are single automatic reads only, not verified against any registry.) 5. NOTABLE EVENTS - Around 0 5s, a small group of people stands close to a stationary white van/car near the central island before dispersing as traffic moves; this appears to be ordinary interaction but is noted. - Around 25 30s, a white van and a motorcycle pass very close to one another near the central island; no contact is visible. - No collisions, falls, unattended items or other alert-worthy events observed. 6. CROWD AND CONGESTION No build-ups or queues. Traffic flows freely in all directions throughout; the busiest moment is around 0 10s when the foreground bus and several cars briefly crowd the near side of the junction. 7. TRAFFIC VIOLATIONS None observed. Vehicles and riders are seen proceeding in the correct directions; no helmetless riders can be confirmed at this resolution. 8. PATTERN OF ACTIVITY This is a busy commercial junction with continuous, free-flowing multi-directional traffic dominated by two-wheelers and white cars. The clip opens with a large bus and a cluster of cars near the foreground, which clear within the first 10 seconds; thereafter the pattern is steady circulation around the central island. Toward the end of the clip the mix shifts toward two-wheelers and auto-rickshaws (a yellow auto-rickshaw crosses the foreground around 45 50s), and pedestrian activity remains confined to the right-hand footpath and occasional crossings. 9. QUIET PERIODS None observed. The junction remains active with moving traffic for the full 55 seconds.
================================================================================

Batches:   0%|          | 0/1 [00:00<?, ?it/s]Batches: 100%|██████████| 1/1 [00:00<00:00, 44.72it/s]
2026-09-02 07:08:38,918 - MainProcess - INFO - ✅ Segment #180 stored in MongoDB
✅ Segment #180 from Camera cam14_stream-14 stored in MongoDB
2026-09-02 07:08:38,919 - MainProcess - INFO - [cam14_stream-14] segment 180 looks alert-worthy - asking z-ai/glm-5.3-flash
2026-09-02 07:08:38,919 - MainProcess - INFO - [AI->] https://openrouter.ai/api/v1/chat/completions z-ai/glm-5.3-flash (max_tokens=1200, prompt=4329 chars)
2026-09-02 07:08:40,012 - MainProcess - INFO - [AI<-] z-ai/glm-5.3-flash ok in 27.1s | prompt_tok=15203 completion_tok=645 cost=$0.001255395 | 2802 chars
2026-09-02 07:08:40,012 - MainProcess - INFO - [VLM] Response received. Content len: 2802, Thinking len: 0

================================================================================
🤖 [cam16_stream-16] SEGMENT VLM - #359 - 2026-06-13 20:46:23
================================================================================
Recorded 13-06-2026 (Saturday) 20:46:23 to 20:46:53 at Visat T Junction, camera cam16_stream-16. 1. SCENE The camera overlooks the Visat T Junction (camera label "Visat T Junction P2 RLVD"), a wide signalised T-junction with a zebra crossing in the foreground, a small central island/roundabout area to the right bearing signage including the text "ongc", street lighting on all approaches, and hoardings/buildings on the left. It is night time; the scene is lit by amber street lights and vehicle headlamps, with typical low-light CCTV grain. 2. TRAFFIC AND PEOPLE Light, free-flowing night traffic throughout. Visible: one car approaching head-on with headlights on (0s); a white car on the far right arm (0s); a bus or large vehicle moving left-to-right on the right arm (5 10s); two-wheeler headlamps approaching in the distance (15s); a scooter with two riders in light-coloured clothing crossing the junction from right to left across the pedestrian crossing (20s, seen mid-crossing on the right side); a white SUV/hatchback turning across the junction from left to right across frame (30s); a motorcycle with rider in white shirt entering from the bottom of frame towards the junction (35 40s); another two-wheeler crossing right-to-left (40s); a dark vehicle entering bottom-right corner (40s); a car with headlights flaring approaching the camera (45s); isolated two-wheelers on the far approaches thereafter. No pedestrians other than riders are clearly distinguishable. 3. VEHICLES IDENTIFIED None identified. The lighting and distance prevent any make, model or badge from being read. 4. REGISTRATIONS READ None legible. 5. NOTABLE EVENTS None observed. All vehicles move normally through or around the junction; no collisions, near-misses, stops in live lanes or unattended items are seen. 6. CROWD AND CONGESTION None observed. Traffic is sparse throughout; no queues form at any point. 7. TRAFFIC VIOLATIONS None observed. Riders on the visible two-wheelers (20s, 35 40s) appear to be wearing helmets; no wrong-way movement or red-light jumping is clearly discernible. 8. PATTERN OF ACTIVITY This is a quiet night-time period at the junction. Traffic is dominated by two-wheelers and a small number of cars moving individually through the crossing in both directions, with the right-hand arm carrying occasional larger vehicles such as a bus around the 5 10 second mark. Early frames show a head-on car and right-arm traffic; mid-clip, a white SUV turns across the junction and two-wheelers cross the zebra; late frames return to isolated vehicles and a largely empty carriageway. No sustained flow or build-up develops at any point. 9. QUIET PERIODS Roughly 5s to 15s, and again from about 45s to the end of the clip, the junction is essentially empty with only distant vehicles on the far approaches; the remainder of the clip has only intermittent single-vehicle movements.
================================================================================

Batches:   0%|          | 0/1 [00:00<?, ?it/s]Batches: 100%|██████████| 1/1 [00:00<00:00, 44.92it/s]
2026-09-02 07:08:40,758 - MainProcess - INFO - ✅ Segment #359 stored in MongoDB
✅ Segment #359 from Camera cam16_stream-16 stored in MongoDB
2026-09-02 07:08:40,758 - MainProcess - INFO - [cam16_stream-16] segment 359 looks alert-worthy - asking z-ai/glm-5.3-flash
2026-09-02 07:08:40,758 - MainProcess - INFO - [AI->] https://openrouter.ai/api/v1/chat/completions z-ai/glm-5.3-flash (max_tokens=1200, prompt=4187 chars)
2026-09-02 07:08:41,821 - MainProcess - INFO - [AI<-] z-ai/glm-5.3-flash ok in 2.9s | prompt_tok=1033 completion_tok=7 cost=$7.9225e-05 | 14 chars returned
2026-09-02 07:08:41,821 - MainProcess - INFO - [cam14_stream-14] ✅ Segment #180 complete
2026-09-02 07:08:41,851 - MainProcess - INFO - [Memory] RAM: 3.6% | Process: 2.91GB | GPU: 1122/24564MB (4.6%)
2026-09-02 07:08:41,851 - MainProcess - INFO - [cam14_stream-14] #180  5/549 (  0.9%) | seg  23.44s = seek  7.88 (12f, 0.66s/frame) + vlm   8.81 + azure  1.04 + embed  0.45 | avg  19.34s | elapsed 0:01:36 | ETA 2:55:20
2026-09-02 07:08:42,123 - MainProcess - INFO - [AI<-] z-ai/glm-5.3-flash ok in 1.4s | prompt_tok=1028 completion_tok=7 cost=$7.501e-05 | 14 chars returned
2026-09-02 07:08:42,124 - MainProcess - INFO - [cam16_stream-16] ✅ Segment #359 complete
2026-09-02 07:08:42,124 - MainProcess - INFO - [cam16_stream-16] #359  10/371 (  2.7%) | seg  40.83s = seek 10.46 (12f, 0.87s/frame) + vlm  27.57 + azure  1.03 + embed  0.24 | avg   9.81s | elapsed 0:01:38 | ETA 0:59:03
2026-09-02 07:08:44,289 - MainProcess - ERROR - [ALERT!!] [cam14_stream-14] POST failed: timed out | Traffic Violation: Vehicles proceeding against amber/red signal on camera-facing approach; also vehicles stop
2026-09-02 07:08:44,290 - MainProcess - INFO - [cam14_stream-14] ✅ Segment #171 complete
2026-09-02 07:08:44,290 - MainProcess - INFO - [cam14_stream-14] #171  6/549 (  1.1%) | seg  99.10s = seek 36.78 (12f, 3.06s/frame) + vlm  28.33 + azure  0.77 + embed  0.24 | avg  16.52s | elapsed 0:01:39 | ETA 2:29:32
2026-09-02 07:08:44,889 - MainProcess - INFO - [AI<-] z-ai/glm-5.3-flash ok in 38.1s | prompt_tok=15205 completion_tok=755 cost=$0.001329125 | 3440 chars
2026-09-02 07:08:44,890 - MainProcess - INFO - [VLM] Response received. Content len: 3440, Thinking len: 0
2026-09-02 07:08:45,118 - MainProcess - INFO - [AI<-] z-ai/glm-5.3-flash ok in 8.0s | prompt_tok=943 completion_tok=68 cost=$8.7725e-05 | 14 chars returned
2026-09-02 07:08:45,118 - MainProcess - INFO - [cam16_stream-16] ✅ Segment #358 complete
2026-09-02 07:08:45,122 - MainProcess - INFO - [cam16_stream-16] #358  11/371 (  3.0%) | seg  43.98s = seek 10.11 (12f, 0.84s/frame) + vlm  24.31 + azure  1.14 + embed  0.25 | avg   9.20s | elapsed 0:01:41 | ETA 0:55:10

================================================================================
🤖 [cam14_stream-14] SEGMENT VLM - #177 - 2026-06-13 23:56:20
================================================================================
Recorded 13-06-2026 (Saturday) 23:56:20 to 23:56:50 at Unknown Location (cam14), camera cam14_stream-14. 1. SCENE The camera overlooks a large, signal-controlled road junction (a "DELIGHT P1 RLVD" intersection per the on-screen overlay text) at night. The junction has a small central island/refuge in the middle, marked zebra crossings on all approaches, a traffic light on a pole at the right, and a median strip with black-and-yellow kerbing at bottom left. A lit retail area on the far side carries a clearly legible "WESTBANK" sign, and a "Coca-Cola" branded kiosk/board stands near the centre. Lighting is by street lamps and shop fronts; the scene is dark with strong headlight glare. Road surface appears slightly reflective, possibly damp. 2. TRAFFIC AND PEOPLE Steady mixed traffic throughout: numerous motorcycles/scooters (most riders in white or light-coloured shirts, some without visible helmets), at least three yellow-and-green auto-rickshaws (around 25s, 40s and 50s), a white van (around 45s, travelling left to right on the far side), a white SUV-type vehicle (around 35s and again near 55s), and several white and dark-coloured cars. Pedestrians are visible gathered on the far pavement near the shops throughout; small numbers cross or wait near the crossings. One pedestrian in a white top crosses the foreground zebra on foot around 45-50s. No large crowds on the roadway itself. 3. VEHICLES IDENTIFIED None identified. Night-time lighting and glare prevent reliable make/model reading; body types only are distinguishable. 4. REGISTRATIONS READ None legible. Plates are either unlit, angled away or obscured by glare; no registration can be confidently read. (Any partial marks visible are single automatic reads at most and not verified against any registry.) 5. NOTABLE EVENTS - Around 40s, a yellow-and-green auto-rickshaw crosses the junction on an apparently conflicting path close to cross-traffic, but no contact or evasive manoeuvre is clearly visible. - Throughout, motorcycles filter between cars at the junction in a manner typical of the location; no collision, near-miss requiring emergency action, or suspicious behaviour is clearly observable. Otherwise none observed. 6. CROWD AND CONGESTION No queues or jams. Traffic flows freely through the junction in all directions for the full 55 seconds. Groups of pedestrians (roughly a dozen or more) stand on the far sidewalk near the shops throughout, consistent with normal evening footfall. 7. TRAFFIC VIOLATIONS - Possible helmetless riders among the motorcyclists at several points (e.g. around 15s, 40s and 50s, riders with uncovered heads visible), though image resolution limits certainty. No wrong-way driving, red-light jumping or other clear violations observed. 8. PATTERN OF ACTIVITY This is a busy urban junction at night with continuous, free-flowing traffic dominated by two-wheelers, punctuated by cars, auto-rickshaws and one van. Movement is multi-directional, circulating around the central island, with no single dominant flow. Early in the clip a white hatchback moves away from the camera and a dark car crosses with headlights on; mid-clip a dark red/dark car approaches the camera and stops briefly near the crossing before the flow shifts; late in the clip a white SUV crosses the junction and further two-wheelers pass through. Nothing fundamental changes over the 55 seconds the junction remains consistently busy and orderly. 9. QUIET PERIODS None observed. Traffic is moving through the junction in every sampled moment.
================================================================================

Batches:   0%|          | 0/1 [00:00<?, ?it/s]Batches: 100%|██████████| 1/1 [00:00<00:00, 41.97it/s]
2026-09-02 07:08:45,842 - MainProcess - INFO - ✅ Segment #177 stored in MongoDB
✅ Segment #177 from Camera cam14_stream-14 stored in MongoDB
2026-09-02 07:08:45,842 - MainProcess - INFO - [cam14_stream-14] segment 177 looks alert-worthy - asking z-ai/glm-5.3-flash
2026-09-02 07:08:45,843 - MainProcess - INFO - [AI->] https://openrouter.ai/api/v1/chat/completions z-ai/glm-5.3-flash (max_tokens=1200, prompt=4839 chars)
2026-09-02 07:08:46,794 - MainProcess - INFO - [AI<-] z-ai/glm-5.3-flash ok in 1.0s | prompt_tok=1139 completion_tok=24 cost=$0.00018285 | 14 chars returned
2026-09-02 07:08:46,794 - MainProcess - INFO - [cam14_stream-14] ✅ Segment #177 complete
2026-09-02 07:08:46,800 - MainProcess - INFO - [cam14_stream-14] #177  7/549 (  1.3%) | seg  48.31s = seek  7.00 (12f, 0.58s/frame) + vlm  38.60 + azure  1.14 + embed  0.45 | avg  14.52s | elapsed 0:01:41 | ETA 2:11:10
2026-09-02 07:08:52,398 - MainProcess - INFO - [AI<-] z-ai/glm-5.3-flash ok in 32.9s | prompt_tok=15205 completion_tok=754 cost=$0.001282795 | 3384 chars
2026-09-02 07:08:52,398 - MainProcess - INFO - [VLM] Response received. Content len: 3384, Thinking len: 0
2026-09-02 07:08:52,416 - MainProcess - INFO - [AI->] https://openrouter.ai/api/v1/chat/completions z-ai/glm-5.3-flash (12 frames, max_tokens=2600)
2026-09-02 07:08:52,789 - MainProcess - INFO - [AI<-] z-ai/glm-5.3-flash ok in 23.6s | prompt_tok=15203 completion_tok=567 cost=$0.001235895 | 2422 chars
2026-09-02 07:08:52,789 - MainProcess - INFO - [VLM] Response received. Content len: 2422, Thinking len: 0

================================================================================
🤖 [cam14_stream-14] SEGMENT VLM - #178 - 2026-06-13 23:57:20
================================================================================
Recorded 13-06-2026 (Saturday) 23:57:20 to 23:57:50 at Unknown Location (cam14), camera cam14_stream-14. 1. SCENE The camera overlooks a large, signalised urban road junction at night, with a small traffic island/refuge in the centre and zebra crossings on all approaches. Roads run away to the upper-left, upper-right and lower-left of frame. Illuminated shopfronts line the right side, including a prominent "WESTBANK" sign, with lit advertising hoardings and street lighting throughout. A lit traffic signal pole stands on the near-right island; its signal shows amber/yellow through most of the clip. Visibility is fair, aided by street and shop lighting. 2. TRAFFIC AND PEOPLE Traffic is predominantly two-wheeled: dozens of motorcycles and scooters with riders in light and dark clothing, some two-up. Also present: several yellow-and-green auto-rickshaws (at least 4 5 across the clip), a dark/black saloon car, a white hatchback, a dark SUV/car, a white van/light truck, a red car and a white car further up the road, and two buses appearing near the end of the clip. Pedestrians are visible in numbers on the right-hand footpaths near the shops, and a few people are standing or waiting near the right edge of the crossing. A rider in a bright red top crosses the junction around 0s and again around 35s (likely different riders). 3. VEHICLES IDENTIFIED None identified. Night-time lighting means no make, model or body badges are legible. 4. REGISTRATIONS READ None legible. Plates are either not visible or too blurred by motion and night exposure. (Any reads would be single automatic reads, not verified against any registry.) 5. NOTABLE EVENTS - At approximately 40s, a large truck/lorry (its canvas-covered load visible) enters from the bottom of frame, crossing the junction across the pedestrian crossing area; it partially blocks the view of the crossing through about 45s. It appears to pass through without stopping. - No collisions, near-misses, falls or unattended items observed. The junction appears disorderly but free-flowing throughout. 6. CROWD AND CONGESTION No queues or jams. Pedestrian groups of roughly 10 20 people linger on the right-hand footpath near the shops throughout. Traffic flow increases noticeably from around 45s onwards, when buses and more cars enter, but nothing binds up. 7. TRAFFIC VIOLATIONS - Two-wheelers and autos are observed weaving across the junction in multiple directions simultaneously throughout the clip, which is consistent with red-light/non-compliant movement given the amber signal showing from about 10s onward however, the far-side signal state is not confirmable, so this is recorded as possible rather than definite. - Some riders do not appear to be wearing helmets (e.g. scooter riders around 25s and 40s), but helmet use cannot be conclusively determined at this resolution. 8. PATTERN OF ACTIVITY This is a busy commercial junction dominated by two-wheeler traffic moving in all directions, mixed with auto-rickshaws. In the first half of the clip the flow is lighter and mostly two-wheelers; in the second half, from roughly 40s, larger vehicles (a truck, then a white hatchback, a van, and finally two buses and several cars) pass through, raising traffic volume. Pedestrian presence on the right footpath stays constant. The clip ends with the heaviest, most mixed traffic of the sequence. 9. QUIET PERIODS None observed. The junction has moving traffic in every sampled frame across the 55 seconds.
================================================================================

Batches:   0%|          | 0/1 [00:00<?, ?it/s]Batches: 100%|██████████| 1/1 [00:00<00:00, 40.41it/s]
2026-09-02 07:08:53,196 - MainProcess - INFO - [AI->] https://openrouter.ai/api/v1/chat/completions z-ai/glm-5.3-flash (12 frames, max_tokens=2600)

================================================================================
🤖 [cam16_stream-16] SEGMENT VLM - #361 - 2026-06-13 20:48:23
================================================================================
Recorded 13-06-2026 (Saturday) 20:48:23 to 20:48:53 at Visat T Junction, camera cam16_stream-16. 1. SCENE The camera overlooks the Visat T Junction (overlay reads "Visat T Junction P2 RLVD"), a wide T-junction with a zebra crossing in the foreground, a traffic island with an "ONGC"-branded display on the right, and a signal pole and small blue hoarding structure on the left. It is night time; the scene is lit by streetlights, with vehicle headlights creating glare and motion streaks on several frames. 2. TRAFFIC AND PEOPLE Traffic is light throughout. Visible: one red/dark car crossing the junction (~15s in), one white tanker truck (~35 40s), one motorcycle with a rider (~30s), a car with headlights on approaching from the far road (~15s and again ~35 40s), a motorcycle entering from the bottom right (~45s), and distant vehicles with headlights at the top of the frame throughout. One rider on a motorcycle is seen mid-junction around 30s; no pedestrians are clearly identifiable. 3. VEHICLES IDENTIFIED None identified. (Night footage; no badges or unmistakable body shapes legible. A white cylindrical tanker truck is visible ~35 40s but its make/model cannot be read.) 4. REGISTRATIONS READ None legible. (No plates are resolvable at any point in this night clip.) 5. NOTABLE EVENTS None observed. All vehicles move through or past the junction normally; no collisions, stops in live lanes, or suspicious activity seen. 6. CROWD AND CONGESTION None observed. The junction remains largely empty; at most a handful of vehicles at any moment. 7. TRAFFIC VIOLATIONS None observed. Headlights of the far approach suggest the signal may be red for that arm at times, but no vehicle is clearly seen jumping the signal. 8. PATTERN OF ACTIVITY This is a quiet night-time scene at a major junction. The dominant movement is low-volume through traffic crossing the junction in both directions, with occasional headlights waiting at the far approach. Early in the clip the junction is empty; a red car crosses around 15s, followed by a lone motorcycle about 30s, a white tanker truck around 35 40s, and a motorcycle from the bottom right around 45s. By the final seconds the junction is again effectively clear, with only distant headlight glare. Nothing accumulates; traffic flows freely. 9. QUIET PERIODS The junction is empty of moving traffic at the start of the clip (0 15s) and again from roughly 50s to the end; brief empty gaps also occur between individual vehicle crossings (e.g. ~20 30s, ~40 45s).
================================================================================

Batches:   0%|          | 0/1 [00:00<?, ?it/s]Batches: 100%|██████████| 1/1 [00:00<00:00, 52.88it/s]
2026-09-02 07:08:53,356 - MainProcess - INFO - ✅ Segment #178 stored in MongoDB
✅ Segment #178 from Camera cam14_stream-14 stored in MongoDB
2026-09-02 07:08:53,357 - MainProcess - INFO - [cam14_stream-14] segment 178 looks alert-worthy - asking z-ai/glm-5.3-flash
2026-09-02 07:08:53,357 - MainProcess - INFO - [AI->] https://openrouter.ai/api/v1/chat/completions z-ai/glm-5.3-flash (max_tokens=1200, prompt=4783 chars)
2026-09-02 07:08:53,910 - MainProcess - INFO - [AI<-] z-ai/glm-5.3-flash ok in 25.0s | prompt_tok=15203 completion_tok=619 cost=$0.001248895 | 2642 chars
2026-09-02 07:08:53,910 - MainProcess - INFO - [VLM] Response received. Content len: 2642, Thinking len: 30
2026-09-02 07:08:53,938 - MainProcess - INFO - ✅ Segment #361 stored in MongoDB
✅ Segment #361 from Camera cam16_stream-16 stored in MongoDB
2026-09-02 07:08:53,938 - MainProcess - INFO - [cam16_stream-16] segment 361 looks alert-worthy - asking z-ai/glm-5.3-flash
2026-09-02 07:08:53,938 - MainProcess - INFO - [AI->] https://openrouter.ai/api/v1/chat/completions z-ai/glm-5.3-flash (max_tokens=1200, prompt=3807 chars)

================================================================================
🤖 [cam16_stream-16] SEGMENT VLM - #362 - 2026-06-13 20:49:23
================================================================================
Recorded 13-06-2026 (Saturday) 20:49:23 to 20:49:53 at Visat T Junction, camera cam16_stream-16. 1. SCENE The camera overlooks Visat T Junction (overlay text "Visat T Junction P2 RLVD"), a wide signalised T-junction with a zebra crossing in the foreground, a landscaped triangular island marked "ONGC" on the right, a hoarding at the far end of the main road, and traffic signals on the left and right poles. It is night; the scene is lit by streetlights and vehicle headlamps, with low-light/IR image quality. 2. TRAFFIC AND PEOPLE Traffic is light throughout. Visible: a motorcycle with two riders travelling away from camera at the start (0 5s); a two-wheeler with rider(s) in light/white clothing crossing the junction toward camera and passing bottom-right around 10s; a tanker truck approaching from the far end around 15s and passing left/out of frame; a white van/ambulance-type van crossing right-to-left across the junction around 40s; a car passing behind the island with bright headlamps around 45 50s. No pedestrians on the crossing. Hoarding text is partly legible ("Gwalia..." style lettering) but not reliably readable. 3. VEHICLES IDENTIFIED None identified. All vehicles appear only as headlight glare, tail lights or blurred night shapes; no badge or unmistakable body shape confirms a make or model. 4. REGISTRATIONS READ None legible. No plate on any vehicle is readable at this resolution and angle. Any plate text shown above would be a single automatic read, not verified against any registry however, none were readable at all. 5. NOTABLE EVENTS None observed. All vehicles move steadily through the junction; no collisions, near-misses, stops in live lanes or unattended objects. 6. CROWD AND CONGESTION None observed. The junction is free-flowing throughout; at no point are more than one or two vehicles in frame. 7. TRAFFIC VIOLATIONS None observed. No wrong-way movement, red-light jumping, helmetless riders (helmets cannot be confirmed at this resolution) or footpath driving is visible. 8. PATTERN OF ACTIVITY This is a quiet night-time period at the junction with sparse, intermittent traffic. Movements alternate between vehicles approaching from the far end of the main road (motorcycle early, tanker truck mid-clip) and cross-traffic moving across the junction (two-wheeler and white van). The second half of the clip is noticeably quieter than the first after about 25s the main road is mostly empty apart from distant headlights, with brief vehicles at 40s and 45 50s. No dominant flow direction; traffic is light in all directions. 9. QUIET PERIODS Approximately 20 35s and 50 55s the junction is empty of moving traffic, with only distant headlights and static street furniture visible.
================================================================================

Batches:   0%|          | 0/1 [00:00<?, ?it/s]Batches: 100%|██████████| 1/1 [00:00<00:00, 50.82it/s]
2026-09-02 07:08:54,513 - MainProcess - INFO - [AI<-] z-ai/glm-5.3-flash ok in 39.7s | prompt_tok=15203 completion_tok=548 cost=$0.001231145 | 2436 chars
2026-09-02 07:08:54,513 - MainProcess - INFO - [VLM] Response received. Content len: 2436, Thinking len: 0
2026-09-02 07:08:54,663 - MainProcess - INFO - ✅ Segment #362 stored in MongoDB
✅ Segment #362 from Camera cam16_stream-16 stored in MongoDB
2026-09-02 07:08:54,663 - MainProcess - INFO - [cam16_stream-16] segment 362 looks alert-worthy - asking z-ai/glm-5.3-flash
2026-09-02 07:08:54,663 - MainProcess - INFO - [AI->] https://openrouter.ai/api/v1/chat/completions z-ai/glm-5.3-flash (max_tokens=1200, prompt=4023 chars)

================================================================================
🤖 [cam16_stream-16] SEGMENT VLM - #360 - 2026-06-13 20:47:23
================================================================================
Recorded 13-06-2026 (Saturday) 20:47:23 to 20:47:53 at Visat T Junction, camera cam16_stream-16. 1. SCENE The camera overlooks the Visat T Junction (camera label "Visat T Junction P2 RLVD") from an elevated position, looking across a marked zebra crossing toward a large circular island/roundabout with an ONGC sign and lit advertisement boards on the far side. Roadside structures and a blue hoarding sit on the left. It is night; the scene is lit by streetlights and vehicle headlights, with some glare from oncoming lamps. 2. TRAFFIC AND PEOPLE Traffic is very light throughout. Visible: oncoming vehicle headlights in the distance near the centre and right approaches at various points; a dark heavy vehicle (truck/lorry type) entering from the right and exiting the frame at about 33s; a two-wheeler (motorcycle/scooter) with a bright tail light crossing the zebra area from the centre toward the far side at about 43s; a distant car with headlights on approaching from the far side around 45-48s; a small number of pedestrians visible as distant figures near the far-left opening (visible around 25s onward, remaining in the distance). No crowds, queues or parked vehicles in the foreground. 3. VEHICLES IDENTIFIED None identified. 4. REGISTRATIONS READ None legible. (No plate on any vehicle in this clip is readable; any listed would be single automatic reads, not verified against any registry.) 5. NOTABLE EVENTS None observed. Traffic is sparse and moves normally; the heavy vehicle at ~33s and the two-wheeler at ~43s both transit the junction without incident. 6. CROWD AND CONGESTION None observed. 7. TRAFFIC VIOLATIONS None observed. (Distance and image quality prevent confident assessment of helmets or rider counts.) 8. PATTERN OF ACTIVITY This is a quiet night-time period at the junction. The dominant activity is occasional through-movement: distant headlights approach from the far side and right, a heavy vehicle sweeps across from the right around 33s, and a single two-wheeler crosses the pedestrian crossing toward the camera side around 43s. The foreground lanes and zebra crossing remain essentially empty from start to finish; the only change between early and late frames is a slight increase in distant vehicle movement and a few pedestrians appearing near the far-left opening in the second half of the clip. 9. QUIET PERIODS Roughly 0s-30s the junction is almost entirely empty apart from distant headlights; again around 35s-42s and 48s-55s little or nothing moves within the camera's view.
================================================================================

Batches:   0%|          | 0/1 [00:00<?, ?it/s]Batches: 100%|██████████| 1/1 [00:00<00:00, 48.52it/s]
2026-09-02 07:08:55,245 - MainProcess - INFO - ✅ Segment #360 stored in MongoDB
✅ Segment #360 from Camera cam16_stream-16 stored in MongoDB
2026-09-02 07:08:55,246 - MainProcess - INFO - [cam16_stream-16] segment 360 looks alert-worthy - asking z-ai/glm-5.3-flash
2026-09-02 07:08:55,246 - MainProcess - INFO - [AI->] https://openrouter.ai/api/v1/chat/completions z-ai/glm-5.3-flash (max_tokens=1200, prompt=3821 chars)
2026-09-02 07:08:55,911 - MainProcess - ERROR - [ALERT!!] [cam14_stream-14] POST failed: timed out | Traffic Violation: Multiple riders without helmets at junction (5s, 30s, 50s)
2026-09-02 07:08:55,911 - MainProcess - INFO - [cam14_stream-14] ✅ Segment #172 complete
2026-09-02 07:08:55,912 - MainProcess - INFO - [cam14_stream-14] #172  8/549 (  1.5%) | seg 110.71s = seek 40.94 (12f, 3.41s/frame) + vlm  35.73 + azure  1.18 + embed  0.48 | avg  13.85s | elapsed 0:01:50 | ETA 2:04:50
2026-09-02 07:08:56,104 - MainProcess - INFO - [AI<-] z-ai/glm-5.3-flash ok in 1.4s | prompt_tok=989 completion_tok=7 cost=$7.2085e-05 | 14 chars returned
2026-09-02 07:08:56,104 - MainProcess - INFO - [cam16_stream-16] ✅ Segment #362 complete
2026-09-02 07:08:56,203 - MainProcess - INFO - [Memory] RAM: 3.8% | Process: 2.76GB | GPU: 2279/24564MB (9.3%)
2026-09-02 07:08:56,204 - MainProcess - INFO - [cam16_stream-16] #362  12/371 (  3.2%) | seg  35.38s = seek  7.46 (12f, 0.62s/frame) + vlm  25.47 + azure  0.60 + embed  0.25 | avg   9.35s | elapsed 0:01:52 | ETA 0:55:57
2026-09-02 07:08:56,291 - MainProcess - INFO - [AI<-] z-ai/glm-5.3-flash ok in 2.4s | prompt_tok=951 completion_tok=7 cost=$7.3075e-05 | 14 chars returned
2026-09-02 07:08:56,291 - MainProcess - INFO - [cam16_stream-16] ✅ Segment #361 complete
2026-09-02 07:08:56,294 - MainProcess - INFO - [cam16_stream-16] #361  13/371 (  3.5%) | seg  36.90s = seek  7.87 (12f, 0.66s/frame) + vlm  24.09 + azure  1.80 + embed  0.65 | avg   8.64s | elapsed 0:01:52 | ETA 0:51:33
2026-09-02 07:08:56,490 - MainProcess - INFO - [AI<-] z-ai/glm-5.3-flash ok in 1.2s | prompt_tok=931 completion_tok=7 cost=$6.7735e-05 | 14 chars returned
2026-09-02 07:08:56,490 - MainProcess - INFO - [cam16_stream-16] ✅ Segment #360 complete
2026-09-02 07:08:56,491 - MainProcess - INFO - [cam16_stream-16] #360  14/371 (  3.8%) | seg  53.73s = seek 10.37 (12f, 0.86s/frame) + vlm  40.25 + azure  0.90 + embed  0.23 | avg   8.04s | elapsed 0:01:52 | ETA 0:47:49
2026-09-02 07:08:56,605 - MainProcess - INFO - [AI->] https://openrouter.ai/api/v1/chat/completions z-ai/glm-5.3-flash (12 frames, max_tokens=2600)
2026-09-02 07:08:57,146 - MainProcess - INFO - [AI<-] z-ai/glm-5.3-flash ok in 36.5s | prompt_tok=15205 completion_tok=782 cost=$0.001289795 | 3554 chars
2026-09-02 07:08:57,146 - MainProcess - INFO - [VLM] Response received. Content len: 3554, Thinking len: 0

================================================================================
🤖 [cam14_stream-14] SEGMENT VLM - #179 - 2026-06-13 23:58:20
================================================================================
Recorded 13-06-2026 (Saturday) 23:58:20 to 23:58:50 at Unknown Location (cam14), camera cam14_stream-14. 1. SCENE The camera overlooks a busy signalised city intersection at night, viewed from an elevated position. Multiple approach roads converge with zebra crossings on each arm, a small traffic island/medial refuge in the centre, and illuminated commercial premises on the right (an illuminated sign reading "WESTBANK" is visible, plus other lit shopfronts). Overhead streetlights and traffic signals light the scene; road surface appears wet/reflective, suggesting recent rain. Markings reading "STOP" are visible on the near approach. Traffic flows in all directions throughout. 2. TRAFFIC AND PEOPLE Steady mixed traffic at an urban junction: numerous two-wheelers (scooters/motorcycles, many with pillion riders), several auto-rickshaps (green/yellow and dark-bodied), cars of various colours (white, silver, maroon, dark), at least one blue/white public bus, white mini-vans, a small white goods carrier/tempo, and a large yellow-tarpaulin-covered truck. Pedestrians are visible on the far right footpath and near the right-side shops; some appear to cross near the junction. Roughly 30-50 vehicles pass through across the clip. 3. VEHICLES IDENTIFIED None identified. (Night conditions and image resolution do not permit reading of badges or distinguishing models.) 4. REGISTRATIONS READ None legible. (No plate on any vehicle is readable at this resolution; no registry verification possible.) 5. NOTABLE EVENTS - Around 46-51s, a group of motorcyclists/scooters is clustered mid-junction near the centre island, appearing to jostle or filter tightly through crossing traffic, but no collision is clearly visible. - Throughout the clip, vehicles appear to manoeuvre through the junction with the nearside signal showing amber (visible left signal head lit amber from ~41s onward), suggesting late clearing of the junction; no crash or stoppage occurs. No fights, snatches, unattended bags, persons lying down, fire or smoke observed. 6. CROWD AND CONGESTION Moderate congestion at the junction centre around 41-56s, with approximately 10-15 vehicles (two-wheelers, autos, cars) packed closely around the centre island while crossing flows interleave. It disperses without gridlock by ~56s. 7. TRAFFIC VIOLATIONS - Multiple two-wheelers and autos observed filtering through the junction while the nearside signal shows amber/late-phase (from ~41s through the end of the clip); possibly red-light running given the amber indication persists - flagging as apparent signal-phase violations, exact status not fully verifiable from these frames. - No helmetless riders, wrong-way movement, three-on-a-bike, or footpath driving clearly identifiable at this resolution. 8. PATTERN OF ACTIVITY The dominant activity is continuous multi-directional traffic through a major lit junction late at night. Early in the clip, flow is dominated by two-wheelers and auto-rickshaps crossing from the near/left approaches toward the upper-left exit, with a blue-and-white bus on the right arm. Mid-clip, car traffic (white/silver sedans, vans, a small tempo) becomes more prominent entering from the right and turning across the junction. Late in the clip, a yellow-tarpaulin truck (at ~46s) and a second blue bus (at ~51s) pass through, and the junction shows the closest packing of vehicles. Traffic never stops flowing in any direction; the amber signal on the near approach toward the end suggests a phase change that traffic clears continuously. 9. QUIET PERIODS None observed. The junction carries moving traffic in every frame throughout the 55 seconds.
================================================================================

Batches:   0%|          | 0/1 [00:00<?, ?it/s]Batches: 100%|██████████| 1/1 [00:00<00:00, 39.03it/s]
2026-09-02 07:08:58,085 - MainProcess - INFO - ✅ Segment #179 stored in MongoDB
✅ Segment #179 from Camera cam14_stream-14 stored in MongoDB
2026-09-02 07:08:58,085 - MainProcess - INFO - [cam14_stream-14] segment 179 looks alert-worthy - asking z-ai/glm-5.3-flash
2026-09-02 07:08:58,085 - MainProcess - INFO - [AI->] https://openrouter.ai/api/v1/chat/completions z-ai/glm-5.3-flash (max_tokens=1200, prompt=4955 chars)
2026-09-02 07:08:59,620 - MainProcess - INFO - [AI<-] z-ai/glm-5.3-flash ok in 1.5s | prompt_tok=1166 completion_tok=40 cost=$0.0001949 | 135 chars returned
2026-09-02 07:08:59,620 - MainProcess - INFO - [cam14_stream-14] segment 179 -> 1 alert(s)
2026-09-02 07:08:59,621 - MainProcess - INFO - [ALERT->] POST https://vmsai2026.vmukti.com:8082/api/Analytics/analytics | an_id=41 cam=ATPL-500395-ARCIS | Traffic Violation: Multiple two-wheelers/autos crossing junction on amber/late signal phase, ~41-56s
2026-09-02 07:09:00,451 - MainProcess - INFO - [AI<-] z-ai/glm-5.3-flash ok in 7.1s | prompt_tok=1139 completion_tok=125 cost=$0.000116675 | 129 chars returned
2026-09-02 07:09:00,451 - MainProcess - INFO - [cam14_stream-14] segment 178 -> 1 alert(s)
2026-09-02 07:09:00,452 - MainProcess - INFO - [ALERT->] POST https://vmsai2026.vmukti.com:8082/api/Analytics/analytics | an_id=41 cam=ATPL-500395-ARCIS | Traffic Violation: Possible red-light/non-compliant movement at junction, amber signal showing
2026-09-02 07:09:00,647 - MainProcess - INFO - [AI->] https://openrouter.ai/api/v1/chat/completions z-ai/glm-5.3-flash (12 frames, max_tokens=2600)
2026-09-02 07:09:03,418 - MainProcess - INFO - [AI->] https://openrouter.ai/api/v1/chat/completions z-ai/glm-5.3-flash (12 frames, max_tokens=2600)
2026-09-02 07:09:09,507 - MainProcess - INFO - [AI->] https://openrouter.ai/api/v1/chat/completions z-ai/glm-5.3-flash (12 frames, max_tokens=2600)
2026-09-02 07:09:11,973 - MainProcess - INFO - [AI->] https://openrouter.ai/api/v1/chat/completions z-ai/glm-5.3-flash (12 frames, max_tokens=2600)
2026-09-02 07:09:12,716 - MainProcess - INFO - [AI->] https://openrouter.ai/api/v1/chat/completions z-ai/glm-5.3-flash (12 frames, max_tokens=2600)
2026-09-02 07:09:12,922 - MainProcess - INFO - [AI->] https://openrouter.ai/api/v1/chat/completions z-ai/glm-5.3-flash (12 frames, max_tokens=2600)
2026-09-02 07:09:15,865 - MainProcess - INFO - [AI<-] z-ai/glm-5.3-flash ok in 23.4s | prompt_tok=15205 completion_tok=607 cost=$0.001246045 | 2780 chars
2026-09-02 07:09:15,865 - MainProcess - INFO - [VLM] Response received. Content len: 2780, Thinking len: 0

================================================================================
🤖 [cam14_stream-14] SEGMENT VLM - #181 - 2026-06-14 00:00:20
================================================================================
Recorded 14-06-2026 (Sunday) 00:00:20 to 00:00:50 at Unknown Location (cam14), camera cam14_stream-14. 1. SCENE Night-time view of a large signalised city junction with zebra crossings on all approaches, a small central traffic island/refuge, and illuminated commercial premises on the right (a sign reading "WESTBANK" is clearly legible, plus other shopfronts and hoardings). The road surface is reflective/wet-looking, suggesting recent rain. Lighting is from street lamps, vehicle headlamps and shop signage. The camera is elevated, overlooking the crossing from above the near stop line ("STOP" road marking visible bottom left). Overlay text "DELIGHT P1 RLVD" is present bottom right. 2. TRAFFIC AND PEOPLE Steady mixed traffic throughout: numerous two-wheelers (motorcycles/scooters), several auto-rickshaws (yellow and green/yellow), multiple cars (white, red, dark/black, grey), one white bus entering from the right around 47-52s and crossing, and a yellow three-wheeler goods vehicle at the start. Riders mostly appear helmeted; several two-wheelers carry two occupants. Pedestrians are visible only in small numbers near the shops on the right; none clearly cross the main carriageway in these frames. 3. VEHICLES IDENTIFIED None identified. (Night footage; no badges or unmistakable model detail legible.) 4. REGISTRATIONS READ None legible. (No plates readable at this resolution/angle; any lines here would be single automatic reads, not verified against any registry.) 5. NOTABLE EVENTS None observed. Traffic flows continuously through the junction with no collisions, stops in live lanes, or suspicious behaviour visible. A white bus crosses the junction around 47-52s and momentarily dominates the frame but moves through normally. 6. CROWD AND CONGESTION None observed. Traffic is free-flowing in all directions throughout; no queues or jams form on any approach. 7. TRAFFIC VIOLATIONS None observed. 8. PATTERN OF ACTIVITY This is a busy but orderly night junction serving predominantly two-wheeler and car traffic with a regular auto-rickshaw presence. Movement is multi-directional - traffic crosses from right to left through the junction, enters from the far approach heading toward camera, and turns across the island - with no single dominant flow. The clip opens with a yellow three-wheeler exiting the bottom of frame and continuous scattered vehicles; mid-clip a red hatchback and a white bus pass through; the final seconds (around 52-55s) show a green/yellow auto-rickshaw and a white car moving away from camera on the near approach while the far side of the junction thins slightly. Nothing changes in character over the 55 seconds - it is consistent late-night urban traffic under apparently red/restricted signal phases alternating with free movement. 9. QUIET PERIODS None observed. Vehicles are moving in every sampled moment of the clip.
================================================================================

Batches:   0%|          | 0/1 [00:00<?, ?it/s]Batches: 100%|██████████| 1/1 [00:00<00:00, 37.01it/s]
2026-09-02 07:09:16,599 - MainProcess - INFO - ✅ Segment #181 stored in MongoDB
✅ Segment #181 from Camera cam14_stream-14 stored in MongoDB
2026-09-02 07:09:16,599 - MainProcess - INFO - [cam14_stream-14] segment 181 looks alert-worthy - asking z-ai/glm-5.3-flash
2026-09-02 07:09:16,599 - MainProcess - INFO - [AI->] https://openrouter.ai/api/v1/chat/completions z-ai/glm-5.3-flash (max_tokens=1200, prompt=4179 chars)
2026-09-02 07:09:18,110 - MainProcess - INFO - [AI<-] z-ai/glm-5.3-flash ok in 1.5s | prompt_tok=992 completion_tok=7 cost=$0.0001523 | 14 chars returned
2026-09-02 07:09:18,110 - MainProcess - INFO - [cam14_stream-14] ✅ Segment #181 complete
2026-09-02 07:09:18,161 - MainProcess - INFO - [Memory] RAM: 3.6% | Process: 2.92GB | GPU: 1122/24564MB (4.6%)
2026-09-02 07:09:18,161 - MainProcess - INFO - [cam14_stream-14] #181  9/549 (  1.6%) | seg  36.29s = seek  9.31 (12f, 0.78s/frame) + vlm  23.95 + azure  1.09 + embed  0.23 | avg  14.78s | elapsed 0:02:13 | ETA 2:13:00
2026-09-02 07:09:23,555 - MainProcess - INFO - [AI->] https://openrouter.ai/api/v1/chat/completions z-ai/glm-5.3-flash (12 frames, max_tokens=2600)
2026-09-02 07:09:24,150 - MainProcess - INFO - [AI<-] z-ai/glm-5.3-flash ok in 31.0s | prompt_tok=15203 completion_tok=618 cost=$0.001248645 | 2440 chars
2026-09-02 07:09:24,150 - MainProcess - INFO - [VLM] Response received. Content len: 2440, Thinking len: 220

================================================================================
🤖 [cam16_stream-16] SEGMENT VLM - #364 - 2026-06-13 20:51:23
================================================================================
Recorded 13-06-2026 (Saturday) 20:51:23 to 20:51:53 at Visat T Junction, camera cam16_stream-16. 1. SCENE The camera overlooks the Visat T Junction from an elevated position, looking across a zebra crossing toward a large island/roundabout area with signage, streetlights and lit shopfronts in the background. To the left is a footpath with a hoarding/bus-shelter structure, traffic signal poles and bollards. It is nighttime; the scene is lit by streetlights with strong headlight glare, and the overall image is dim/grey (low-light or infrared-assisted mode). The camera label "Visat T Junction P2 RLVD" is visible on the overlay. 2. TRAFFIC AND PEOPLE Traffic is very light throughout. Vehicles observed: one large white truck or bus approaching from the far end of the road (~5s); several motorcycles/scooters, including one with a headlight approaching from the background at ~0-5s, one motorcycle with a bright headlight entering from the background around ~25-28s and crossing toward the camera, and one motorcycle with a rider in a light/white shirt passing close under the camera around ~33-38s exiting the bottom of frame; a further motorcycle with a glowing orange/amber light (brake or lamp) in the middle distance around ~50-52s moving away. A small number of distant figures can be seen standing near the far bus stop/shop area in the background in several frames; no pedestrians cross the zebra. 3. VEHICLES IDENTIFIED None identified. (Night, low-light frames; no badges or body shapes clearly readable.) 4. REGISTRATIONS READ None legible. 5. NOTABLE EVENTS None observed. 6. CROWD AND CONGESTION None observed. 7. TRAFFIC VIOLATIONS None observed. (The rider in the light shirt at ~33-38s passes close beneath the camera; a helmet cannot be confirmed or ruled out at this resolution.) 8. PATTERN OF ACTIVITY This is a quiet late-evening period at the junction. Movement is sporadic and dominated by two-wheelers, mostly approaching from the background and passing through the crossing toward or past the camera; the single large white vehicle early in the clip (~5s) is the only four-wheel/large vehicle clearly seen. The traffic signal on the left cycles between red and amber/green during the clip. From around ~35s to the end, the junction is almost empty, with only occasional distant headlights and one motorcycle in the middle distance near the end. No directional flow builds up at any point. 9. QUIET PERIODS Roughly 10-25s and 40-50s the junction is essentially empty, with no moving vehicles in frame.
================================================================================

Batches:   0%|          | 0/1 [00:00<?, ?it/s]Batches: 100%|██████████| 1/1 [00:00<00:00, 51.88it/s]
2026-09-02 07:09:24,853 - MainProcess - INFO - [AI<-] z-ai/glm-5.3-flash ok in 24.2s | prompt_tok=15203 completion_tok=594 cost=$0.001242645 | 2484 chars
2026-09-02 07:09:24,853 - MainProcess - INFO - [VLM] Response received. Content len: 2484, Thinking len: 69
2026-09-02 07:09:24,879 - MainProcess - INFO - ✅ Segment #364 stored in MongoDB
✅ Segment #364 from Camera cam16_stream-16 stored in MongoDB
2026-09-02 07:09:24,880 - MainProcess - INFO - [cam16_stream-16] segment 364 looks alert-worthy - asking z-ai/glm-5.3-flash
2026-09-02 07:09:24,880 - MainProcess - INFO - [AI->] https://openrouter.ai/api/v1/chat/completions z-ai/glm-5.3-flash (max_tokens=1200, prompt=3825 chars)

================================================================================
🤖 [cam16_stream-16] SEGMENT VLM - #365 - 2026-06-13 20:52:23
================================================================================
Recorded 13-06-2026 (Saturday) 20:52:23 to 20:52:53 at Visat T Junction, camera cam16_stream-16. 1. SCENE Visat T Junction, camera P2 RLVD, elevated view over a wide T-junction with a zebra crossing in the foreground, a small landscaped roundabout/island to the right, hoardings and street lighting. Night time, artificial lighting only; image is grainy low-light with heavy headlight glare. Weather appears dry. 2. TRAFFIC AND PEOPLE Light, free-flowing night traffic. Over the clip: at least two cars (dark-coloured) travelling away from camera toward the top of frame (~5 15s in); one white/light-coloured car crossing toward the roundabout (~5 10s in); a motorcycle with rider in light-coloured clothing entering from the bottom of frame at ~35s and moving away toward the junction (~35 40s in); a large white passenger bus/coach crossing the junction toward the right (~35 40s in); a truck or large vehicle visible near the roundabout (~40 45s in); a car with bright headlights approaching the camera (~40s in) then a dark car with lit tail lights turning across the junction left-to-right (~50 55s in); a motorcycle with headlight moving away (~45 50s in); occasional distant two-wheelers near the roundabout. One rider on the ~35s motorcycle appears helmetless from the rear view, though not fully clear. No pedestrians clearly seen. 3. VEHICLES IDENTIFIED None identified. (Night footage, headlight glare; no badges or unmistakable body shapes readable.) 4. REGISTRATIONS READ None legible. 5. NOTABLE EVENTS None observed. Traffic flows normally; no collisions, stops in live lanes, or suspicious behaviour visible. 6. CROWD AND CONGESTION None observed. Junction remains clear throughout. 7. TRAFFIC VIOLATIONS Possible helmetless rider on the motorcycle that enters from the bottom of frame at ~35s, moving away from camera (uncertain due to image quality). Otherwise none observed. 8. PATTERN OF ACTIVITY Light, late-night traffic passing through a signalised T-junction in both directions, with most vehicles crossing toward the roundabout side or heading away from the camera. Early in the clip a small group of cars and a distant two-wheeler clear the junction; the middle of the clip is nearly empty apart from the motorcycle and white bus around 35 40s; late in the clip another car approaches and a dark car turns across the junction. No queues or build-ups form at any point. 9. QUIET PERIODS Junction is empty of moving traffic at approximately 0 5s, 20 30s, and 45s onward between individual vehicle passes, but the clip is never fully static for long.
================================================================================

Batches:   0%|          | 0/1 [00:00<?, ?it/s]Batches: 100%|██████████| 1/1 [00:00<00:00, 54.32it/s]
2026-09-02 07:09:25,579 - MainProcess - INFO - ✅ Segment #365 stored in MongoDB
✅ Segment #365 from Camera cam16_stream-16 stored in MongoDB
2026-09-02 07:09:25,579 - MainProcess - INFO - [cam16_stream-16] segment 365 looks alert-worthy - asking z-ai/glm-5.3-flash
2026-09-02 07:09:25,579 - MainProcess - INFO - [AI->] https://openrouter.ai/api/v1/chat/completions z-ai/glm-5.3-flash (max_tokens=1200, prompt=3869 chars)
2026-09-02 07:09:29,777 - MainProcess - ERROR - [ALERT!!] [cam14_stream-14] POST failed: timed out | Traffic Violation: Multiple two-wheelers/autos crossing junction on amber/late signal phase, ~41-56s
2026-09-02 07:09:29,778 - MainProcess - INFO - [cam14_stream-14] ✅ Segment #179 complete
2026-09-02 07:09:29,778 - MainProcess - INFO - [cam14_stream-14] #179  10/549 (  1.8%) | seg  77.52s = seek  6.12 (12f, 0.51s/frame) + vlm  36.96 + azure  2.16 + embed  0.44 | avg  14.46s | elapsed 0:02:24 | ETA 2:09:55
2026-09-02 07:09:30,510 - MainProcess - ERROR - [ALERT!!] [cam14_stream-14] POST failed: timed out | Traffic Violation: Possible red-light/non-compliant movement at junction, amber signal showing
2026-09-02 07:09:30,511 - MainProcess - INFO - [cam14_stream-14] ✅ Segment #178 complete
2026-09-02 07:09:30,512 - MainProcess - INFO - [cam14_stream-14] #178  11/549 (  2.0%) | seg  78.75s = seek  6.37 (12f, 0.53s/frame) + vlm  33.39 + azure  1.19 + embed  0.46 | avg  13.21s | elapsed 0:02:25 | ETA 1:58:29
2026-09-02 07:09:31,924 - MainProcess - INFO - [AI<-] z-ai/glm-5.3-flash ok in 6.3s | prompt_tok=962 completion_tok=61 cost=$0.0001748 | 138 chars returned
2026-09-02 07:09:31,924 - MainProcess - INFO - [cam16_stream-16] segment 365 -> 1 alert(s)
2026-09-02 07:09:31,924 - MainProcess - WARNING - [cam16_stream-16] no VMS device id in camera_did_map.json - alert skipped: Possible helmetless rider on motorcycle heading away from camera (~35s), unconfirmed
2026-09-02 07:09:31,924 - MainProcess - INFO - [cam16_stream-16] ✅ Segment #365 complete
2026-09-02 07:09:32,091 - MainProcess - INFO - [Memory] RAM: 3.8% | Process: 2.88GB | GPU: 2096/24564MB (8.5%)
2026-09-02 07:09:32,092 - MainProcess - INFO - [cam16_stream-16] #365  15/371 (  4.0%) | seg  46.81s = seek 14.30 (12f, 1.19s/frame) + vlm  24.71 + azure  1.05 + embed  0.22 | avg   9.87s | elapsed 0:02:28 | ETA 0:58:35
2026-09-02 07:09:32,501 - MainProcess - INFO - [AI<-] z-ai/glm-5.3-flash ok in 7.6s | prompt_tok=944 completion_tok=235 cost=$0.00012955 | 14 chars returned
2026-09-02 07:09:32,501 - MainProcess - INFO - [cam16_stream-16] ✅ Segment #364 complete
2026-09-02 07:09:32,502 - MainProcess - INFO - [cam16_stream-16] #364  16/371 (  4.3%) | seg  50.38s = seek  9.91 (12f, 0.83s/frame) + vlm  31.46 + azure  1.01 + embed  0.23 | avg   9.28s | elapsed 0:02:28 | ETA 0:54:55
2026-09-02 07:09:33,372 - MainProcess - INFO - [AI<-] z-ai/glm-5.3-flash ok in 30.0s | prompt_tok=15205 completion_tok=668 cost=$0.001261295 | 2870 chars
2026-09-02 07:09:33,372 - MainProcess - INFO - [VLM] Response received. Content len: 2870, Thinking len: 0

================================================================================
🤖 [cam14_stream-14] SEGMENT VLM - #183 - 2026-06-14 00:02:20
================================================================================
Recorded 14-06-2026 (Sunday) 00:02:20 to 00:02:50 at Unknown Location (cam14), camera cam14_stream-14. 1. SCENE A large signalised road junction at night, lit by streetlights and shop signage. Marked zebra crossings and "STOP" road markings are visible in the foreground; a small traffic island/monument sits mid-junction. Illuminated commercial buildings line the right side, including one with legible "WESTBANK" signage. A signal pole on the left shows a red/amber signal from about 40s in. Overall it is a busy commercial intersection after dark. 2. TRAFFIC AND PEOPLE Steady mixed traffic throughout: numerous motorcycles and scooters (roughly 10 15 visible over the clip, various colours including a rider in white shirt around 0 10s and a red motorcycle at ~30s), several white cars (about 8 10), one dark/black car (~25s and ~50s), two yellow-green auto rickshaws (~45s and ~60s), a white van/ambulance-type vehicle with a blue beacon (~0 5s), a white van (~45 50s), and a dark-coloured bus crossing right-to-left from about 60s to the end, with partial legible text "ANC" on its side. Pedestrians are visible in small groups on the right footpath near the shops throughout; a few waiting near the crossing on the right at ~55s. Two riders on a scooter with a pillion near the centre at ~55s. 3. VEHICLES IDENTIFIED None identified. (Night footage; body shapes only hatchbacks, a van with blue beacon, a bus no badges legible.) 4. REGISTRATIONS READ None legible. (Plates visible on some white cars are too small/blurred; these would be single automatic reads, not verified against any registry.) 5. NOTABLE EVENTS - At ~0 5s a white van with an illuminated blue beacon (ambulance-type) crosses the junction from right to lower-left; traffic appears to be yielding to it. - No collisions, near-misses or other suspicious activity observed. 6. CROWD AND CONGESTION None observed. Traffic flows freely in all directions; no queues or jams form. A loose cluster of scooters and cars gathers near the left crossing around 45 55s but keeps moving. 7. TRAFFIC VIOLATIONS None observed. (Traffic is scattered and moving through the junction in mixed directions; specific red-light jumping cannot be confirmed from these frames.) 8. PATTERN OF ACTIVITY The dominant traffic is two-wheelers interspersed with white cars, flowing through the junction from all arms with no single dominant direction, though right-to-left movement (toward the left arm) is heaviest. Early in the clip traffic is lighter and includes the beacon-equipped van crossing unhindered; from ~40s the left signal turns amber/red and vehicle groups bunch and queue briefly near the left crossing while crossing traffic from the right continues. The clip ends with the dark bus and a dark car passing left-to-right through the frame while the queued scooters start to move again. 9. QUIET PERIODS None observed. The junction remains active with moving vehicles throughout the full 55 seconds.
================================================================================

Batches:   0%|          | 0/1 [00:00<?, ?it/s]Batches: 100%|██████████| 1/1 [00:00<00:00, 45.44it/s]
2026-09-02 07:09:34,301 - MainProcess - INFO - ✅ Segment #183 stored in MongoDB
✅ Segment #183 from Camera cam14_stream-14 stored in MongoDB
2026-09-02 07:09:34,301 - MainProcess - INFO - [cam14_stream-14] segment 183 looks alert-worthy - asking z-ai/glm-5.3-flash
2026-09-02 07:09:34,301 - MainProcess - INFO - [AI->] https://openrouter.ai/api/v1/chat/completions z-ai/glm-5.3-flash (max_tokens=1200, prompt=4265 chars)
2026-09-02 07:09:34,695 - MainProcess - INFO - [AI<-] z-ai/glm-5.3-flash ok in 21.8s | prompt_tok=15203 completion_tok=526 cost=$0.001225645 | 2222 chars
2026-09-02 07:09:34,695 - MainProcess - INFO - [VLM] Response received. Content len: 2222, Thinking len: 0

================================================================================
🤖 [cam16_stream-16] SEGMENT VLM - #367 - 2026-06-13 20:54:23
================================================================================
Recorded 13-06-2026 (Saturday) 20:54:23 to 20:54:53 at Visat T Junction, camera cam16_stream-16. 1. SCENE The camera overlooks Visat T Junction (camera label "Visat T Junction P2 RLVD" visible on the overlay), a wide lit intersection at night. A zebra crossing spans the foreground, a triangular traffic island with black-and-yellow kerbing sits to the right, and roadside hoardings and a small structure are visible on the left. The scene is illuminated by streetlights and vehicle headlights; occasional headlight glare washes out parts of the frame. 2. TRAFFIC AND PEOPLE Light overnight traffic. Visible across the clip: one two-wheeler with rider (start of clip), one dark-coloured car, one white car/MPV, one three-wheeler/auto-rickshaw, one white box van, and distant vehicles near the far arm of the junction. A small group of people stands near the far-left hoarding area throughout. No pedestrians use the zebra crossing. 3. VEHICLES IDENTIFIED None identified. (It is night; body shapes visible are car, three-wheeler and box van only.) 4. REGISTRATIONS READ None legible. 5. NOTABLE EVENTS - A white car enters from the right/lower right at speed at about 44s in, crossing the junction over the zebra area and exiting toward the upper left by 50s; its speed and the glare make it the fastest movement in the clip, but no conflict with other traffic is visible. - Nothing else alert-worthy. 6. CROWD AND CONGESTION None observed. 7. TRAFFIC VIOLATIONS None observed. Riders' helmets cannot be confirmed at this image quality. 8. PATTERN OF ACTIVITY The clip shows a quiet junction with light, free-flowing traffic in all directions and no queues. Activity begins with a two-wheeler moving away from camera across the island area (0 10s), followed by a dark car on the right arm at about 35s, the fast white car crossing the frame at 44 50s, and a white box van approaching from the far arm around 55s. Small stationary groups of people near the far-left side remain constant throughout. Early frames show a single two-wheeler; late frames show larger four-wheel and van traffic, but volume never builds. 9. QUIET PERIODS Roughly 10s to 30s the junction is essentially empty apart from distant vehicles; similarly around 50 55s only distant traffic is visible. Otherwise the clip is never fully still.
================================================================================

Batches:   0%|          | 0/1 [00:00<?, ?it/s]Batches: 100%|██████████| 1/1 [00:00<00:00, 53.97it/s]
2026-09-02 07:09:35,419 - MainProcess - INFO - ✅ Segment #367 stored in MongoDB
✅ Segment #367 from Camera cam16_stream-16 stored in MongoDB
2026-09-02 07:09:35,420 - MainProcess - INFO - [cam16_stream-16] segment 367 looks alert-worthy - asking z-ai/glm-5.3-flash
2026-09-02 07:09:35,420 - MainProcess - INFO - [AI->] https://openrouter.ai/api/v1/chat/completions z-ai/glm-5.3-flash (max_tokens=1200, prompt=3607 chars)
2026-09-02 07:09:37,026 - MainProcess - INFO - [AI<-] z-ai/glm-5.3-flash ok in 2.7s | prompt_tok=1051 completion_tok=7 cost=$7.6735e-05 | 14 chars returned
2026-09-02 07:09:37,026 - MainProcess - INFO - [cam14_stream-14] ✅ Segment #183 complete
2026-09-02 07:09:37,036 - MainProcess - INFO - [cam14_stream-14] #183  12/549 (  2.2%) | seg  50.24s = seek 15.31 (12f, 1.28s/frame) + vlm  30.46 + azure  1.16 + embed  0.43 | avg  12.66s | elapsed 0:02:31 | ETA 1:53:16
2026-09-02 07:09:37,154 - MainProcess - INFO - [AI<-] z-ai/glm-5.3-flash ok in 25.2s | prompt_tok=15203 completion_tok=595 cost=$0.001242895 | 2620 chars
2026-09-02 07:09:37,154 - MainProcess - INFO - [VLM] Response received. Content len: 2620, Thinking len: 0

================================================================================
🤖 [cam16_stream-16] SEGMENT VLM - #366 - 2026-06-13 20:53:23
================================================================================
Recorded 13-06-2026 (Saturday) 20:53:23 to 20:53:53 at Visat T Junction, camera cam16_stream-16. 1. SCENE The camera overlooks the Visat T Junction (on-screen text "Visat T Junction P2 RLVD"), a wide signalised T-junction with a zebra crossing in the foreground, a landscaped traffic island/roundabout area to the right with an IOC-branded kiosk, hoardings in the distance and hoardings/shelters along the left side. It is night-time; the scene is lit by street lights, with strong headlight glare from approaching traffic causing occasional washout. 2. TRAFFIC AND PEOPLE Light, free-flowing night traffic. Over the clip: roughly six to eight motorcycles/scooters (one rider in white clothing, one rider in dark clothing), two cars (one dark-coloured sedan, one dark car entering from the left road), a white truck/large van, a small white van/car, and an auto-rickshaw or small vehicle near the crossing. No pedestrians visible on the crossing. No more than two or three vehicles in frame at any time. 3. VEHICLES IDENTIFIED None identified. All vehicles are seen only at night under headlights; no badges or unmistakable model shapes are legible. 4. REGISTRATIONS READ None legible. 5. NOTABLE EVENTS None observed. All traffic moves normally through the junction; a rider on a two-wheeler crosses the zebra area away from any obstruction around 20s in, and a dark car turns from the right arm across the island area around 25s, both without incident. 6. CROWD AND CONGESTION None observed. Traffic is sparse throughout; no queues or build-ups at any point. 7. TRAFFIC VIOLATIONS None observed. Headlights on all moving vehicles; no wrong-way movement, helmet status not discernible at this resolution. 8. PATTERN OF ACTIVITY This is a quiet night-time period at the T junction. Traffic is dominated by two-wheelers and light vehicles moving between the far arm and the right arm, curving around the island; occasional vehicles enter from the left road (a dark car with headlights on around 45s, another near 10s). Headlight glare intermittently whites out the centre of the frame (around 5-10s and again from ~45s to the end), briefly masking vehicle detail. Early frames show an orange-lit vehicle approaching from the distance; late frames show the same sparse pattern continuing with a white truck and small white vehicle passing through the far arm around 40-50s. Nothing changed in character over the clip - consistently light, free-flowing traffic. 9. QUIET PERIODS None observed in absolute terms - some vehicle or its lights is visible in every sampled frame - but movement is sparse, with the junction essentially empty apart from individual passing vehicles, notably between roughly 25s and 35s.
================================================================================

Batches:   0%|          | 0/1 [00:00<?, ?it/s]Batches: 100%|██████████| 1/1 [00:00<00:00, 33.13it/s]
2026-09-02 07:09:37,892 - MainProcess - INFO - ✅ Segment #366 stored in MongoDB
✅ Segment #366 from Camera cam16_stream-16 stored in MongoDB
2026-09-02 07:09:37,893 - MainProcess - INFO - [cam16_stream-16] segment 366 looks alert-worthy - asking z-ai/glm-5.3-flash
2026-09-02 07:09:37,893 - MainProcess - INFO - [AI->] https://openrouter.ai/api/v1/chat/completions z-ai/glm-5.3-flash (max_tokens=1200, prompt=4005 chars)
2026-09-02 07:09:38,089 - MainProcess - INFO - [AI<-] z-ai/glm-5.3-flash ok in 2.7s | prompt_tok=909 completion_tok=28 cost=$7.1335e-05 | 14 chars returned
2026-09-02 07:09:38,089 - MainProcess - INFO - [cam16_stream-16] ✅ Segment #367 complete
2026-09-02 07:09:38,089 - MainProcess - INFO - [cam16_stream-16] #367  17/371 (  4.6%) | seg  41.80s = seek 15.46 (12f, 1.29s/frame) + vlm  22.28 + azure  1.01 + embed  0.22 | avg   9.07s | elapsed 0:02:34 | ETA 0:53:29
2026-09-02 07:09:38,843 - MainProcess - INFO - [AI<-] z-ai/glm-5.3-flash ok in 0.9s | prompt_tok=978 completion_tok=7 cost=$0.0001502 | 14 chars returned
2026-09-02 07:09:38,843 - MainProcess - INFO - [cam16_stream-16] ✅ Segment #366 complete
2026-09-02 07:09:38,845 - MainProcess - INFO - [cam16_stream-16] #366  18/371 (  4.9%) | seg  42.74s = seek 14.71 (12f, 1.23s/frame) + vlm  25.69 + azure  1.00 + embed  0.24 | avg   8.60s | elapsed 0:02:34 | ETA 0:50:37
2026-09-02 07:09:41,943 - MainProcess - INFO - [AI<-] z-ai/glm-5.3-flash ok in 18.4s | prompt_tok=1117 completion_tok=178 cost=$0.000128275 | 753 chars
2026-09-02 07:09:41,944 - MainProcess - INFO - [VLM] Response received. Content len: 753, Thinking len: 0

================================================================================
🤖 [cam14_stream-14] SEGMENT VLM - #185 - 2026-06-14 00:04:20
================================================================================
Recorded 14-06-2026 (Sunday) 00:04:20 to 00:04:50 at Unknown Location (cam14), camera cam14_stream-14. 1. SCENE - Unable to report. The image frames could not be processed in this session, so no visual content from cam14 is available to describe. 2. TRAFFIC AND PEOPLE - Unable to report; no frames were successfully analysed. 3. VEHICLES IDENTIFIED - None identified. 4. REGISTRATIONS READ - None legible. 5. NOTABLE EVENTS - None observed. 6. CROWD AND CONGESTION - None observed. 7. TRAFFIC VIOLATIONS - None observed. 8. PATTERN OF ACTIVITY - Unable to assess; no footage was processed. 9. QUIET PERIODS - Unable to assess; no footage was processed. Note to reader: This report is incomplete because the CCTV frames for this clip could not be analysed. The clip should be re-submitted for review before any investigative conclusions are drawn.
================================================================================

Batches:   0%|          | 0/1 [00:00<?, ?it/s]Batches: 100%|██████████| 1/1 [00:00<00:00, 10.11it/s]
2026-09-02 07:09:42,569 - MainProcess - INFO - [AI->] https://openrouter.ai/api/v1/chat/completions z-ai/glm-5.3-flash (12 frames, max_tokens=2600)
2026-09-02 07:09:42,754 - MainProcess - INFO - ✅ Segment #185 stored in MongoDB
✅ Segment #185 from Camera cam14_stream-14 stored in MongoDB
2026-09-02 07:09:42,757 - MainProcess - INFO - [cam14_stream-14] ✅ Segment #185 complete
2026-09-02 07:09:42,758 - MainProcess - INFO - [cam14_stream-14] #185  13/549 (  2.4%) | seg  24.65s = seek  4.16 (12f, 0.35s/frame) + vlm  18.89 + azure  1.13 + embed  0.31 | avg  12.12s | elapsed 0:02:37 | ETA 1:48:18
2026-09-02 07:09:42,762 - MainProcess - INFO - [AI<-] z-ai/glm-5.3-flash ok in 30.0s | prompt_tok=15203 completion_tok=664 cost=$0.001260145 | 2928 chars
2026-09-02 07:09:42,763 - MainProcess - INFO - [VLM] Response received. Content len: 2928, Thinking len: 0
2026-09-02 07:09:43,113 - MainProcess - INFO - [AI->] https://openrouter.ai/api/v1/chat/completions z-ai/glm-5.3-flash (12 frames, max_tokens=2600)

================================================================================
🤖 [cam16_stream-16] SEGMENT VLM - #368 - 2026-06-13 20:55:23
================================================================================
Recorded 13-06-2026 (Saturday) 20:55:23 to 20:55:53 at Visat T Junction, camera cam16_stream-16. 1. SCENE The camera overlooks Visat T Junction (overlay text reads 'Visat T Junction P2 RLVD'), a T-junction with a pedestrian zebra crossing in the foreground, a small triangular traffic island/roundabout with an 'ONNC'-marked kiosk structure to the right, street lighting on poles, and hoardings/billboards. It is nighttime; the scene is illuminated by streetlights and vehicle headlamps, with heavy glare and lens flare from oncoming headlights. Conditions are dry. 2. TRAFFIC AND PEOPLE Traffic is very light throughout. Visible across the clip: - A motorcycle/scooter with rider approaching from the far end of the main road toward the camera early in the clip (around 5 10s), headlight visible. - A vehicle with bright headlights at the far end of the road (around 0s and again around 50s), facing the camera. - A motorcycle passing right-to-left near the island around 30s. - A motorcycle with rider crossing the junction from the right side around 35 40s, moving left across the island area. - Around 40 45s, two or three motorcycles: one stationary or slow-moving on the crossing area with a visible tail light, another with rider in light/green-coloured shirt crossing right-to-left in the lower right of the junction. - A white van or mini-bus (box-shaped, white) entering from the right side of the junction around 50s and travelling away from the camera up the main road. - Occasional distant headlights and tail lights on the far road throughout. No pedestrians are clearly visible at any point. 3. VEHICLES IDENTIFIED None identified. The footage is night-time with heavy glare; no make or model badges are legible. 4. REGISTRATIONS READ None legible. 5. NOTABLE EVENTS None observed. All vehicle movements appear normal for a quiet night junction; no collisions, stops in live lanes, or suspicious behaviour seen. 6. CROWD AND CONGESTION None observed. The junction remains nearly empty for the full 55 seconds. 7. TRAFFIC VIOLATIONS None clearly observed. Riders are too distant/small to confirm helmet use; no wrong-way driving or red-light jumping is evident from these frames. 8. PATTERN OF ACTIVITY This is a quiet night-time scene at a T-junction dominated by occasional two-wheeler traffic. Most movement is across the junction from the right-hand arm toward the main road (right to left in the frame), with a brief flow of vehicles approaching from the far end early and late in the clip. In the early portion, traffic is limited to distant headlights approaching the camera; the middle of the clip sees motorcycles crossing the junction; and in the final seconds a white van/mini-bus travels away up the main road. Traffic volume never builds; the junction alternates between empty and single-vehicle movement. 9. QUIET PERIODS The junction is empty of moving traffic roughly between 15s and 25s, and again around 45 50s and 53s to the end of the clip, with only distant static lighting visible.
================================================================================

Batches:   0%|          | 0/1 [00:00<?, ?it/s]Batches: 100%|██████████| 1/1 [00:00<00:00, 47.32it/s]
2026-09-02 07:09:43,688 - MainProcess - INFO - ✅ Segment #368 stored in MongoDB
✅ Segment #368 from Camera cam16_stream-16 stored in MongoDB
2026-09-02 07:09:43,689 - MainProcess - INFO - [cam16_stream-16] segment 368 looks alert-worthy - asking z-ai/glm-5.3-flash
2026-09-02 07:09:43,689 - MainProcess - INFO - [AI->] https://openrouter.ai/api/v1/chat/completions z-ai/glm-5.3-flash (max_tokens=1200, prompt=4313 chars)
2026-09-02 07:09:45,296 - MainProcess - INFO - [AI<-] z-ai/glm-5.3-flash ok in 1.6s | prompt_tok=1048 completion_tok=7 cost=$7.651e-05 | 14 chars returned
2026-09-02 07:09:45,296 - MainProcess - INFO - [cam16_stream-16] ✅ Segment #368 complete
2026-09-02 07:09:45,297 - MainProcess - INFO - [cam16_stream-16] #368  19/371 (  5.1%) | seg  48.81s = seek 15.39 (12f, 1.28s/frame) + vlm  30.55 + azure  0.65 + embed  0.42 | avg   8.49s | elapsed 0:02:41 | ETA 0:49:48
2026-09-02 07:09:47,084 - MainProcess - INFO - [AI->] https://openrouter.ai/api/v1/chat/completions z-ai/glm-5.3-flash (12 frames, max_tokens=2600)
2026-09-02 07:09:53,872 - MainProcess - INFO - [AI<-] z-ai/glm-5.3-flash ok in 11.3s | prompt_tok=15205 completion_tok=621 cost=$0.001295625 | 2744 chars
2026-09-02 07:09:53,872 - MainProcess - INFO - [VLM] Response received. Content len: 2744, Thinking len: 0

================================================================================
🤖 [cam14_stream-14] SEGMENT VLM - #186 - 2026-06-14 00:05:20
================================================================================
Recorded 14-06-2026 (Sunday) 00:05:20 to 00:05:50 at Unknown Location (cam14), camera cam14_stream-14. 1. SCENE The camera overlooks a large, signalised urban road junction at night, lit by streetlights and bright commercial signage on the right-hand side (a sign reading "WESTBANK" is visible on a building). A pedestrian crossing and "STOP" road markings are visible in the foreground, with a small central traffic island/refuge in the middle of the junction. The road surface appears damp/reflective. Traffic signals on the left show amber/red at various points. 2. TRAFFIC AND PEOPLE Steady mixed traffic throughout: numerous motorcycles/scooters (many with riders in white or dark clothing), a yellow-and-green auto-rickshaw (0s, moving away from camera), a grey SUV-type vehicle (0s, crossing right to left), a white sedan near the right-side buildings (stationary/parked through the early frames), a dark car entering from the right (~25s), a white car crossing the junction toward the camera (~30s), a large blue-and-white bus crossing left to right (~35-40s), a second white coach/bus entering from the right (~35s), a green-and-yellow auto-rickshaw entering from the left (~45s), a white SUV crossing right to left (~50s), a red sedan crossing left to right (~55s), and a white van (~50s). Pedestrians are visible on the far footpaths near the shops but no one clearly crosses at the zebra in the foreground. 3. VEHICLES IDENTIFIED None identified. (Night footage; no badges or unmistakable body-shape identifiers legible.) 4. REGISTRATIONS READ None legible. 5. NOTABLE EVENTS None observed. Traffic flows continuously through the junction in several directions with no visible collision, stoppage or suspicious behaviour. 6. CROWD AND CONGESTION None observed. Traffic is free-flowing; no queues or jams form during the clip. 7. TRAFFIC VIOLATIONS None observed. (Vehicles cross the junction on multiple headings consistent with a multi-phase signal; no clear red-light jump, wrong-way movement or helmetless rider can be confirmed at this image quality.) 8. PATTERN OF ACTIVITY This is a busy night-time city junction dominated by two-wheeler traffic, with cars, auto-rickshaws and one or two buses mixed in. Movement is multi-directional, with vehicles crossing both left-to-right and right-to-left and others approaching/departing the camera. In the early part of the clip an auto-rickshaw and a grey SUV clear the junction; mid-clip a large blue-and-white bus and a white coach pass through, the largest vehicles of the sequence; in the later part the mix returns to cars (white SUV, red sedan), a van and continuous motorcycles. A white sedan remains parked/stationary by the right-side buildings throughout. 9. QUIET PERIODS None observed. The junction carries moving traffic in every sampled frame across the 55 seconds.
================================================================================

Batches:   0%|          | 0/1 [00:00<?, ?it/s]Batches: 100%|██████████| 1/1 [00:00<00:00, 46.14it/s]
2026-09-02 07:09:54,604 - MainProcess - INFO - ✅ Segment #186 stored in MongoDB
✅ Segment #186 from Camera cam14_stream-14 stored in MongoDB
2026-09-02 07:09:54,604 - MainProcess - INFO - [cam14_stream-14] segment 186 looks alert-worthy - asking z-ai/glm-5.3-flash
2026-09-02 07:09:54,604 - MainProcess - INFO - [AI->] https://openrouter.ai/api/v1/chat/completions z-ai/glm-5.3-flash (max_tokens=1200, prompt=4143 chars)
2026-09-02 07:09:57,911 - MainProcess - INFO - [AI->] https://openrouter.ai/api/v1/chat/completions z-ai/glm-5.3-flash (12 frames, max_tokens=2600)
2026-09-02 07:09:58,500 - MainProcess - INFO - [AI->] https://openrouter.ai/api/v1/chat/completions z-ai/glm-5.3-flash (12 frames, max_tokens=2600)
2026-09-02 07:09:58,573 - MainProcess - INFO - [AI->] https://openrouter.ai/api/v1/chat/completions z-ai/glm-5.3-flash (12 frames, max_tokens=2600)
2026-09-02 07:09:59,054 - MainProcess - INFO - [AI->] https://openrouter.ai/api/v1/chat/completions z-ai/glm-5.3-flash (12 frames, max_tokens=2600)
2026-09-02 07:10:03,672 - MainProcess - INFO - [AI->] https://openrouter.ai/api/v1/chat/completions z-ai/glm-5.3-flash (12 frames, max_tokens=2600)
2026-09-02 07:10:03,759 - MainProcess - INFO - [AI->] https://openrouter.ai/api/v1/chat/completions z-ai/glm-5.3-flash (12 frames, max_tokens=2600)
2026-09-02 07:10:06,014 - MainProcess - INFO - [AI<-] z-ai/glm-5.3-flash ok in 11.4s | prompt_tok=1006 completion_tok=7 cost=$7.72e-05 | 14 chars returned
2026-09-02 07:10:06,014 - MainProcess - INFO - [cam14_stream-14] ✅ Segment #186 complete
2026-09-02 07:10:06,064 - MainProcess - INFO - [Memory] RAM: 3.6% | Process: 2.99GB | GPU: 1124/24564MB (4.6%)
2026-09-02 07:10:06,065 - MainProcess - INFO - [cam14_stream-14] #186  14/549 (  2.6%) | seg  36.24s = seek 11.60 (12f, 0.97s/frame) + vlm  11.81 + azure  1.04 + embed  0.23 | avg  12.92s | elapsed 0:03:00 | ETA 1:55:13
2026-09-02 07:10:07,722 - MainProcess - INFO - [AI<-] z-ai/glm-5.3-flash ok in 20.6s | prompt_tok=15203 completion_tok=523 cost=$0.001224895 | 2357 chars
2026-09-02 07:10:07,722 - MainProcess - INFO - [VLM] Response received. Content len: 2357, Thinking len: 41

================================================================================
🤖 [cam16_stream-16] SEGMENT VLM - #369 - 2026-06-13 20:56:23
================================================================================
Recorded 13-06-2026 (Saturday) 20:56:23 to 20:56:53 at Visat T Junction, camera cam16_stream-16. 1. SCENE The camera overlooks Visat T Junction (overlay text 'Visat T Junction P2 RLVD'), a signalised T-junction with a zebra crossing in the foreground, a large painted traffic island/roundabout island to the right carrying hoardings (one with 'onec'-style lettering visible), footpaths, signal poles and lit street lighting. It is night; the scene is illuminated by street lamps and vehicle headlights, with typical low-light CCTV grain. 2. TRAFFIC AND PEOPLE Traffic is light throughout. Visible: a white/auto-rickshaw-style three-wheeler travelling away from camera (~5s in); several motorcycles with headlights on, including one crossing the junction near the island at ~5s and another at ~10s; a motorcycle with a rider in a light/white shirt approaching the camera from the junction and crossing the zebra at ~15 25s; a white car entering from the right edge and moving left across the frame at ~15s; distant cars and motorcycles in the far approach lanes throughout; occasional headlights from vehicles on the right-hand approach from ~35s onward. No pedestrians are clearly distinguishable on the crossing. 3. VEHICLES IDENTIFIED None identified. (Night footage; no badges or unmistakable body shapes legible.) 4. REGISTRATIONS READ None legible. 5. NOTABLE EVENTS None observed. 6. CROWD AND CONGESTION None observed. Traffic flows freely with no queues at any point. 7. TRAFFIC VIOLATIONS None observed. Headlamp visibility is insufficient to confirm helmet use on the motorcycles. 8. PATTERN OF ACTIVITY This is a quiet night-time period at the junction. Dominant movement is light, free-flowing traffic mainly motorcycles and small three/four-wheelers passing through the junction in both directions, with occasional vehicles entering from the right-hand approach. In the early part of the clip several vehicles clear the junction together; from the mid-point onward traffic thins further, and by the later frames the crossing and main carriageway are empty for stretches, with only distant headlights and occasional single vehicles on the right approach. No build-up or directional surge develops across the 55 seconds. 9. QUIET PERIODS Approximately 35 55s: the main carriageway and zebra crossing are empty of moving traffic for extended stretches, with only distant headlights and occasional vehicles on the far right approach.
================================================================================

Batches:   0%|          | 0/1 [00:00<?, ?it/s]Batches: 100%|██████████| 1/1 [00:00<00:00, 53.46it/s]
2026-09-02 07:10:08,449 - MainProcess - INFO - ✅ Segment #369 stored in MongoDB
✅ Segment #369 from Camera cam16_stream-16 stored in MongoDB
2026-09-02 07:10:08,450 - MainProcess - INFO - [cam16_stream-16] segment 369 looks alert-worthy - asking z-ai/glm-5.3-flash
2026-09-02 07:10:08,450 - MainProcess - INFO - [AI->] https://openrouter.ai/api/v1/chat/completions z-ai/glm-5.3-flash (max_tokens=1200, prompt=3738 chars)
2026-09-02 07:10:09,456 - MainProcess - INFO - [AI<-] z-ai/glm-5.3-flash ok in 26.3s | prompt_tok=15205 completion_tok=522 cost=$0.001224795 | 2303 chars
2026-09-02 07:10:09,457 - MainProcess - INFO - [VLM] Response received. Content len: 2303, Thinking len: 13

================================================================================
🤖 [cam14_stream-14] SEGMENT VLM - #187 - 2026-06-14 00:06:20
================================================================================
Recorded 14-06-2026 (Sunday) 00:06:20 to 00:06:50 at Unknown Location (cam14), camera cam14_stream-14. 1. SCENE Elevated camera view of a signalised road junction/crossroads at night, lit by streetlights and brightly lit shopfronts on the right-hand side, one showing legible signage reading "WESTBANK". Road surface is light-coloured with zebra crossings on all approaches and a "STOP" road marking in the foreground. Traffic signals are visible but appear unlit/non-functioning; an amber light glows on the left. Conditions are dry with some lens glare from headlights. 2. TRAFFIC AND PEOPLE Steady two-way traffic throughout: numerous two-wheelers (motorcycles and scooters, various colours including red, white, yellow), several cars (white, red/maroon, dark/black), a red open-top 4x4-style vehicle, auto-rickshaws (yellow/green and yellow), a white van/minibus, a small goods vehicle, a covered three-wheeler, and a large white coach/bus entering from the right around 35s. Riders and pillion passengers visible; pedestrians present only in the lit shopping area to the right, not crossing the carriageway. 3. VEHICLES IDENTIFIED None identified. (Night footage; badges and body shapes not conclusively readable.) 4. REGISTRATIONS READ None legible. (All plate sightings are single automatic reads at night and unreadable; none verified against any registry.) 5. NOTABLE EVENTS None observed. Traffic flows through the junction in mixed directions with no collision, stoppage or suspicious behaviour visible. 6. CROWD AND CONGESTION None observed. Traffic is free-flowing; no queues or jams form at any point. 7. TRAFFIC VIOLATIONS None observed. Vehicles cross the junction from multiple directions in an unregulated manner (signals appear dark), but no clear violation such as wrong-way driving, helmetless riding or red-light jumping is confirmable. 8. PATTERN OF ACTIVITY The dominant traffic is two-wheelers moving through the junction continuously in both directions, mixed with cars, autos and occasional larger vehicles. Early in the clip traffic is lighter, with two motorcycles departing up the left-hand road; from roughly 25s onward volume increases, with a large white coach passing right-to-left around 35s and a red open-top 4x4 crossing around 40-45s. Activity remains continuous to the end of the clip with no build-up in any single direction. 9. QUIET PERIODS None observed.
================================================================================

Batches:   0%|          | 0/1 [00:00<?, ?it/s]Batches: 100%|██████████| 1/1 [00:00<00:00, 52.15it/s]
2026-09-02 07:10:10,186 - MainProcess - INFO - ✅ Segment #187 stored in MongoDB
✅ Segment #187 from Camera cam14_stream-14 stored in MongoDB
2026-09-02 07:10:10,187 - MainProcess - INFO - [cam14_stream-14] segment 187 looks alert-worthy - asking z-ai/glm-5.3-flash
2026-09-02 07:10:10,187 - MainProcess - INFO - [AI->] https://openrouter.ai/api/v1/chat/completions z-ai/glm-5.3-flash (max_tokens=1200, prompt=3702 chars)
2026-09-02 07:10:10,700 - MainProcess - INFO - [AI<-] z-ai/glm-5.3-flash ok in 2.2s | prompt_tok=895 completion_tok=7 cost=$6.8875e-05 | 14 chars returned
2026-09-02 07:10:10,700 - MainProcess - INFO - [cam16_stream-16] ✅ Segment #369 complete
2026-09-02 07:10:10,732 - MainProcess - INFO - [Memory] RAM: 3.6% | Process: 2.92GB | GPU: 1124/24564MB (4.6%)
2026-09-02 07:10:10,732 - MainProcess - INFO - [cam16_stream-16] #369  20/371 (  5.4%) | seg  38.78s = seek 13.99 (12f, 1.17s/frame) + vlm  21.14 + azure  1.01 + embed  0.23 | avg   9.34s | elapsed 0:03:06 | ETA 0:54:37
2026-09-02 07:10:11,135 - MainProcess - INFO - [AI<-] z-ai/glm-5.3-flash ok in 0.9s | prompt_tok=902 completion_tok=7 cost=$0.0001388 | 14 chars returned
2026-09-02 07:10:11,135 - MainProcess - INFO - [cam14_stream-14] ✅ Segment #187 complete
2026-09-02 07:10:11,135 - MainProcess - INFO - [cam14_stream-14] #187  15/549 (  2.7%) | seg  40.62s = seek 11.29 (12f, 0.94s/frame) + vlm  26.85 + azure  1.16 + embed  0.23 | avg  12.40s | elapsed 0:03:05 | ETA 1:50:21
2026-09-02 07:10:11,834 - MainProcess - INFO - [AI->] https://openrouter.ai/api/v1/chat/completions z-ai/glm-5.3-flash (12 frames, max_tokens=2600)
2026-09-02 07:10:12,769 - MainProcess - INFO - [AI<-] z-ai/glm-5.3-flash ok in 9.0s | prompt_tok=15205 completion_tok=640 cost=$0.00260075 | 2877 chars
2026-09-02 07:10:12,769 - MainProcess - INFO - [VLM] Response received. Content len: 2877, Thinking len: 13

================================================================================
🤖 [cam14_stream-14] SEGMENT VLM - #189 - 2026-06-14 00:08:20
================================================================================
Recorded 14-06-2026 (Sunday) 00:08:20 to 00:08:50 at Unknown Location (cam14), camera cam14_stream-14. 1. SCENE The camera overlooks a large, signalised urban road junction at night, lit by streetlights and bright commercial signage. A lit sign reading "WESTBANK" is visible on the right-hand side, with illuminated shopfronts and crowds of pedestrians on the far right footpath. Zebra crossings, a central traffic island/monument, traffic signals and "STOP" road markings are visible. Conditions are dry and traffic is flowing under artificial lighting throughout. 2. TRAFFIC AND PEOPLE Steady mixed traffic throughout: numerous two-wheelers (motorcycles and scooters, various colours), at least three auto-rickshaws (yellow-and-green), several white cars/SUVs, a red hatchback, a red SUV, a dark grey van, a white bus, a white truck with a yellow container body, a yellow tipper truck, and a white goods vehicle. Pedestrians are gathered in numbers on the right-hand pavement near the shops, with a few individuals crossing or waiting at the junction edges. A person in red clothing with a cart appears near the left crossing around 30s. 3. VEHICLES IDENTIFIED None identified. Night-time resolution does not permit reliable make/model reading. 4. REGISTRATIONS READ None legible. (Any plates visible are too small/blurred for reliable reading; no reads verified against any registry.) 5. NOTABLE EVENTS - Around 0-10s: a white SUV and a white car cross the junction closely together with an auto-rickshaw between them; no contact observed. - Around 45-50s: a red hatchback enters from the right and crosses the junction while a motorcycle passes immediately in front of it - a close but non-colliding manoeuvre. - Traffic flows through the junction from multiple directions simultaneously, suggesting the signal is not being strictly obeyed, but no collision or near-miss is clearly visible. No other incidents observed. 6. CROWD AND CONGESTION No build-up or queue. Traffic is continuous but free-flowing throughout. A crowd of pedestrians (roughly 20-30) stands on the right pavement near the shops throughout, not crossing. 7. TRAFFIC VIOLATIONS None clearly observed. Vehicles cross the junction from several directions at once, which may indicate red-light jumping, but the signal state is not legible enough to confirm. 8. PATTERN OF ACTIVITY This is a busy commercial junction at night with constant multi-directional traffic dominated by two-wheelers and auto-rickshaws. In the early part of the clip, cars and an SUV dominate the crossing; mid-clip a white bus and then a white truck with a yellow container pass through; in the final 15 seconds the mix shifts back to cars, scooters and a yellow tipper truck. Pedestrian activity is confined to the right-hand pavement near the shops. Nothing changes abruptly - the scene is one of steady, unremarkable night traffic. 9. QUIET PERIODS None observed. The junction carries moving traffic in every sampled frame.
================================================================================

Batches:   0%|          | 0/1 [00:00<?, ?it/s]Batches: 100%|██████████| 1/1 [00:00<00:00, 45.83it/s]
2026-09-02 07:10:13,697 - MainProcess - INFO - ✅ Segment #189 stored in MongoDB
✅ Segment #189 from Camera cam14_stream-14 stored in MongoDB
2026-09-02 07:10:13,698 - MainProcess - INFO - [cam14_stream-14] segment 189 looks alert-worthy - asking z-ai/glm-5.3-flash
2026-09-02 07:10:13,698 - MainProcess - INFO - [AI->] https://openrouter.ai/api/v1/chat/completions z-ai/glm-5.3-flash (max_tokens=1200, prompt=4276 chars)
2026-09-02 07:10:15,590 - MainProcess - INFO - [AI<-] z-ai/glm-5.3-flash ok in 1.9s | prompt_tok=1022 completion_tok=26 cost=$7.931e-05 | 14 chars returned
2026-09-02 07:10:15,590 - MainProcess - INFO - [cam14_stream-14] ✅ Segment #189 complete
2026-09-02 07:10:15,591 - MainProcess - INFO - [cam14_stream-14] #189  16/549 (  2.9%) | seg  32.83s = seek 19.66 (12f, 1.64s/frame) + vlm   9.52 + azure  1.15 + embed  0.43 | avg  11.90s | elapsed 0:03:10 | ETA 1:45:44
2026-09-02 07:10:19,206 - MainProcess - INFO - [AI<-] z-ai/glm-5.3-flash ok in 20.7s | prompt_tok=15203 completion_tok=479 cost=$0.001213895 | 2061 chars
2026-09-02 07:10:19,206 - MainProcess - INFO - [VLM] Response received. Content len: 2061, Thinking len: 0

================================================================================
🤖 [cam16_stream-16] SEGMENT VLM - #370 - 2026-06-13 20:57:23
================================================================================
Recorded 13-06-2026 (Saturday) 20:57:23 to 20:57:53 at Visat T Junction, camera cam16_stream-16. 1. SCENE The camera overlooks Visat T Junction, an elevated view of a wide T-junction with a zebra crossing in the foreground, a landscaped traffic island/roundabout to the right, signal poles, and hoardings including a bus-shelter panel marked "onec". It is night; the scene is lit by streetlights with heavy headlight glare from oncoming traffic. Conditions are dry and traffic is light. 2. TRAFFIC AND PEOPLE - One motorcycle with a bright orange/red rear light, moving toward the camera through the junction, visible around 0 10s before passing out of frame. - Occasional distant vehicles (cars and a possible truck/bus with illuminated signage) approaching from the far side of the junction; a car with headlights on crosses the right-side arm at around 25 30s. - Two pedestrians on the left footpath: one in dark clothing, one in a light/white shirt. They appear from about 15s, walking along the kerb toward the crossing area, and one carries a large white bag from about 30s onward. They remain at the kerbside, not crossing, through the end of the clip. - A small dog near the left kerb, present throughout. 3. VEHICLES IDENTIFIED None identified. Night footage with glare; no make, model or badge is discernible. 4. REGISTRATIONS READ None legible. 5. NOTABLE EVENTS None observed. 6. CROWD AND CONGESTION None observed. Traffic flows freely; only single vehicles are seen at any moment. 7. TRAFFIC VIOLATIONS None observed. 8. PATTERN OF ACTIVITY This is a quiet night-time period at the junction. The dominant activity is light, intermittent vehicular traffic passing through the far side of the junction, while the near lanes are almost empty. The main change across the clip is the arrival of two pedestrians on the left footpath around the mid-point; they gather with a white bag near the crossing kerb and linger there for the remainder of the footage without crossing. 9. QUIET PERIODS From roughly 30s to the end of the clip, no vehicles pass through the junction; the only movement is the two pedestrians and the dog on the left side.
================================================================================

Batches:   0%|          | 0/1 [00:00<?, ?it/s]Batches: 100%|██████████| 1/1 [00:00<00:00, 67.10it/s]
2026-09-02 07:10:19,936 - MainProcess - INFO - ✅ Segment #370 stored in MongoDB
✅ Segment #370 from Camera cam16_stream-16 stored in MongoDB
2026-09-02 07:10:19,943 - MainProcess - INFO - [cam16_stream-16] segment 370 looks alert-worthy - asking z-ai/glm-5.3-flash
2026-09-02 07:10:19,943 - MainProcess - INFO - [AI->] https://openrouter.ai/api/v1/chat/completions z-ai/glm-5.3-flash (max_tokens=1200, prompt=3446 chars)
2026-09-02 07:10:20,701 - MainProcess - INFO - [AI<-] z-ai/glm-5.3-flash ok in 0.8s | prompt_tok=863 completion_tok=7 cost=$0.00013295 | 14 chars returned
2026-09-02 07:10:20,701 - MainProcess - INFO - [cam16_stream-16] ✅ Segment #370 complete
2026-09-02 07:10:20,702 - MainProcess - INFO - [cam16_stream-16] #370  21/371 (  5.7%) | seg  48.20s = seek 24.53 (12f, 2.04s/frame) + vlm  21.21 + azure  1.28 + embed  0.23 | avg   9.37s | elapsed 0:03:16 | ETA 0:54:38
2026-09-02 07:10:20,956 - MainProcess - INFO - [AI->] https://openrouter.ai/api/v1/chat/completions z-ai/glm-5.3-flash (12 frames, max_tokens=2600)
2026-09-02 07:10:21,037 - MainProcess - INFO - [AI->] https://openrouter.ai/api/v1/chat/completions z-ai/glm-5.3-flash (12 frames, max_tokens=2600)
2026-09-02 07:10:22,455 - MainProcess - INFO - [AI<-] z-ai/glm-5.3-flash ok in 85.8s | prompt_tok=15205 completion_tok=2600 cost=$0.001790375 | 0 chars
2026-09-02 07:10:22,455 - MainProcess - INFO - [VLM] Response received. Content len: 0, Thinking len: 10619
2026-09-02 07:10:22,957 - MainProcess - ERROR - [cam14_stream-14] Segment #182 VLM FAILED, not storing: [Error: VLM produced only reasoning after 1 attempts]
2026-09-02 07:10:22,958 - MainProcess - INFO - [cam14_stream-14] #182  17/549 (  3.1%) | seg  98.67s = seek 10.87 (12f, 0.91s/frame) + vlm  86.36 + azure  1.09 + embed  0.00 | avg  11.64s | elapsed 0:03:17 | ETA 1:43:10
2026-09-02 07:10:25,152 - MainProcess - INFO - [AI->] https://openrouter.ai/api/v1/chat/completions z-ai/glm-5.3-flash (12 frames, max_tokens=2600)
2026-09-02 07:10:26,033 - MainProcess - INFO - [AI<-] z-ai/glm-5.3-flash ok in 27.0s | prompt_tok=15203 completion_tok=598 cost=$0.001243645 | 2569 chars
2026-09-02 07:10:26,034 - MainProcess - INFO - [VLM] Response received. Content len: 2569, Thinking len: 0

================================================================================
🤖 [cam16_stream-16] SEGMENT VLM - #372 - 2026-06-13 20:59:23
================================================================================
Recorded 13-06-2026 (Saturday) 20:59:23 to 20:59:53 at Visat T Junction, camera cam16_stream-16. 1. SCENE The camera overlooks Visat T Junction (overlay reads "Visat T Junction P2 RLVD"), a wide T-junction with a zebra crossing in the foreground and a raised, landscaped traffic island on the right with signage, including a legible "ONGC" sign on the kerbing. Street lighting is on; it is night-time, footage appears low-light/IR with vehicle headlight flare. Weather appears dry. 2. TRAFFIC AND PEOPLE Traffic is light throughout. Visible: one white car crossing from right to left (around 5s in); one two-wheeler with headlight entering from the left kerbside (~5s); a red car and a white/cement-bowler tanker truck approaching from the far arm (~35s); a small yellow three-wheeler/machine near the right island (~35-45s); a pale yellow tipper/dump truck crossing away from camera toward the far arm (~50s); a white van/bus-type vehicle crossing the junction (~55s); and assorted distant headlights. Two or three people stand on the left footpath near a bus shelter throughout the clip; at least one wears light/white clothing, another appears to wear a high-visibility/yellow top. They remain in the same area, not crossing. 3. VEHICLES IDENTIFIED None identified. (Night footage; no badges or unmistakable body shapes legible.) 4. REGISTRATIONS READ None legible. (No plate on any vehicle in this clip is readable; no reads to verify.) 5. NOTABLE EVENTS None observed. The pedestrians on the left footpath remain stationary/loitering near the shelter for the whole clip but do not obstruct or enter the carriageway. 6. CROWD AND CONGESTION None observed. The junction is free-flowing with no queues at any point. 7. TRAFFIC VIOLATIONS None observed. No red-light jumping, wrong-way movement or helmetless riders are clearly discernible at this image quality. 8. PATTERN OF ACTIVITY This is a quiet night-time period at a large junction. The dominant movement is occasional cross-traffic passing through the junction from the right-hand arm toward the far arm, spaced well apart - a white car (~5s), a tanker truck and red car (~35s), a tipper truck (~50s) and a white van (~55s). Early frames show near-empty road with distant headlights only; the middle and later frames bring the only substantial vehicles. The pedestrians near the left-side bus shelter are a constant presence from the first frame to the last, with no change in their position or behaviour. 9. QUIET PERIODS Roughly 10s to 30s into the clip the junction is essentially empty, with only distant headlights visible and the footpath group stationary; otherwise light movement continues.
================================================================================

Batches:   0%|          | 0/1 [00:00<?, ?it/s]Batches: 100%|██████████| 1/1 [00:00<00:00, 47.50it/s]
2026-09-02 07:10:26,763 - MainProcess - INFO - ✅ Segment #372 stored in MongoDB
✅ Segment #372 from Camera cam16_stream-16 stored in MongoDB
2026-09-02 07:10:26,763 - MainProcess - INFO - [cam16_stream-16] segment 372 looks alert-worthy - asking z-ai/glm-5.3-flash
2026-09-02 07:10:26,763 - MainProcess - INFO - [AI->] https://openrouter.ai/api/v1/chat/completions z-ai/glm-5.3-flash (max_tokens=1200, prompt=3954 chars)
2026-09-02 07:10:27,261 - MainProcess - INFO - [AI<-] z-ai/glm-5.3-flash ok in 28.7s | prompt_tok=15203 completion_tok=743 cost=$0.001279895 | 2769 chars
2026-09-02 07:10:27,261 - MainProcess - INFO - [VLM] Response received. Content len: 2769, Thinking len: 361
2026-09-02 07:10:27,555 - MainProcess - INFO - [AI<-] z-ai/glm-5.3-flash ok in 29.6s | prompt_tok=15205 completion_tok=735 cost=$0.001278045 | 3217 chars
2026-09-02 07:10:27,555 - MainProcess - INFO - [VLM] Response received. Content len: 3217, Thinking len: 0

================================================================================
🤖 [cam16_stream-16] SEGMENT VLM - #371 - 2026-06-13 20:58:23
================================================================================
Recorded 13-06-2026 (Saturday) 20:58:23 to 20:58:53 at Visat T Junction, camera cam16_stream-16. 1. SCENE The camera overlooks Visat T Junction (overlay text "Visat T Junction P2 RLVD"), a wide T-junction with a zebra crossing in the foreground, a landscaped roundabout island on the right (with an "ONGC" sign visible on it), a signal pole and footpath on the left, and lit approach roads in the distance. It is night time; lighting is from street lamps and vehicle headlights, with orange sodium-lamp flare visible in several frames. 2. TRAFFIC AND PEOPLE Two pedestrians are on the left footpath throughout the clip: one in dark/white clothing standing near a bin, and one in a light (yellow/white) top carrying a white plastic bag, who bends down and squats on the kerb around 10 20s and remains near the kerb for the rest of the clip. Traffic is very light: a dark car parked/stopped on the far left edge in the early frames; oncoming headlights in the distance; a large heavy vehicle (truck or bus, light-coloured, dirty canvas-covered load) crossing the foreground right-to-left at about 45 50s; a yellow/green auto-rickshaw and a motorcycle with headlight passing through the crossing around 50 55s; a bus visible in the distance around 55s; a white car entering bottom-right around 60s; a scooter/motorcycle near the roundabout around 60s. 3. VEHICLES IDENTIFIED None identified. Night-time and low-resolution frames make no make or model legible. 4. REGISTRATIONS READ None legible. 5. NOTABLE EVENTS None observed. The two pedestrians remain on the footpath/kerb and do not cross the carriageway in this clip; the squatting pedestrian is stationary for an extended period but this is not in itself suspicious. 6. CROWD AND CONGESTION None observed. At most two pedestrians and single vehicles at any time. 7. TRAFFIC VIOLATIONS None observed. Riders' helmets cannot be confirmed on the night frames; no wrong-way movement, red-light jumping or footpath driving is visible. 8. PATTERN OF ACTIVITY This is a quiet night-time period at the junction. The first half of the clip is almost entirely pedestrian: two people on the left footpath, one of whom squats on the kerb with a white bag, while the carriageway is empty apart from distant headlights. From around 45s onward light traffic flows through a large truck/bus crosses the foreground right-to-left, followed by an auto-rickshaw, a motorcycle and other vehicles moving away from the camera toward the far side, plus a white car entering from the right near the end. The overall flow is sparse and orderly, with no queues at any point. 9. QUIET PERIODS Approximately 0 40s the carriageway is completely empty of moving traffic apart from distant headlights; the scene is quietest around 25 40s, when only the two stationary pedestrians are visible and no vehicle moves through the junction.
================================================================================

Batches:   0%|          | 0/1 [00:00<?, ?it/s]Batches: 100%|██████████| 1/1 [00:00<00:00, 46.40it/s]
2026-09-02 07:10:28,000 - MainProcess - INFO - ✅ Segment #371 stored in MongoDB
✅ Segment #371 from Camera cam16_stream-16 stored in MongoDB
2026-09-02 07:10:28,000 - MainProcess - INFO - [cam16_stream-16] segment 371 looks alert-worthy - asking z-ai/glm-5.3-flash
2026-09-02 07:10:28,000 - MainProcess - INFO - [AI->] https://openrouter.ai/api/v1/chat/completions z-ai/glm-5.3-flash (max_tokens=1200, prompt=4152 chars)

================================================================================
🤖 [cam14_stream-14] SEGMENT VLM - #188 - 2026-06-14 00:07:20
================================================================================
Recorded 14-06-2026 (Sunday) 00:07:20 to 00:07:50 at Unknown Location (cam14), camera cam14_stream-14. 1. SCENE A raised-camera view of a busy signalised road junction at night, lit by streetlights, shopfronts and an illuminated "WESTBANK" sign on the right side of frame. A traffic island/roundabout-style median sits mid-junction with zebra crossings in the foreground and background. Road surface appears damp/reflective, suggesting recent rain. Vehicle and pedestrian activity is continuous on all approaches. 2. TRAFFIC AND PEOPLE Mixed traffic throughout: numerous two-wheelers (motorcycles and scooters, many with riders in light-coloured shirts, some appearing helmetless), several yellow-and-green auto-rickshaws (at least four across the clip), white and dark cars (including a white SUV, a white sedan, a red car, a dark/black car, a blue hatchback), a white ambulance-type van seen at ~5s, a white box/utility vehicle at ~5s and ~17s, and a large white covered-canvas truck crossing right to left at ~22s. Pedestrians gather on the far right footpath near the lit shops and cross or stand near the junction corners; two or three people are visible near the bottom-right kerb at ~22s. 3. VEHICLES IDENTIFIED None identified. Nighttime lighting and distance prevent reading any badges; body shapes only (SUV, sedan, auto-rickshaw, truck). 4. REGISTRATIONS READ None legible. All plates are either angled away, glare-obscured or too small to read. No registry verification possible. 5. NOTABLE EVENTS - ~17s: a white box/utility van and a white ambulance-type van are seen manoeuvring through the junction with other traffic flowing around them; no collision observed. - ~22s: a large white covered truck crosses the junction diagonally, passing close to a white SUV stopped on the near crossing; no contact observed. - ~22s: a red car is stopped on the zebra crossing in the near lane, facing away from camera, before moving off by ~27s. Otherwise none observed. 6. CROWD AND CONGESTION No queues or jams. Traffic streams continuously in all directions; pedestrians cluster on the right footpath near the shops throughout, peaking at roughly 10 15 people visible in the late frames, but no roadway blockage. 7. TRAFFIC VIOLATIONS - ~22s: a red car stationary on the zebra crossing on the near approach. - Throughout: multiple two-wheeler riders appear to be riding without helmets (e.g. ~0s, ~22s, ~32s). - Vehicles cross the junction while the pedestrian-facing signal shows amber/red on the left approach (visible early frames), suggesting light-jumping on at least one approach (~0 17s). 8. PATTERN OF ACTIVITY The dominant flow is two-wheelers and auto-rickshaws criss-crossing the junction from every direction, typical of a busy commercial intersection after dark. Early frames show cars and vans making through-movements; middle frames are dominated by the truck crossing and the stopped red car; late frames shift to dense two-wheeler and auto-rickshaw traffic with a yellow-green auto near-stationary on the right crossing area. Pedestrian presence near the lit shopfront on the right increases over the clip. No single direction dominates - the junction is effectively in free-for-all mixed flow. 9. QUIET PERIODS None observed. The junction remains continuously busy for the full 55 seconds.
================================================================================

Batches:   0%|          | 0/1 [00:00<?, ?it/s]Batches: 100%|██████████| 1/1 [00:00<00:00, 43.73it/s]
2026-09-02 07:10:28,298 - MainProcess - INFO - ✅ Segment #188 stored in MongoDB
✅ Segment #188 from Camera cam14_stream-14 stored in MongoDB
2026-09-02 07:10:28,299 - MainProcess - INFO - [cam14_stream-14] segment 188 looks alert-worthy - asking z-ai/glm-5.3-flash
2026-09-02 07:10:28,299 - MainProcess - INFO - [AI->] https://openrouter.ai/api/v1/chat/completions z-ai/glm-5.3-flash (max_tokens=1200, prompt=4616 chars)
2026-09-02 07:10:29,301 - MainProcess - INFO - [AI<-] z-ai/glm-5.3-flash ok in 25.6s | prompt_tok=15203 completion_tok=642 cost=$0.001254645 | 2892 chars
2026-09-02 07:10:29,301 - MainProcess - INFO - [VLM] Response received. Content len: 2892, Thinking len: 0
2026-09-02 07:10:29,404 - MainProcess - INFO - [AI<-] z-ai/glm-5.3-flash ok in 1.4s | prompt_tok=1031 completion_tok=7 cost=$7.9075e-05 | 14 chars returned
2026-09-02 07:10:29,405 - MainProcess - INFO - [cam16_stream-16] ✅ Segment #371 complete
2026-09-02 07:10:29,414 - MainProcess - INFO - [cam16_stream-16] #371  22/371 (  5.9%) | seg  51.32s = seek 19.14 (12f, 1.60s/frame) + vlm  29.19 + azure  1.14 + embed  0.24 | avg   9.34s | elapsed 0:03:25 | ETA 0:54:19
2026-09-02 07:10:29,437 - MainProcess - INFO - [AI->] https://openrouter.ai/api/v1/chat/completions z-ai/glm-5.3-flash (12 frames, max_tokens=2600)
2026-09-02 07:10:29,496 - MainProcess - INFO - [AI<-] z-ai/glm-5.3-flash ok in 2.7s | prompt_tok=981 completion_tok=7 cost=$7.1485e-05 | 14 chars returned
2026-09-02 07:10:29,496 - MainProcess - INFO - [cam16_stream-16] ✅ Segment #372 complete
2026-09-02 07:10:29,496 - MainProcess - INFO - [cam16_stream-16] #372  23/371 (  6.2%) | seg  50.65s = seek 19.49 (12f, 1.62s/frame) + vlm  27.49 + azure  0.57 + embed  0.23 | avg   8.94s | elapsed 0:03:25 | ETA 0:51:49

================================================================================
🤖 [cam16_stream-16] SEGMENT VLM - #373 - 2026-06-13 21:00:23
================================================================================
Recorded 13-06-2026 (Saturday) 21:00:23 to 21:00:53 at Visat T Junction, camera cam16_stream-16. 1. SCENE The camera overlooks the Visat T Junction, an elevated view of a wide T-junction with a pedestrian zebra crossing in the foreground, a small circular island with an 'ONGC' sign to the right, a red-and-white advertising hoarding in the distance, and roadside hoardings on the left. Night time; the scene is lit by streetlights and vehicle headlights, giving the footage a grey/infrared-style night appearance. Overlay text 'Visat T Junction P2 RLVD' visible. 2. TRAFFIC AND PEOPLE Light, sparse night traffic throughout. Visible: one person in a white shirt and dark trousers sweeping/walking along the left footpath from the start of the clip; a second person in a light/hi-vis yellow vest joins them near the bottom-left corner around 45s in; two motorcycle riders (one in a light shirt, one in an orange/yellow top) crossing the zebra from left to right about 40 45s in, then another white-shirted rider crossing right-to-left around 50s; a large goods truck (canvas-covered, light-coloured tarpaulin) entering from the right around 55s and passing very close to the camera; a dark car and a bus visible in the distance at various points; distant headlights of vehicles on the far roads throughout. 3. VEHICLES IDENTIFIED None identified. Night footage; makes and models are not discernible. 4. REGISTRATIONS READ None legible. No registration plates can be read at this distance and lighting; nothing to verify against any registry. 5. NOTABLE EVENTS - Around 55s: a large covered goods truck enters from the right and crosses directly in front of the camera, momentarily blocking much of the view of the junction. No collision or unusual behaviour observed. - None otherwise observed. 6. CROWD AND CONGESTION None observed. The junction is clear throughout; no queues or build-ups. 7. TRAFFIC VIOLATIONS Possible helmetless riders on the two motorcycles crossing the zebra around 40 45s, though headgear cannot be confirmed at this resolution. No wrong-way driving, red-light jumping or other violations clearly observed. 8. PATTERN OF ACTIVITY Quiet late-night junction with intermittent, free-flowing traffic dominated by two-wheelers and occasional cars and a truck. Most movement passes across the far side of the junction and around the right-hand island. In the early part of the clip the only activity is a lone person sweeping on the left footpath and distant traffic; the middle of the clip brings a few motorcycles crossing the zebra on foot; the clip closes with the largest vehicle of the sequence, a covered truck, passing close to the camera from the right. Pedestrian activity remains confined to the left footpath, growing from one person to two. 9. QUIET PERIODS Roughly 10s 35s the carriageway is essentially empty, with only the person on the left footpath moving and occasional distant headlights. Otherwise the clip has continuous low-level activity.
================================================================================

Batches:   0%|          | 0/1 [00:00<?, ?it/s]Batches: 100%|██████████| 1/1 [00:00<00:00, 46.08it/s]
2026-09-02 07:10:30,178 - MainProcess - INFO - [AI<-] z-ai/glm-5.3-flash ok in 1.9s | prompt_tok=1121 completion_tok=87 cost=$0.000105825 | 318 chars returned
2026-09-02 07:10:30,178 - MainProcess - INFO - [cam14_stream-14] segment 188 -> 3 alert(s)
2026-09-02 07:10:30,179 - MainProcess - INFO - [ALERT->] POST https://vmsai2026.vmukti.com:8082/api/Analytics/analytics | an_id=41 cam=ATPL-500395-ARCIS | Traffic Violation: Red car stopped on zebra crossing, near approach (~22s)
2026-09-02 07:10:30,226 - MainProcess - INFO - ✅ Segment #373 stored in MongoDB
✅ Segment #373 from Camera cam16_stream-16 stored in MongoDB
2026-09-02 07:10:30,227 - MainProcess - INFO - [cam16_stream-16] segment 373 looks alert-worthy - asking z-ai/glm-5.3-flash
2026-09-02 07:10:30,227 - MainProcess - INFO - [AI->] https://openrouter.ai/api/v1/chat/completions z-ai/glm-5.3-flash (max_tokens=1200, prompt=4277 chars)
2026-09-02 07:10:30,378 - MainProcess - INFO - [AI->] https://openrouter.ai/api/v1/chat/completions z-ai/glm-5.3-flash (12 frames, max_tokens=2600)
2026-09-02 07:10:35,399 - MainProcess - INFO - [AI<-] z-ai/glm-5.3-flash ok in 85.9s | prompt_tok=15205 completion_tok=2600 cost=$0.001790375 | 0 chars
2026-09-02 07:10:35,399 - MainProcess - INFO - [VLM] Response received. Content len: 0, Thinking len: 11132
2026-09-02 07:10:35,654 - MainProcess - INFO - [AI<-] z-ai/glm-5.3-flash ok in 5.4s | prompt_tok=1025 completion_tok=15 cost=$0.00016125 | 14 chars returned
2026-09-02 07:10:35,654 - MainProcess - INFO - [cam16_stream-16] ✅ Segment #373 complete
2026-09-02 07:10:35,654 - MainProcess - INFO - [cam16_stream-16] #373  24/371 (  6.5%) | seg  50.36s = seek 17.23 (12f, 1.44s/frame) + vlm  26.13 + azure  0.96 + embed  0.42 | avg   8.82s | elapsed 0:03:31 | ETA 0:51:00
2026-09-02 07:10:35,900 - MainProcess - ERROR - [cam14_stream-14] Segment #184 VLM FAILED, not storing: [Error: VLM produced only reasoning after 1 attempts]
2026-09-02 07:10:35,905 - MainProcess - INFO - [cam14_stream-14] #184  18/549 (  3.3%) | seg  99.99s = seek 12.15 (12f, 1.01s/frame) + vlm  86.40 + azure  1.26 + embed  0.00 | avg  11.71s | elapsed 0:03:30 | ETA 1:43:37
2026-09-02 07:10:39,543 - MainProcess - INFO - [AI->] https://openrouter.ai/api/v1/chat/completions z-ai/glm-5.3-flash (12 frames, max_tokens=2600)
2026-09-02 07:10:40,006 - MainProcess - INFO - [AI->] https://openrouter.ai/api/v1/chat/completions z-ai/glm-5.3-flash (12 frames, max_tokens=2600)
2026-09-02 07:10:45,241 - MainProcess - INFO - [AI->] https://openrouter.ai/api/v1/chat/completions z-ai/glm-5.3-flash (12 frames, max_tokens=2600)
2026-09-02 07:10:45,277 - MainProcess - INFO - [AI->] https://openrouter.ai/api/v1/chat/completions z-ai/glm-5.3-flash (12 frames, max_tokens=2600)
2026-09-02 07:10:49,689 - MainProcess - INFO - [AI<-] z-ai/glm-5.3-flash ok in 28.7s | prompt_tok=15205 completion_tok=652 cost=$0.001257295 | 2818 chars
2026-09-02 07:10:49,689 - MainProcess - INFO - [VLM] Response received. Content len: 2818, Thinking len: 13

================================================================================
🤖 [cam14_stream-14] SEGMENT VLM - #191 - 2026-06-14 00:10:20
================================================================================
Recorded 14-06-2026 (Sunday) 00:10:20 to 00:10:50 at Unknown Location (cam14), camera cam14_stream-14. 1. SCENE The camera overlooks a large signal-controlled road junction at night, lit by street lighting and bright commercial signage. An illuminated 'WESTBANK' sign and other shopfronts are visible on the far right corner. Zebra crossings, a raised central traffic island and 'STOP' road markings are visible in the foreground. A traffic signal on the left shows amber through much of the clip. Road surfaces appear damp, suggesting recent rain. Overlay text reads 'DELIGHT P1 RLVD'. 2. TRAFFIC AND PEOPLE Steady mixed traffic throughout: approximately 15-25 motorcycles/scooters with riders, several cars (white, silver, black, dark red), at least three yellow-and-green auto-rickshaws, one red/blue single-decker bus, one yellow three-wheeler, and one large red/brown box truck. A small number of pedestrians are visible on the right-side footpath near the shops; a few riders wait near the crossing line at various points. No large pedestrian crossings of the carriageway are clearly visible. 3. VEHICLES IDENTIFIED None identified. (Nighttime footage; makes and models not legible. A box truck with 'KATARIA' and a 'RAJA' logo on its rear doors is noted but its make/model cannot be read.) 4. REGISTRATIONS READ None legible. No registration numbers can be read from any vehicle in this clip; no reads to report, all would be single unverified automatic reads only. 5. NOTABLE EVENTS None observed. Traffic flows through the junction in all directions without any visible collision, near-miss, or stoppage. The red/blue bus (0s) and the large 'KATARIA' box truck (roughly 25s-45s) pass straight through the junction in opposing general flows; both are large vehicles partially occluding the view but behave normally. 6. CROWD AND CONGESTION None observed. Traffic is continuous but free-flowing; no queues or jams form during the clip. 7. TRAFFIC VIOLATIONS None observed. Riders appear helmeted where discernible; no wrong-way movement, red-light jumping or footpath driving can be confirmed at night resolution. 8. PATTERN OF ACTIVITY This is a busy urban junction carrying steady late-night traffic in all four directions, dominated by two-wheelers and cars with occasional autos, a bus and a freight truck. In the opening seconds a red/blue bus crosses the junction toward the camera and exits bottom-right by about 10s. Mid-clip, a yellow three-wheeler (around 15s) and then a large 'KATARIA' box truck (around 25s-45s) pass through toward the far side, the truck briefly blocking much of the view. The final seconds show lighter traffic - scooters, a white van, a white SUV and auto-rickshaws clearing the junction. Nothing changes in pattern; flow remains constant and multi-directional throughout. 9. QUIET PERIODS None observed. Vehicles are in motion in every sampled frame across the 55 seconds.
================================================================================

Batches:   0%|          | 0/1 [00:00<?, ?it/s]Batches: 100%|██████████| 1/1 [00:00<00:00, 37.90it/s]
2026-09-02 07:10:50,644 - MainProcess - INFO - ✅ Segment #191 stored in MongoDB
✅ Segment #191 from Camera cam14_stream-14 stored in MongoDB
2026-09-02 07:10:50,644 - MainProcess - INFO - [cam14_stream-14] segment 191 looks alert-worthy - asking z-ai/glm-5.3-flash
2026-09-02 07:10:50,644 - MainProcess - INFO - [AI->] https://openrouter.ai/api/v1/chat/completions z-ai/glm-5.3-flash (max_tokens=1200, prompt=4217 chars)
2026-09-02 07:10:51,699 - MainProcess - INFO - [AI<-] z-ai/glm-5.3-flash ok in 26.5s | prompt_tok=15205 completion_tok=600 cost=$0.001244295 | 2676 chars
2026-09-02 07:10:51,699 - MainProcess - INFO - [VLM] Response received. Content len: 2676, Thinking len: 0

================================================================================
🤖 [cam14_stream-14] SEGMENT VLM - #192 - 2026-06-14 00:11:20
================================================================================
Recorded 14-06-2026 (Sunday) 00:11:20 to 00:11:50 at Unknown Location (cam14), camera cam14_stream-14. 1. SCENE The camera overlooks a large, busy urban road junction at night, lit by streetlights, shop signage and vehicle headlights. A signalised intersection with zebra crossings in the foreground, a small central traffic island/median structure, and illuminated commercial premises on the right (a sign reading "WESTBANK" is visible). An amber traffic signal faces the camera approach for much of the clip. Road markings reading "STOP" are visible in the foreground lanes. Conditions are dry with some headlight glare. 2. TRAFFIC AND PEOPLE Steady mixed traffic throughout: numerous motorcycles/scooters (most riders with riders in white, red and dark clothing), several yellow-and-green auto-rickshaws (at least four distinct ones), white hatchbacks and sedans, a dark red/maroon car, a blue car, a silver/grey car, a white SUV, a white van, and a large goods truck entering near the end. Pedestrians are visible on the right footpath near the shops and one person in a light blue shirt crosses the road on foot around 5-10s. Traffic flows in multiple directions through the junction with no major queue. 3. VEHICLES IDENTIFIED None identified. (Night footage; body shapes and colours only - no badges or models legible.) 4. REGISTRATIONS READ None legible. (All plates are too small, angled or glare-obscured; no reads made, verified or otherwise.) 5. NOTABLE EVENTS - Around 5-10s: a pedestrian in a light blue shirt walks across the carriageway near the left zebra crossing among moving traffic; no conflict observed. - Throughout: vehicles negotiate the junction while the signal facing the camera shows amber; some cross traffic moves on conflicting headings but no collision or near-miss is clearly visible. - Otherwise none observed. 6. CROWD AND CONGESTION None observed. Traffic is continuous but free-flowing; small groups of pedestrians (roughly 10-20) stand on the right footpath near the shops throughout, not obstructing the road. 7. TRAFFIC VIOLATIONS None observed. (Signal state for cross-traffic is not fully determinable; no helmetless riders, wrong-way movement or footpath driving clearly visible.) 8. PATTERN OF ACTIVITY This is a busy commercial junction at night with continuous multi-directional traffic dominated by two-wheelers and auto-rickshaws, punctuated by cars and one truck. In the early part of the clip a white van and white sedans cross the junction centre; mid-clip a maroon car, a blue car and several autos pass through; in the final seconds a large goods truck enters from the right and a white SUV crosses the foreground, partially blocking the view. Activity is constant with no quiet phase. 9. QUIET PERIODS None observed.
================================================================================

Batches:   0%|          | 0/1 [00:00<?, ?it/s]Batches: 100%|██████████| 1/1 [00:00<00:00, 52.54it/s]
2026-09-02 07:10:52,428 - MainProcess - INFO - ✅ Segment #192 stored in MongoDB
✅ Segment #192 from Camera cam14_stream-14 stored in MongoDB
2026-09-02 07:10:52,429 - MainProcess - INFO - [cam14_stream-14] segment 192 looks alert-worthy - asking z-ai/glm-5.3-flash
2026-09-02 07:10:52,429 - MainProcess - INFO - [AI->] https://openrouter.ai/api/v1/chat/completions z-ai/glm-5.3-flash (max_tokens=1200, prompt=4075 chars)
2026-09-02 07:10:53,129 - MainProcess - INFO - [AI<-] z-ai/glm-5.3-flash ok in 2.5s | prompt_tok=1034 completion_tok=7 cost=$7.93e-05 | 14 chars returned
2026-09-02 07:10:53,129 - MainProcess - INFO - [cam14_stream-14] ✅ Segment #191 complete
2026-09-02 07:10:53,219 - MainProcess - INFO - [Memory] RAM: 3.6% | Process: 3.05GB | GPU: 1124/24564MB (4.6%)
2026-09-02 07:10:53,220 - MainProcess - INFO - [cam14_stream-14] #191  19/549 (  3.5%) | seg  41.99s = seek  8.53 (12f, 0.71s/frame) + vlm  29.16 + azure  1.17 + embed  0.45 | avg  12.00s | elapsed 0:03:48 | ETA 1:46:01
2026-09-02 07:10:53,419 - MainProcess - INFO - [AI<-] z-ai/glm-5.3-flash ok in 32.5s | prompt_tok=15203 completion_tok=866 cost=$0.001310645 | 3112 chars
2026-09-02 07:10:53,419 - MainProcess - INFO - [VLM] Response received. Content len: 3112, Thinking len: 483
2026-09-02 07:10:53,753 - MainProcess - INFO - [AI<-] z-ai/glm-5.3-flash ok in 138.2s | prompt_tok=15203 completion_tok=711 cost=$0.001271895 | 3060 chars
2026-09-02 07:10:53,753 - MainProcess - INFO - [VLM] Response received. Content len: 3060, Thinking len: 0
2026-09-02 07:10:53,875 - MainProcess - INFO - [AI<-] z-ai/glm-5.3-flash ok in 24.4s | prompt_tok=15203 completion_tok=614 cost=$0.001247645 | 2701 chars
2026-09-02 07:10:53,876 - MainProcess - INFO - [VLM] Response received. Content len: 2701, Thinking len: 0

================================================================================
🤖 [cam16_stream-16] SEGMENT VLM - #374 - 2026-06-13 21:01:23
================================================================================
Recorded 13-06-2026 (Saturday) 21:01:23 to 21:01:53 at Visat T Junction, camera cam16_stream-16. 1. SCENE The camera overlooks Visat T Junction from an elevated position, looking across a zebra crossing toward a large island/roundabout area with an HP fuel station visible to the right, street lighting throughout. Conditions are dark; this is night-time footage lit by streetlights, with vehicle headlights prominent. The area is predominantly empty carriageway with light traffic. 2. TRAFFIC AND PEOPLE - Approximately 3-4 pedestrians on the left footpath at the start of the clip, one in a white outfit and at least one in dark clothing; they disperse or move out of frame by around 15s. - One person in light/white clothing crouching at the left kerb edge near the crossing from roughly 15s to 40s, appearing to handle something at ground level; a white bag-like object lies beside them. - One large white bus with interior lights on, approaching from the far side and stopping at/near the zebra crossing around 35s, gone by 40s. - One motorcycle with a rider in a white shirt crossing the zebra away from camera around 35s. - One dark auto rickshaw entering from the bottom right and moving toward the junction at around 35s. - Two distant two-wheelers on the far carriageway around 5s and again near the roundabout at 45-50s. - One pedestrian in a light shirt and dark lower clothing crossing the zebra toward the camera from the left, carrying what appears to be a white bag, at 50-55s. 3. VEHICLES IDENTIFIED None identified. (Night footage; no badges or body shapes legible enough to name a make or model.) 4. REGISTRATIONS READ None legible. 5. NOTABLE EVENTS - Around 15s to 40s, a person in light clothing crouches for an extended period at the left kerb beside the crossing, handling objects at ground level next to a white bag. Prolonged crouching/loitering at a crossing at night is flagged as worthy of review. - The white bus around 35s comes to a stop with its front at/near the zebra crossing before moving off; no collision observed. 6. CROWD AND CONGESTION None observed. Traffic is sparse throughout. 7. TRAFFIC VIOLATIONS - Around 35s, the motorcycle rider crossing the zebra appears to be riding without a helmet (head uncovered in the frame). 8. PATTERN OF ACTIVITY This is a quiet night-time period at the junction. The dominant movement is light, intermittent two-wheeler and bus traffic approaching from the far side and passing around the roundabout, with occasional vehicles toward the camera. The early part of the clip shows a small group of pedestrians on the left footpath who disperse; the middle of the clip is nearly empty except for the person crouching at the left kerb; the late part shows renewed movement with a bus, a motorcycle and an auto rickshaw passing through, ending with a single pedestrian crossing the zebra toward the camera. No build-up or directional flow pattern develops at any point. 9. QUIET PERIODS Roughly 10s to 30s the carriageway itself is empty of moving traffic, with only the crouching pedestrian at the left kerb and distant stationary lights; around 40s to 45s the junction is again clear of vehicles before the late-clip activity.
================================================================================

Batches:   0%|          | 0/1 [00:00<?, ?it/s]Batches: 100%|██████████| 1/1 [00:00<00:00, 32.90it/s]
2026-09-02 07:10:54,242 - MainProcess - INFO - [AI<-] z-ai/glm-5.3-flash ok in 23.9s | prompt_tok=15205 completion_tok=554 cost=$0.001232795 | 2449 chars
2026-09-02 07:10:54,242 - MainProcess - INFO - [VLM] Response received. Content len: 2449, Thinking len: 0

================================================================================
🤖 [cam16_stream-16] SEGMENT VLM - #363 - 2026-06-13 20:50:23
================================================================================
Recorded 13-06-2026 (Saturday) 20:50:23 to 20:50:53 at Visat T Junction, camera cam16_stream-16. 1. SCENE The camera overlooks Visat T Junction (camera marked "Visat T Junction P2 RLVD" in the overlay), covering a wide T-junction with a raised central island planted with trees, a zebra crossing across the near approach, and road approaches leading left (north-west), right (north-east) and away from camera. It is night-time; the scene is lit by streetlights and vehicle headlights. Traffic signal posts are visible on the left and right of the junction. 2. TRAFFIC AND PEOPLE Traffic is very light throughout. Visible across the clip: one motorcycle with rider and pillion entering from the far end toward camera (around 0-5s); one white hatchback/sedan travelling away from camera across the junction (around 24-29s); one two-wheeler with headlight entering from the right approach (around 29s); one scooter/motorcycle with rider on the left side of the junction (around 29s, again around 34s); one red car far up the road (around 14-19s and 34s); one bus or large vehicle with headlights on approaching from the far end (around 44s); one large goods truck with a covered/exposed load crossing the junction from the right foreground toward the left (around 39-44s), with what appears to be a person standing in its open rear cargo bed; one motorcycle approaching the camera (around 49s); and a further two-wheeler from the right approach (around 54s). No pedestrians are seen crossing the zebra crossing. 3. VEHICLES IDENTIFIED None identified. All vehicles are seen at night at distance or with headlight flare; no make or model badges or unmistakable body shapes can be read. 4. REGISTRATIONS READ None legible. No registration plates on any vehicle are readable in these night frames. 5. NOTABLE EVENTS - Around 39-44s: a large goods truck crosses the junction with what appears to be a person standing in its open rear cargo bay, visible at the ~39-40s frame. This may indicate carriage of a person in an uncovered cargo area and is flagged for review. 6. CROWD AND CONGESTION None observed. No queues, jams or pedestrian build-ups occur at any point. 7. TRAFFIC VIOLATIONS - Around 39-44s: person(s) apparently riding in the open cargo bed of a moving goods truck rather than the cabin. No helmetless riders, red-light jumping, wrong-way driving or footpath driving can be confirmed due to image quality and distance. 8. PATTERN OF ACTIVITY This is a quiet, late-night period at the junction with only occasional, widely spaced vehicles. Early in the clip the dominant movement is two-wheelers and light cars passing through or away from the junction; mid-clip is almost empty with only distant headlights; late in the clip a heavy goods truck makes the only large-vehicle movement, crossing the junction from the right approach, followed by scattered two-wheelers. Overall movement is light and free-flowing in all approaches with no dominant direction. 9. QUIET PERIODS Roughly 5-14s, 19-24s and 49-54s show no moving traffic within the frame; the junction is otherwise intermittently active. The quietest stretch is approximately 19-24s.
================================================================================

Batches:   0%|          | 0/1 [00:00<?, ?it/s]Batches: 100%|██████████| 1/1 [00:00<00:00, 42.64it/s]
2026-09-02 07:10:54,355 - MainProcess - INFO - ✅ Segment #374 stored in MongoDB
✅ Segment #374 from Camera cam16_stream-16 stored in MongoDB
2026-09-02 07:10:54,356 - MainProcess - INFO - [cam16_stream-16] segment 374 looks alert-worthy - asking z-ai/glm-5.3-flash
2026-09-02 07:10:54,356 - MainProcess - INFO - [AI->] https://openrouter.ai/api/v1/chat/completions z-ai/glm-5.3-flash (max_tokens=1200, prompt=4497 chars)

================================================================================
🤖 [cam16_stream-16] SEGMENT VLM - #375 - 2026-06-13 21:02:23
================================================================================
Recorded 13-06-2026 (Saturday) 21:02:23 to 21:02:53 at Visat T Junction, camera cam16_stream-16. 1. SCENE The camera overlooks Visat T Junction (overlay text 'Visat T Junction P2 RLVD'), a signalised T-junction with a zebra crossing in the foreground, a raised central island/roundabout area to the right with trees and white advertising boards (text 'on c' partially visible), a blue hoarding structure on the left footpath, and traffic signals on both sides. It is night; the scene is lit by amber street lighting and vehicle headlights. Roads appear dry and largely empty. 2. TRAFFIC AND PEOPLE Very light traffic throughout. Visible: one motorcycle with headlight approaching from the far end at the start of the clip; a second motorcycle with rider in light/white clothing moving toward the camera near the island around 49s; a dark-coloured car crossing the right arm around 49s; a large dark vehicle (bus or truck) entering from the right arm around 54s and moving leftward; distant stationary vehicles and a small group of people standing near the far-left hoarding area throughout; a dog on the left footpath around 44-49s. No pedestrians cross the zebra. 3. VEHICLES IDENTIFIED None identified. (Night-time footage; no badges or recognisable body shapes legible.) 4. REGISTRATIONS READ None legible. 5. NOTABLE EVENTS None observed. The junction is quiet; the large dark vehicle entering from the right at ~54s and turning left across the junction is normal movement, not an obstruction. 6. CROWD AND CONGESTION None observed. No queues or build-ups at any point. 7. TRAFFIC VIOLATIONS None observed. The apparent red signal in early frames (amber/red visible ~0s and ~34s) coincides with no traffic crossing against it. Rider helmet status is not resolvable at this resolution. 8. PATTERN OF ACTIVITY This is a very quiet night-time period at the junction. The dominant activity is occasional isolated two-wheelers and one large vehicle passing through on the main carriageway, with a small stationary group of people and parked/stopped vehicles remaining at the far end near the left hoarding throughout. Early frames show a single motorcycle approaching head-on (~0-5s) then empty road; mid-clip frames are almost entirely empty apart from a vehicle with bright headlights near the far end (~39-44s); late frames bring a motorcycle toward the camera (~49s), a dark car on the right arm (~49s) and a dark bus/truck turning across the junction from the right (~54s) before the road empties again. No directional flow pattern is established given the sparse traffic. 9. QUIET PERIODS Approximately 5s to 39s: no moving vehicles on the junction itself; only distant headlights and the stationary group at the far end. Also ~59s to the end of the clip after the large vehicle exits.
================================================================================

Batches:   0%|          | 0/1 [00:00<?, ?it/s]Batches: 100%|██████████| 1/1 [00:00<00:00, 51.29it/s]
2026-09-02 07:10:54,607 - MainProcess - INFO - ✅ Segment #375 stored in MongoDB
✅ Segment #375 from Camera cam16_stream-16 stored in MongoDB
2026-09-02 07:10:54,607 - MainProcess - INFO - [cam16_stream-16] segment 375 looks alert-worthy - asking z-ai/glm-5.3-flash
2026-09-02 07:10:54,607 - MainProcess - INFO - [AI->] https://openrouter.ai/api/v1/chat/completions z-ai/glm-5.3-flash (max_tokens=1200, prompt=4086 chars)

================================================================================
🤖 [cam14_stream-14] SEGMENT VLM - #193 - 2026-06-14 00:12:20
================================================================================
Recorded 14-06-2026 (Sunday) 00:12:20 to 00:12:50 at Unknown Location (cam14), camera cam14_stream-14. 1. SCENE A large signalised city intersection at night, viewed from an elevated position. Zebra crossings on all approaches, a small traffic island/refuge in the centre, and a yellow-and-black striped median kerb in the foreground. Illuminated retail premises are visible on the far right, one with legible signage reading "WESTBANK". Lighting is streetlight and shop signage; traffic signals on the left show amber/red. Conditions are dry. 2. TRAFFIC AND PEOPLE Steady mixed traffic throughout: numerous motorcycles/scooters (various colours), several yellow-and-green auto-rickshaws, cars including a white SUV parked on the far right forecourt throughout, a white hatchback, a silver/grey SUV, a dark red/maroon car, a black SUV, a green-canopied truck entering around 20s, a white light commercial/delivery truck, and a yellow truck around 40s. Pedestrians: two people standing on the right kerb near the crossing from the start, two pedestrians crossing the zebra left-of-centre around 25-30s, and a few individuals waiting on the left kerb later in the clip. Total vehicles over the clip is in the order of 25-35. 3. VEHICLES IDENTIFIED None identified. (Night footage; no badges or distinguishing model features legible.) 4. REGISTRATIONS READ None legible. 5. NOTABLE EVENTS None observed. Traffic and pedestrian movement appear orderly; no collisions, near-misses or suspicious behaviour visible. 6. CROWD AND CONGESTION None observed. Traffic flows continuously without queuing; a small group of pedestrians waits at the right kerb in the opening seconds and near the left kerb around 40-50s, but no significant build-up. 7. TRAFFIC VIOLATIONS None observed. (Helmet use cannot be assessed on these night frames.) 8. PATTERN OF ACTIVITY This is a busy but free-flowing night-time junction. Movement is multi-directional as vehicles negotiate the central island, with the strongest flow entering from the left approach and heading across to the right. The early portion is dominated by two-wheelers and a white truck, the middle by a green truck and car traffic, and the later portion by auto-rickshaws and a silver SUV. A dark sedan passes close under the camera around 40s, briefly obscuring the view. Throughout, the two pedestrians near the right crossing remain in place, and pedestrian crossings are used intermittently. 9. QUIET PERIODS None observed. Vehicles are in motion on every sampled frame across the full 55 seconds.
================================================================================

Batches:   0%|          | 0/1 [00:00<?, ?it/s]Batches: 100%|██████████| 1/1 [00:00<00:00, 56.05it/s]
2026-09-02 07:10:54,966 - MainProcess - INFO - ✅ Segment #363 stored in MongoDB
✅ Segment #363 from Camera cam16_stream-16 stored in MongoDB
2026-09-02 07:10:54,966 - MainProcess - INFO - [cam16_stream-16] segment 363 looks alert-worthy - asking z-ai/glm-5.3-flash
2026-09-02 07:10:54,966 - MainProcess - INFO - [AI->] https://openrouter.ai/api/v1/chat/completions z-ai/glm-5.3-flash (max_tokens=1200, prompt=4445 chars)
2026-09-02 07:10:54,968 - MainProcess - INFO - ✅ Segment #193 stored in MongoDB
✅ Segment #193 from Camera cam14_stream-14 stored in MongoDB
2026-09-02 07:10:54,968 - MainProcess - INFO - [cam14_stream-14] segment 193 looks alert-worthy - asking z-ai/glm-5.3-flash
2026-09-02 07:10:54,968 - MainProcess - INFO - [AI->] https://openrouter.ai/api/v1/chat/completions z-ai/glm-5.3-flash (max_tokens=1200, prompt=3848 chars)
2026-09-02 07:10:55,830 - MainProcess - INFO - [AI<-] z-ai/glm-5.3-flash ok in 0.9s | prompt_tok=939 completion_tok=7 cost=$0.00014435 | 14 chars returned
2026-09-02 07:10:55,830 - MainProcess - INFO - [cam14_stream-14] ✅ Segment #193 complete
2026-09-02 07:10:55,830 - MainProcess - INFO - [cam14_stream-14] #193  20/549 (  3.6%) | seg  32.87s = seek  6.51 (12f, 0.54s/frame) + vlm  24.37 + azure  0.76 + embed  0.22 | avg  11.53s | elapsed 0:03:50 | ETA 1:41:41
2026-09-02 07:10:56,985 - MainProcess - INFO - [AI<-] z-ai/glm-5.3-flash ok in 4.6s | prompt_tok=985 completion_tok=7 cost=$7.5625e-05 | 14 chars returned
2026-09-02 07:10:56,986 - MainProcess - INFO - [cam14_stream-14] ✅ Segment #192 complete
2026-09-02 07:10:56,986 - MainProcess - INFO - [cam14_stream-14] #192  21/549 (  3.8%) | seg  41.40s = seek  8.31 (12f, 0.69s/frame) + vlm  27.05 + azure  1.06 + embed  0.23 | avg  11.04s | elapsed 0:03:51 | ETA 1:37:08
2026-09-02 07:10:57,452 - MainProcess - INFO - [AI<-] z-ai/glm-5.3-flash ok in 2.8s | prompt_tok=997 completion_tok=7 cost=$7.6525e-05 | 14 chars returned
2026-09-02 07:10:57,452 - MainProcess - INFO - [cam16_stream-16] ✅ Segment #375 complete
2026-09-02 07:10:57,493 - MainProcess - INFO - [AI<-] z-ai/glm-5.3-flash ok in 3.1s | prompt_tok=1117 completion_tok=64 cost=$9.9775e-05 | 141 chars returned
2026-09-02 07:10:57,493 - MainProcess - INFO - [cam16_stream-16] segment 374 -> 1 alert(s)
2026-09-02 07:10:57,493 - MainProcess - WARNING - [cam16_stream-16] no VMS device id in camera_did_map.json - alert skipped: Person crouching ~25s at kerb by crossing at night, handling objects beside white bag
2026-09-02 07:10:57,494 - MainProcess - INFO - [cam16_stream-16] ✅ Segment #374 complete
2026-09-02 07:10:57,707 - MainProcess - INFO - [AI<-] z-ai/glm-5.3-flash ok in 2.7s | prompt_tok=1094 completion_tok=37 cost=$9.13e-05 | 129 chars returned
2026-09-02 07:10:57,707 - MainProcess - INFO - [cam16_stream-16] segment 363 -> 1 alert(s)
2026-09-02 07:10:57,707 - MainProcess - WARNING - [cam16_stream-16] no VMS device id in camera_did_map.json - alert skipped: Person apparently standing in open cargo bed of moving goods truck, ~39-44s
2026-09-02 07:10:57,708 - MainProcess - INFO - [cam16_stream-16] ✅ Segment #363 complete
2026-09-02 07:10:57,771 - MainProcess - INFO - [Memory] RAM: 3.9% | Process: 3.09GB | GPU: 2105/24564MB (8.6%)
2026-09-02 07:10:57,771 - MainProcess - INFO - [cam16_stream-16] #375  25/371 (  6.7%) | seg  36.75s = seek  7.48 (12f, 0.62s/frame) + vlm  24.94 + azure  1.10 + embed  0.23 | avg   9.35s | elapsed 0:03:53 | ETA 0:53:55
2026-09-02 07:10:57,771 - MainProcess - INFO - [cam16_stream-16] #374  26/371 (  7.0%) | seg  46.79s = seek  8.98 (12f, 0.75s/frame) + vlm  32.97 + azure  1.11 + embed  0.43 | avg   8.99s | elapsed 0:03:53 | ETA 0:51:42
2026-09-02 07:10:57,771 - MainProcess - INFO - [cam16_stream-16] #363  27/371 (  7.3%) | seg 147.54s = seek  4.08 (12f, 0.34s/frame) + vlm 138.68 + azure  1.16 + embed  0.71 | avg   8.66s | elapsed 0:03:53 | ETA 0:49:38
2026-09-02 07:11:00,279 - MainProcess - ERROR - [ALERT!!] [cam14_stream-14] POST failed: timed out | Traffic Violation: Red car stopped on zebra crossing, near approach (~22s)
2026-09-02 07:11:00,280 - MainProcess - INFO - [ALERT->] POST https://vmsai2026.vmukti.com:8082/api/Analytics/analytics | an_id=41 cam=ATPL-500395-ARCIS | Traffic Violation: Multiple helmetless two-wheeler riders throughout clip
2026-09-02 07:11:01,777 - MainProcess - INFO - [AI->] https://openrouter.ai/api/v1/chat/completions z-ai/glm-5.3-flash (12 frames, max_tokens=2600)
2026-09-02 07:11:01,975 - MainProcess - INFO - [AI<-] z-ai/glm-5.3-flash ok in 22.4s | prompt_tok=15203 completion_tok=544 cost=$0.001230145 | 2279 chars
2026-09-02 07:11:01,975 - MainProcess - INFO - [VLM] Response received. Content len: 2279, Thinking len: 13

================================================================================
🤖 [cam16_stream-16] SEGMENT VLM - #376 - 2026-06-13 21:03:23
================================================================================
Recorded 13-06-2026 (Saturday) 21:03:23 to 21:03:53 at Visat T Junction, camera cam16_stream-16. 1. SCENE The camera overlooks Visat T Junction (overlay text "Visat T Junction P2 RLVD") at night, lit by streetlights. A signal-controlled T-junction with a pedestrian zebra crossing in the foreground, a roundabout/traffic island to the right (with what appears to be an "ONGC" sign on its kerb), hoardings and a blue-hoarded compound on the left, and traffic signals at the kerbside. 2. TRAFFIC AND PEOPLE - One pedestrian in light/white top and reddish lower garment on the left footpath at the start, walking toward the crossing; still on the left footpath around 50s in. - One orange/cream bus entering from the bottom right around 10s, exiting left. - One large truck/tractor-trailer entering from the bottom of frame around 10s, moving away from camera, followed by a second tipper-type truck visible around 15s moving away up the road. - One motorcycle with headlight on crossing the junction from left to right around 15s, rider in light-coloured clothing. - One white/light car crossing the junction from left to right around 40s. - One tanker truck (round pale tank) moving away from camera around 44s. - One motorcycle passing left to right near the roundabout around 44s. - A car with headlights on approaching from the distance around 50-55s. 3. VEHICLES IDENTIFIED None identified. (Night footage; no badges or unmistakable model details legible.) 4. REGISTRATIONS READ None legible. 5. NOTABLE EVENTS None observed. 6. CROWD AND CONGESTION None observed. 7. TRAFFIC VIOLATIONS None observed. (Helmet status of riders not resolvable at this distance/lighting.) 8. PATTERN OF ACTIVITY Light, free-flowing night traffic dominated by heavy vehicles (two trucks and a tanker) travelling away from the camera through the junction in the first half of the clip, and lighter vehicles (motorcycles and a white car) crossing left-to-right in the second half. The first ~10 seconds are almost empty apart from a single pedestrian on the left footpath; mid-clip has the heaviest movement; the final seconds return to near-empty road with only a distant approaching car. 9. QUIET PERIODS Approximately 0-8s (only the pedestrian moving) and approximately 47-55s (only distant vehicle headlights) were effectively quiet. The remainder had at least one vehicle in motion.
================================================================================

Batches:   0%|          | 0/1 [00:00<?, ?it/s]Batches: 100%|██████████| 1/1 [00:00<00:00, 45.30it/s]
2026-09-02 07:11:02,707 - MainProcess - INFO - ✅ Segment #376 stored in MongoDB
✅ Segment #376 from Camera cam16_stream-16 stored in MongoDB
2026-09-02 07:11:02,708 - MainProcess - INFO - [cam16_stream-16] segment 376 looks alert-worthy - asking z-ai/glm-5.3-flash
2026-09-02 07:11:02,708 - MainProcess - INFO - [AI->] https://openrouter.ai/api/v1/chat/completions z-ai/glm-5.3-flash (max_tokens=1200, prompt=3664 chars)
2026-09-02 07:11:05,274 - MainProcess - INFO - [AI<-] z-ai/glm-5.3-flash ok in 2.6s | prompt_tok=924 completion_tok=7 cost=$7.105e-05 | 14 chars returned
2026-09-02 07:11:05,274 - MainProcess - INFO - [cam16_stream-16] ✅ Segment #376 complete
2026-09-02 07:11:05,278 - MainProcess - INFO - [cam16_stream-16] #376  28/371 (  7.5%) | seg  35.87s = seek  8.85 (12f, 0.74s/frame) + vlm  22.94 + azure  1.13 + embed  0.23 | avg   8.62s | elapsed 0:04:01 | ETA 0:49:15
2026-09-02 07:11:07,116 - MainProcess - INFO - [AI<-] z-ai/glm-5.3-flash ok in 21.9s | prompt_tok=15203 completion_tok=609 cost=$0.001246395 | 2582 chars
2026-09-02 07:11:07,117 - MainProcess - INFO - [VLM] Response received. Content len: 2582, Thinking len: 0
2026-09-02 07:11:07,419 - MainProcess - INFO - [AI<-] z-ai/glm-5.3-flash ok in 27.4s | prompt_tok=15203 completion_tok=803 cost=$0.001294895 | 2623 chars
2026-09-02 07:11:07,419 - MainProcess - INFO - [VLM] Response received. Content len: 2623, Thinking len: 634

================================================================================
🤖 [cam16_stream-16] SEGMENT VLM - #378 - 2026-06-13 21:05:23
================================================================================
Recorded 13-06-2026 (Saturday) 21:05:23 to 21:05:53 at Visat T Junction, camera cam16_stream-16. 1. SCENE The camera overlooks Visat T Junction (overlay text "Visat T Junction P2 RLVD"), a wide T-junction with a zebra crossing in the foreground and a raised, kerbed island with billboards in the background. Night-time, lit by streetlights; footage has the grey/green cast of low-light CCTV. 2. TRAFFIC AND PEOPLE - One pedestrian in dark clothing crossing the zebra from right to left, then standing on the left kerbside for the rest of the clip. - One two-wheeler with headlight, entering from the left near the kerb around 4s, later seen again around 25s near the left kerb. - One white car parked/moving slowly on the far left near the blue hoarding, visible around 10-15s. - One motorcycle with headlight in the middle distance moving away from camera around 4-9s and again around 14s. - One large box truck (white cab, brown/tan container body) crossing the junction from right to left across the zebra area around 19-25s. - One tanker truck (white cab, light cylindrical tank) passing close to the camera right-to-left around 40-45s. - One bus/heavy vehicle on the right-hand arm around 45s. - Distant headlights and a red-lit vehicle in the background road throughout. 3. VEHICLES IDENTIFIED None identified. (Night footage; makes and models not legible.) 4. REGISTRATIONS READ None legible. (No plate readable at any point in this clip; any mention would be a single automatic read, not verified against any registry.) 5. NOTABLE EVENTS - Around 19-25s: a large box truck crosses the junction directly over the zebra crossing while the pedestrian area is in use; no collision, but the pedestrian had just cleared the crossing seconds earlier. Possibly worth noting as a near-miss/close pass. - No other incidents. 6. CROWD AND CONGESTION None observed. Traffic is sparse throughout. 7. TRAFFIC VIOLATIONS - Helmetless rider cannot be confirmed on these night frames - not stated. - None clearly observed. 8. PATTERN OF ACTIVITY Light, free-flowing night traffic dominated by heavy vehicles (a box truck and a tanker) passing right-to-left across the junction in the middle and later parts of the clip, with occasional two-wheelers. The main change between early and late frames is the pedestrian: actively crossing the zebra in the first ~15 seconds, then standing stationary on the left kerb for the remaining ~40 seconds. Background traffic consists of distant headlights on the far approach. 9. QUIET PERIODS - Approximately 25-40s and 45-55s the junction is essentially empty except for the stationary pedestrian on the left kerb; no moving vehicles in view.
================================================================================

Batches:   0%|          | 0/1 [00:00<?, ?it/s]Batches: 100%|██████████| 1/1 [00:00<00:00, 53.88it/s]
2026-09-02 07:11:07,849 - MainProcess - INFO - ✅ Segment #378 stored in MongoDB
✅ Segment #378 from Camera cam16_stream-16 stored in MongoDB
2026-09-02 07:11:07,850 - MainProcess - INFO - [cam16_stream-16] segment 378 looks alert-worthy - asking z-ai/glm-5.3-flash
2026-09-02 07:11:07,850 - MainProcess - INFO - [AI->] https://openrouter.ai/api/v1/chat/completions z-ai/glm-5.3-flash (max_tokens=1200, prompt=3967 chars)

================================================================================
🤖 [cam16_stream-16] SEGMENT VLM - #377 - 2026-06-13 21:04:23
================================================================================
Recorded 13-06-2026 (Saturday) 21:04:23 to 21:04:53 at Visat T Junction, camera cam16_stream-16. 1. SCENE The camera overlooks Visat T Junction (camera label "Visat T Junction P2 RLVD" visible on the overlay) a wide signalised T-junction with a zebra crossing in the foreground, a traffic signal pole on the left, a raised circular island/roundabout to the right with a hoarding and signage (letters "onec" partially legible on the island kerb), and a bus-shelter/hoarding area on the left footpath. It is night; the scene is lit by streetlights and vehicle headlights, with typical night-mode grain and glare. 2. TRAFFIC AND PEOPLE Traffic is very light throughout. Visible: distant headlights of two-wheeler(s) and cars around the junction at various points; a white car/van with headlights on passing the right side around 15s; a vehicle showing red tail lights moving away from camera near the top of frame around 20 25s; a two-wheeler with headlight on the far carriageway around 25 30s; a single rider on a motorcycle in the near lane crossing the zebra toward the camera around 50s; a white car crossing the foreground right-to-left around 55s (motion-blurred); a light-coloured auto-rickshaw approaching the camera around 40s; a white-cab goods truck approaching from the junction around 45 55s; and a large tanker truck approaching over the zebra at the end of the clip (~55s). No pedestrians are clearly visible. 3. VEHICLES IDENTIFIED None identified. Night frames with glare and motion blur; no make, model or badge is legible. 4. REGISTRATIONS READ None legible. 5. NOTABLE EVENTS None observed. All vehicles move normally through or around the junction. 6. CROWD AND CONGESTION None observed. The junction is free-flowing and largely empty throughout. 7. TRAFFIC VIOLATIONS None observed. The motorcycle rider around 50s is too small/blurred to confirm helmet use; no violation is clearly visible. 8. PATTERN OF ACTIVITY This is a quiet night-time period at the junction. Early frames (0 35s) show only distant headlights, tail lights and isolated passing cars, with the carriageway essentially empty. From around 40s onward, larger vehicles begin to appear: an auto-rickshaw, then a goods truck, and finally a tanker truck crossing the zebra toward the camera at the end of the clip. The dominant movement is traffic approaching the camera from the junction/roundabout side toward the foreground, with occasional cross-movement past the right of frame. 9. QUIET PERIODS The junction is empty of near-field traffic from 0s to roughly 15s, and again from roughly 25s to 40s; only distant lights are visible during these spans. No other vehicles appear in the near carriageway during those windows.
================================================================================

Batches:   0%|          | 0/1 [00:00<?, ?it/s]Batches: 100%|██████████| 1/1 [00:00<00:00, 54.19it/s]
2026-09-02 07:11:08,149 - MainProcess - INFO - ✅ Segment #377 stored in MongoDB
✅ Segment #377 from Camera cam16_stream-16 stored in MongoDB
2026-09-02 07:11:08,150 - MainProcess - INFO - [cam16_stream-16] segment 377 looks alert-worthy - asking z-ai/glm-5.3-flash
2026-09-02 07:11:08,150 - MainProcess - INFO - [AI->] https://openrouter.ai/api/v1/chat/completions z-ai/glm-5.3-flash (max_tokens=1200, prompt=4006 chars)
2026-09-02 07:11:09,259 - MainProcess - INFO - [AI<-] z-ai/glm-5.3-flash ok in 1.1s | prompt_tok=1005 completion_tok=7 cost=$0.00015425 | 14 chars returned
2026-09-02 07:11:09,259 - MainProcess - INFO - [cam16_stream-16] ✅ Segment #377 complete
2026-09-02 07:11:09,261 - MainProcess - INFO - [cam16_stream-16] #377  29/371 (  7.8%) | seg  39.76s = seek  9.18 (12f, 0.77s/frame) + vlm  27.92 + azure  1.16 + embed  0.23 | avg   8.46s | elapsed 0:04:05 | ETA 0:48:12
2026-09-02 07:11:09,865 - MainProcess - INFO - [AI->] https://openrouter.ai/api/v1/chat/completions z-ai/glm-5.3-flash (12 frames, max_tokens=2600)
2026-09-02 07:11:10,511 - MainProcess - INFO - [AI<-] z-ai/glm-5.3-flash ok in 58.7s | prompt_tok=15205 completion_tok=814 cost=$0.001343875 | 3513 chars
2026-09-02 07:11:10,512 - MainProcess - INFO - [VLM] Response received. Content len: 3513, Thinking len: 0
2026-09-02 07:11:10,771 - MainProcess - INFO - [AI->] https://openrouter.ai/api/v1/chat/completions z-ai/glm-5.3-flash (12 frames, max_tokens=2600)

================================================================================
🤖 [cam14_stream-14] SEGMENT VLM - #190 - 2026-06-14 00:09:20
================================================================================
Recorded 14-06-2026 (Sunday) 00:09:20 to 00:09:50 at Unknown Location (cam14), camera cam14_stream-14. 1. SCENE The camera overlooks a large, busy signalised road junction at night, lit by streetlights and illuminated shopfronts. A pedestrian crossing (zebra) runs across the foreground with "STOP" road markings; a traffic island with a small structure sits mid-junction. Commercial premises are visible on the right, including a sign reading "WESTBANK", and crowds of people are gathered on the far right footpath. Lighting is artificial night lighting; the scene is wet-reflective in places, suggesting recent rain. 2. TRAFFIC AND PEOPLE Steady mixed traffic throughout: numerous motorcycles/scooters (roughly 15-20 over the clip, some carrying two riders), several white cars (at least six distinct ones), a dark/black car, a silver/grey sedan, a silver compact SUV, a white goods-carrying mini truck with a blue tarpaulin cover (around 35-45s), a yellow-and-green auto-rickshaw (around 45-50s), a dark red/maroon SUV (around 45-55s), and a white MPV (around 50-55s). A bus is visible in the distance around 45s. Pedestrians: a crowd of onlookers/pedestrians stands on the right-side footpath throughout; a few individuals cross or stand near the traffic island mid-clip. 3. VEHICLES IDENTIFIED None identified. (Night footage; no badges or model markings legible.) 4. REGISTRATIONS READ None legible. (All plates are either angled away, obscured by glare or below readable resolution; no reads made, so none are reported as verified or unverified.) 5. NOTABLE EVENTS - Around 10-15s: a white car and a dark car cross the junction on conflicting paths at close range; no contact visible, but the crossing is uncontrolled and close. - Around 50-55s: a dark red SUV and a white MPV pass through the junction centre within seconds of each other on intersecting paths; a motorcycle weaves between them. No collision observed. - Throughout: traffic negotiates the junction without clear signal compliance from this vantage; no crashes, fires or altercations observed. 6. CROWD AND CONGESTION A persistent crowd of roughly 20-40 people on the right footpath near the shops from start to finish; no surge or incident. Traffic flows continuously without a queue or jam; brief clustering of vehicles in the junction centre around 10-20s and 45-55s, but it keeps moving. 7. TRAFFIC VIOLATIONS - Motorcycles with two riders are visible at several points (e.g. around 5s, 40s, 50s); helmets cannot be confirmed or ruled out at this resolution. - Vehicles appear to cross the junction on conflicting movements without obvious signal discipline (e.g. around 10-15s and 50-55s), though the signal state is not clearly visible from this angle. No definitive violations (wrong-way, red-light jump, footpath driving) can be confirmed. 8. PATTERN OF ACTIVITY This is a busy commercial junction with continuous multi-directional traffic dominated by two-wheelers, punctuated by cars, a mini truck and an auto-rickshaw. Flow is constant in all arms with no single dominant direction, though the heaviest movement is across the junction from right to left and through the foreground crossing. Early frames show cars and two-wheelers clearing the junction after a signal change; mid-clip a goods truck and heavier vehicles pass; late frames bring another wave of cars, an auto-rickshaw and a red SUV. The footpath crowd on the right remains static throughout, indicating nearby nightlife/commercial activity. 9. QUIET PERIODS None observed. The junction carries moving traffic in every sampled frame across the full 55 seconds.
================================================================================

Batches:   0%|          | 0/1 [00:00<?, ?it/s]Batches: 100%|██████████| 1/1 [00:00<00:00, 39.30it/s]
2026-09-02 07:11:11,858 - MainProcess - INFO - ✅ Segment #190 stored in MongoDB
✅ Segment #190 from Camera cam14_stream-14 stored in MongoDB
2026-09-02 07:11:11,859 - MainProcess - INFO - [cam14_stream-14] segment 190 looks alert-worthy - asking z-ai/glm-5.3-flash
2026-09-02 07:11:11,859 - MainProcess - INFO - [AI->] https://openrouter.ai/api/v1/chat/completions z-ai/glm-5.3-flash (max_tokens=1200, prompt=4912 chars)
2026-09-02 07:11:14,686 - MainProcess - INFO - [AI<-] z-ai/glm-5.3-flash ok in 2.8s | prompt_tok=1199 completion_tok=20 cost=$9.4925e-05 | 14 chars returned
2026-09-02 07:11:14,687 - MainProcess - INFO - [cam14_stream-14] ✅ Segment #190 complete
2026-09-02 07:11:14,689 - MainProcess - INFO - [cam14_stream-14] #190  22/549 (  4.0%) | seg  68.67s = seek  4.44 (12f, 0.37s/frame) + vlm  59.18 + azure  1.23 + embed  0.85 | avg  11.34s | elapsed 0:04:09 | ETA 1:39:37
