2026-09-03 04:43:01,018 - MainProcess - INFO - ==============================================================================
2026-09-03 04:43:01,018 - MainProcess - INFO - 🎥 POLICE CCTV PROSE TIER — one VLM description per 60s segment
2026-09-03 04:43:01,018 - MainProcess - INFO - ==============================================================================
2026-09-03 04:43:01,182 - MainProcess - INFO - ✅ OpenRouter reachable, 'z-ai/glm-5.3-flash' accepts ['text', 'image', 'video']
2026-09-03 04:43:01,182 - MainProcess - WARNING - VLM_BACKEND=openrouter - FRAMES are uploaded to a third party, not just the prose about them.
2026-09-03 04:43:01,185 - MainProcess - WARNING - Skipping cam01_01_Chiman_bhai_Bridge.mp4: file not found at videos-hackathon/cam01_01_Chiman_bhai_Bridge.mp4
2026-09-03 04:43:01,185 - MainProcess - WARNING - Skipping cam02_02_Janpath.mp4: file not found at videos-hackathon/cam02_02_Janpath.mp4
2026-09-03 04:43:01,185 - MainProcess - WARNING - Skipping cam03_03_O.N.G.C._Office.mp4: file not found at videos-hackathon/cam03_03_O.N.G.C._Office.mp4
2026-09-03 04:43:01,185 - MainProcess - WARNING - Skipping cam25_33_dehgam.mp4: file not found at videos-hackathon/cam25_33_dehgam.mp4
2026-09-03 04:43:01,185 - MainProcess - WARNING - Skipping cam27_35_TANKAL.mp4: file not found at videos-hackathon/cam27_35_TANKAL.mp4
2026-09-03 04:43:01,186 - MainProcess - WARNING - No metadata row for cam10.mp4; adding it as location 'cam10'
2026-09-03 04:43:01,186 - MainProcess - WARNING - No metadata row for cam28_stream-28.mp4; adding it as location 'cam28 stream 28'
2026-09-03 04:43:01,186 - MainProcess - WARNING - No metadata row for cam30_stream-30.mp4; adding it as location 'cam30 stream 30'
2026-09-03 04:43:01,186 - MainProcess - INFO - Restricted to 5 video(s): cam13_stream-13, cam15_stream-15, cam17_17_Rajkot_Bus_Port_CCTV, cam14_stream-14, cam10
2026-09-03 04:43:01,186 - MainProcess - INFO - 📌 Anchors: 9/12 videos have a known start time (video_anchors.json)
2026-09-03 04:43:01,186 - MainProcess - WARNING - ⚠️  1 video(s) have no registry anchor and will fall back to runtime OCR then file mtime: cam17_17_Rajkot_Bus_Port_CCTV
2026-09-03 04:43:01,186 - MainProcess - WARNING - ⚠️  Run 'python merge-final-many.py --probe-anchors' first, or set them manually in video_anchors.json, for correct time-range search.
2026-09-03 04:43:01,186 - MainProcess - INFO - 🔧 UniversalModelManager initialized
2026-09-03 04:43:01,186 - MainProcess - INFO - 🔥 Loading SentenceTransformer ONCE...
2026-09-03 04:43:01,856 - MainProcess - INFO - No device provided, using cuda:0
2026-09-03 04:43:02,456 - MainProcess - INFO - Loading SentenceTransformer model from nomic-ai/nomic-embed-text-v1.5.
2026-09-03 04:43:06,496 - MainProcess - WARNING - <All keys matched successfully>
2026-09-03 04:43:11,313 - MainProcess - INFO - ✅ SentenceTransformer loaded (SHARED across all cameras)
2026-09-03 04:43:13,318 - MainProcess - INFO - ✓ MongoDB connection successful
2026-09-03 04:43:13,323 - MainProcess - INFO - Processing 5 video(s), up to 5 concurrently
2026-09-03 04:43:13,323 - MainProcess - INFO - [cam13_stream-13] Starting seek-based pass (location: CN Vidhyalaya P2 RLVD-2027)
2026-09-03 04:43:13,324 - MainProcess - INFO - ♻️ Reusing shared SentenceTransformer model
2026-09-03 04:43:13,324 - MainProcess - INFO - 🗄️ MongoVideoDatabase initialized
2026-09-03 04:43:13,324 - MainProcess - INFO - [cam15_stream-15] Starting seek-based pass (location: Suvidhapark)
2026-09-03 04:43:13,325 - MainProcess - INFO - [cam17_17_Rajkot_Bus_Port_CCTV] Starting seek-based pass (location: Rajkot Bus Port)
2026-09-03 04:43:13,325 - MainProcess - INFO - ♻️ Reusing shared SentenceTransformer model
2026-09-03 04:43:13,325 - MainProcess - INFO - 🗄️ MongoVideoDatabase initialized
2026-09-03 04:43:13,325 - MainProcess - INFO - [cam14_stream-14] Starting seek-based pass (location: Unknown Location (cam14))
2026-09-03 04:43:13,326 - MainProcess - INFO - ♻️ Reusing shared SentenceTransformer model
2026-09-03 04:43:13,326 - MainProcess - INFO - [cam10] Starting seek-based pass (location: cam10)
2026-09-03 04:43:13,326 - MainProcess - INFO - 🗄️ MongoVideoDatabase initialized
2026-09-03 04:43:13,327 - MainProcess - INFO - ♻️ Reusing shared SentenceTransformer model
2026-09-03 04:43:13,327 - MainProcess - INFO - 🗄️ MongoVideoDatabase initialized
2026-09-03 04:43:13,327 - MainProcess - INFO - ♻️ Reusing shared SentenceTransformer model
2026-09-03 04:43:13,327 - MainProcess - INFO - 🗄️ MongoVideoDatabase initialized
2026-09-03 04:43:13,625 - MainProcess - WARNING - [cam17_17_Rajkot_Bus_Port_CCTV.mp4] marked NON-CONTIGUOUS: the overlay clock does not track the file offset, so no single anchor is valid. Falling back to per-segment overlay OCR, which is slower but is the only correct option here.
2026-09-03 04:43:13,634 - MainProcess - INFO - [cam10] Resuming - 60 segment(s) already stored, will be skipped
2026-09-03 04:43:13,634 - MainProcess - INFO - [cam10] 1920x1080 @ 14.95fps | 1.00h | 60 segments | anchor 2025-08-28T10:30:10 (ocr_verified)
2026-09-03 04:43:13,634 - MainProcess - INFO - [cam10] 0 segment(s) to process
2026-09-03 04:43:13,634 - MainProcess - INFO - ==============================================================================
2026-09-03 04:43:13,634 - MainProcess - INFO - [cam10] FINISHED  0 saved, 0 failed, 60 skipped
2026-09-03 04:43:13,634 - MainProcess - INFO - [cam10] total wall time      0:00:00  (0.0s)
2026-09-03 04:43:13,634 - MainProcess - INFO - [cam10] per segment (mean)     0.00s
2026-09-03 04:43:13,634 - MainProcess - INFO - [cam10]   frame seek x0.0      0.00s  ( 0.0%)  -> 0.00s per frame (0 frames, 1 per 5s of footage)
2026-09-03 04:43:13,634 - MainProcess - INFO - [cam10]   VLM description      0.00s  ( 0.0%)
2026-09-03 04:43:13,634 - MainProcess - INFO - [cam10]   azure upload x2      0.00s  ( 0.0%)
2026-09-03 04:43:13,634 - MainProcess - INFO - [cam10]   embed + store        0.00s  ( 0.0%)
2026-09-03 04:43:13,634 - MainProcess - INFO - [cam10] footage:compute      1 min of video per 0.0s of compute
2026-09-03 04:43:13,634 - MainProcess - INFO - ==============================================================================
2026-09-03 04:43:13,634 - MainProcess - INFO - [cam10] generating video-level summary...
2026-09-03 04:43:13,819 - MainProcess - INFO - [cam13_stream-13] Resuming - 93 segment(s) already stored, will be skipped
2026-09-03 04:43:13,819 - MainProcess - INFO - [cam13_stream-13] 1920x1080 @ 12.50fps | 12.00h | 720 segments | anchor 2026-06-13T20:58:57.800000 (ocr_verified)
2026-09-03 04:43:13,819 - MainProcess - INFO - [cam13_stream-13] 627 segment(s) to process
2026-09-03 04:43:13,819 - MainProcess - INFO - [cam13_stream-13] 3 segments in flight at once (SEGMENT_WORKERS=3)
2026-09-03 04:43:14,366 - MainProcess - INFO - [cam17_17_Rajkot_Bus_Port_CCTV] Resuming - 583 segment(s) already stored, will be skipped
2026-09-03 04:43:14,366 - MainProcess - INFO - [cam17_17_Rajkot_Bus_Port_CCTV] 1920x1080 @ 24.98fps | 11.98h | 718 segments | per-segment overlay OCR (non_contiguous)
2026-09-03 04:43:14,366 - MainProcess - INFO - [cam17_17_Rajkot_Bus_Port_CCTV] 135 segment(s) to process
2026-09-03 04:43:14,366 - MainProcess - INFO - [cam17_17_Rajkot_Bus_Port_CCTV] 3 segments in flight at once (SEGMENT_WORKERS=3)
2026-09-03 04:43:15,024 - MainProcess - INFO - [cam15_stream-15] Resuming - 656 segment(s) already stored, will be skipped
2026-09-03 04:43:15,024 - MainProcess - INFO - [cam15_stream-15] 1920x1080 @ 12.50fps | 12.00h | 720 segments | anchor 2026-06-13T20:59:57.800000 (ocr_verified)
2026-09-03 04:43:15,024 - MainProcess - INFO - [cam15_stream-15] 64 segment(s) to process
2026-09-03 04:43:15,024 - MainProcess - INFO - [cam15_stream-15] 3 segments in flight at once (SEGMENT_WORKERS=3)
2026-09-03 04:43:15,058 - MainProcess - INFO - [cam10] summary: condensing minutes 0-24 (1/3)
2026-09-03 04:43:15,058 - MainProcess - INFO - [AI->] https://openrouter.ai/api/v1/chat/completions z-ai/glm-5.3-flash (max_tokens=700, prompt=30875 chars)
2026-09-03 04:43:15,080 - MainProcess - INFO - [cam14_stream-14] Resuming - 720 segment(s) already stored, will be skipped
2026-09-03 04:43:15,080 - MainProcess - INFO - [cam14_stream-14] 1920x1080 @ 12.50fps | 12.00h | 720 segments | anchor 2026-06-13T20:59:20.800000 (ocr_verified)
2026-09-03 04:43:15,081 - MainProcess - INFO - [cam14_stream-14] 0 segment(s) to process
2026-09-03 04:43:15,081 - MainProcess - INFO - ==============================================================================
2026-09-03 04:43:15,081 - MainProcess - INFO - [cam14_stream-14] FINISHED  0 saved, 0 failed, 720 skipped
2026-09-03 04:43:15,081 - MainProcess - INFO - [cam14_stream-14] total wall time      0:00:00  (0.0s)
2026-09-03 04:43:15,081 - MainProcess - INFO - [cam14_stream-14] per segment (mean)     0.00s
2026-09-03 04:43:15,081 - MainProcess - INFO - [cam14_stream-14]   frame seek x0.0      0.00s  ( 0.0%)  -> 0.00s per frame (0 frames, 1 per 5s of footage)
2026-09-03 04:43:15,081 - MainProcess - INFO - [cam14_stream-14]   VLM description      0.00s  ( 0.0%)
2026-09-03 04:43:15,081 - MainProcess - INFO - [cam14_stream-14]   azure upload x2      0.00s  ( 0.0%)
2026-09-03 04:43:15,081 - MainProcess - INFO - [cam14_stream-14]   embed + store        0.00s  ( 0.0%)
2026-09-03 04:43:15,081 - MainProcess - INFO - [cam14_stream-14] footage:compute      1 min of video per 0.0s of compute
2026-09-03 04:43:15,081 - MainProcess - INFO - ==============================================================================
2026-09-03 04:43:15,081 - MainProcess - INFO - [cam14_stream-14] generating video-level summary...
2026-09-03 04:43:16,820 - MainProcess - INFO - [cam14_stream-14] summary: condensing minutes 0-24 (1/29)
2026-09-03 04:43:16,820 - MainProcess - INFO - [AI->] https://openrouter.ai/api/v1/chat/completions z-ai/glm-5.3-flash (max_tokens=700, prompt=24500 chars)
2026-09-03 04:43:18,899 - MainProcess - INFO - 🚀 GPU decode (NVDEC) available
2026-09-03 04:43:31,549 - MainProcess - INFO - [AI<-] z-ai/glm-5.3-flash ok in 16.5s | prompt_tok=8240 completion_tok=700 cost=$0.001586 | 2298 chars returned
2026-09-03 04:43:31,549 - MainProcess - INFO - [cam10] summary: condensing minutes 25-49 (2/3)
2026-09-03 04:43:31,550 - MainProcess - INFO - [AI->] https://openrouter.ai/api/v1/chat/completions z-ai/glm-5.3-flash (max_tokens=700, prompt=30886 chars)
2026-09-03 04:43:32,812 - MainProcess - INFO - [AI<-] z-ai/glm-5.3-flash ok in 16.0s | prompt_tok=5806 completion_tok=457 cost=$0.0010994 | 1600 chars returned
2026-09-03 04:43:32,812 - MainProcess - INFO - [cam14_stream-14] summary: condensing minutes 25-49 (2/29)
2026-09-03 04:43:32,813 - MainProcess - INFO - [AI->] https://openrouter.ai/api/v1/chat/completions z-ai/glm-5.3-flash (max_tokens=700, prompt=24183 chars)
2026-09-03 04:43:51,324 - MainProcess - INFO - [AI<-] z-ai/glm-5.3-flash ok in 18.5s | prompt_tok=5785 completion_tok=528 cost=$0.000565875 | 1980 chars returned
2026-09-03 04:43:51,324 - MainProcess - INFO - [cam14_stream-14] summary: condensing minutes 50-74 (3/29)
2026-09-03 04:43:51,324 - MainProcess - INFO - [AI->] https://openrouter.ai/api/v1/chat/completions z-ai/glm-5.3-flash (max_tokens=700, prompt=24385 chars)
2026-09-03 04:43:53,124 - MainProcess - INFO - [AI<-] z-ai/glm-5.3-flash ok in 21.6s | prompt_tok=7781 completion_tok=652 cost=$0.000746575 | 2384 chars returned
2026-09-03 04:43:53,124 - MainProcess - INFO - [cam10] summary: condensing minutes 50-59 (3/3)
2026-09-03 04:43:53,124 - MainProcess - INFO - [AI->] https://openrouter.ai/api/v1/chat/completions z-ai/glm-5.3-flash (max_tokens=700, prompt=12676 chars)
2026-09-03 04:44:08,826 - MainProcess - INFO - [AI<-] z-ai/glm-5.3-flash ok in 15.7s | prompt_tok=3287 completion_tok=420 cost=$0.000351525 | 1518 chars returned
2026-09-03 04:44:08,826 - MainProcess - INFO - [AI->] https://openrouter.ai/api/v1/chat/completions z-ai/glm-5.3-flash (max_tokens=6000, prompt=8575 chars)
2026-09-03 04:44:11,540 - MainProcess - WARNING - [cam13_stream-13] Segment #95: frame seek failed, skipping
2026-09-03 04:44:11,929 - MainProcess - WARNING - [cam13_stream-13] Segment #93: frame seek failed, skipping
2026-09-03 04:44:12,040 - MainProcess - WARNING - [cam13_stream-13] Segment #94: frame seek failed, skipping
2026-09-03 04:44:12,754 - MainProcess - INFO - [Memory] RAM: 12.3% | Process: 1.27GB | GPU: 5703/24564MB (23.2%)
2026-09-03 04:44:12,754 - MainProcess - INFO - [cam13_stream-13] #95   1/627 (  0.2%) | seg   0.00s = seek 57.72 (0f, 57.72s/frame) + vlm   0.00 + azure  0.00 + embed  0.00 | avg  58.94s | elapsed 0:00:58 | ETA 10:14:53
2026-09-03 04:44:12,754 - MainProcess - INFO - [cam13_stream-13] #93   2/627 (  0.3%) | seg   0.00s = seek 58.11 (0f, 58.11s/frame) + vlm   0.00 + azure  0.00 + embed  0.00 | avg  29.47s | elapsed 0:00:58 | ETA 5:06:57
2026-09-03 04:44:12,754 - MainProcess - INFO - [cam13_stream-13] #94   3/627 (  0.5%) | seg   0.00s = seek 58.22 (0f, 58.22s/frame) + vlm   0.00 + azure  0.00 + embed  0.00 | avg  19.65s | elapsed 0:00:58 | ETA 3:24:18
2026-09-03 04:44:14,687 - MainProcess - INFO - [AI->] https://openrouter.ai/api/v1/chat/completions z-ai/glm-5.3-flash (1 frames, max_tokens=40)
2026-09-03 04:44:16,642 - MainProcess - INFO - [AI<-] z-ai/glm-5.3-flash ok in 2.0s | prompt_tok=1442 completion_tok=15 cost=$0.0001119 | 22 chars
2026-09-03 04:44:16,642 - MainProcess - INFO - [cam17_17_Rajkot_Bus_Port_CCTV] overlay clock readable by VLM on the top band; using that from now on
2026-09-03 04:44:18,690 - MainProcess - INFO - [AI->] https://openrouter.ai/api/v1/chat/completions z-ai/glm-5.3-flash (12 frames, max_tokens=2600)
2026-09-03 04:44:19,292 - MainProcess - INFO - [AI<-] z-ai/glm-5.3-flash ok in 28.0s | prompt_tok=5797 completion_tok=405 cost=$0.000536025 | 1589 chars returned
2026-09-03 04:44:19,292 - MainProcess - INFO - [cam14_stream-14] summary: condensing minutes 75-99 (4/29)
2026-09-03 04:44:19,292 - MainProcess - INFO - [AI->] https://openrouter.ai/api/v1/chat/completions z-ai/glm-5.3-flash (max_tokens=700, prompt=24452 chars)
2026-09-03 04:44:28,128 - MainProcess - INFO - [AI->] https://openrouter.ai/api/v1/chat/completions z-ai/glm-5.3-flash (1 frames, max_tokens=40)
2026-09-03 04:44:30,697 - MainProcess - INFO - [AI<-] z-ai/glm-5.3-flash ok in 2.6s | prompt_tok=1442 completion_tok=15 cost=$2.742e-05 | 22 chars
2026-09-03 04:44:32,267 - MainProcess - INFO - [AI->] https://openrouter.ai/api/v1/chat/completions z-ai/glm-5.3-flash (12 frames, max_tokens=2600)
2026-09-03 04:44:39,898 - MainProcess - INFO - [AI<-] z-ai/glm-5.3-flash ok in 20.6s | prompt_tok=5789 completion_tok=700 cost=$0.000609175 | 2595 chars returned
2026-09-03 04:44:39,898 - MainProcess - INFO - [cam14_stream-14] summary: condensing minutes 100-124 (5/29)
2026-09-03 04:44:39,898 - MainProcess - INFO - [AI->] https://openrouter.ai/api/v1/chat/completions z-ai/glm-5.3-flash (max_tokens=700, prompt=24153 chars)
2026-09-03 04:44:56,334 - MainProcess - INFO - [AI->] https://openrouter.ai/api/v1/chat/completions z-ai/glm-5.3-flash (1 frames, max_tokens=40)
2026-09-03 04:44:57,765 - MainProcess - INFO - [AI<-] z-ai/glm-5.3-flash ok in 17.9s | prompt_tok=5791 completion_tok=564 cost=$0.00045945 | 1983 chars returned
2026-09-03 04:44:57,765 - MainProcess - INFO - [cam14_stream-14] summary: condensing minutes 125-149 (6/29)
2026-09-03 04:44:57,765 - MainProcess - INFO - [AI->] https://openrouter.ai/api/v1/chat/completions z-ai/glm-5.3-flash (max_tokens=700, prompt=25002 chars)
2026-09-03 04:44:58,535 - MainProcess - INFO - [AI->] https://openrouter.ai/api/v1/chat/completions z-ai/glm-5.3-flash (12 frames, max_tokens=2600)
2026-09-03 04:44:58,765 - MainProcess - INFO - [AI->] https://openrouter.ai/api/v1/chat/completions z-ai/glm-5.3-flash (12 frames, max_tokens=2600)
2026-09-03 04:45:00,213 - MainProcess - INFO - [AI<-] z-ai/glm-5.3-flash ok in 3.9s | prompt_tok=1442 completion_tok=15 cost=$2.742e-05 | 22 chars
2026-09-03 04:45:01,441 - MainProcess - INFO - [AI->] https://openrouter.ai/api/v1/chat/completions z-ai/glm-5.3-flash (12 frames, max_tokens=2600)
2026-09-03 04:45:04,163 - MainProcess - INFO - [AI<-] z-ai/glm-5.3-flash ok in 45.5s | prompt_tok=15352 completion_tok=917 cost=$0.0026461 | 3683 chars
2026-09-03 04:45:04,164 - MainProcess - INFO - [VLM] Response received. Content len: 3683, Thinking len: 0

================================================================================
🤖 [cam17_17_Rajkot_Bus_Port_CCTV] SEGMENT VLM - #585 - 2026-06-13 22:13:17
================================================================================
Recorded 13-06-2026 (Saturday) 22:13:17 to 22:13:47 at Rajkot Bus Port, camera cam17_17_Rajkot_Bus_Port_CCTV. 1. SCENE The camera ("1 CENTER") overlooks a covered walkway/forecourt beside a row of shuttered shops at Rajkot Bus Port, with a view out onto a public road at left. Illuminated signage is visible: "HOTEL JK" (2nd floor, AC/non-AC rooms, rooms from 799/-), a "BUS EXIT ONLY" sign, and a yellow advertisement board with Gujarati text and phone numbers (87339 29701 / 702). The scene is at night, lit by street lighting and shop signage; the road surface appears wet, suggesting recent rain. Glare from headlights and a bright light source near the hotel sign washes out part of the left of frame. 2. TRAFFIC AND PEOPLE - Parked two-wheelers: approximately 8-10 scooters and motorcycles, mostly black/dark, plus one white scooter, stationary throughout the clip in the foreground. - Two men seated on a low ledge at right-centre for the whole clip: one in a pale pink/salmon long-sleeve shirt, one in dark clothing with a backpack; both looking at a mobile phone. - A woman in a light-coloured outfit standing near the planter by the road, present from the start, moving slightly, still present at the end. - Pedestrians on the road/walkway: a man in dark clothing walking left-to-right near the shops early in the clip (gone by ~30s); a small group (2-3 people) standing by the parked bikes at 5-15s, dispersing by ~20s; a man in a white shirt walking along the road at ~45-50s; a person in patterned clothing walking up the walkway away from camera at ~45-50s. - Road traffic: several motorcycles with headlights on passing on the road (0-15s and ~40-55s), a white car passing left-to-right at ~10s, an auto-rickshaw at ~15s, and a blue-and-white GSRTC bus passing left-to-right at ~45-50s. 3. VEHICLES IDENTIFIED CONFIRMED: - GSRTC (Gujarat State Road Transport Corporation) bus, blue and white livery, plate not legible, travelling left to right on the road, seen at ~45-50s. PROBABLE (unconfirmed): - White hatchback car, class unconfirmed, moving left to right on the road at ~10s - distance, headlight glare and motion blur prevent identification. - Black motorcycle with rider, helmetless (unconfirmed), passing on the road at ~5-10s - darkness and motion blur. - Auto-rickshaw (three-wheeler), dark colour, on the road at ~15s - rear-only angle and glare. 4. REGISTRATIONS READ None legible. (Any plates on the parked two-wheelers are angled away, too small or washed out by glare; these would be single automatic reads only, not verified against any registry.) 5. NOTABLE EVENTS None observed. The two seated men remain in the same spot throughout, apparently sharing a phone; no contact with passers-by, no unattended bags (a pair of shoes sits beside the seated man, consistent with his presence). 6. CROWD AND CONGESTION None observed. Pedestrian numbers stay low (no more than 4-5 visible at once, around 5-15s); road traffic flows freely. 7. TRAFFIC VIOLATIONS None observed. 8. PATTERN OF ACTIVITY This is a quiet night-time scene dominated by stationary parked two-wheelers and a small group of people resting on the ledge by the shop shutters. The road at left carries light, intermittent traffic - motorcycles, one car, one auto-rickshaw and, late in the clip, a GSRTC bus - all moving left to right. Between the early and late frames the main change is pedestrian turnover: the small group by the bikes and the man walking past the shops leave within the first 30 seconds, replaced later by a man in a white shirt and another pedestrian on the walkway. The seated pair and the woman by the planter are constants. 9. QUIET PERIODS None observed - there is always some movement (pedestrians shifting position or road traffic passing) in every sampled frame.
================================================================================

Batches:   0%|          | 0/1 [00:00<?, ?it/s][transformers] Detected the usage of `get_extended_attention_mask`: This function is deprecated and will be removed in v5.12.0. Please use the new API in `transformers.masking_utils`
Batches: 100%|██████████| 1/1 [00:01<00:00,  1.16s/it]Batches: 100%|██████████| 1/1 [00:01<00:00,  1.16s/it]
2026-09-03 04:45:06,221 - MainProcess - INFO - ✅ Segment #585 stored in MongoDB
✅ Segment #585 from Camera cam17_17_Rajkot_Bus_Port_CCTV stored in MongoDB
2026-09-03 04:45:06,223 - MainProcess - INFO - [cam17_17_Rajkot_Bus_Port_CCTV] segment 585 looks alert-worthy - asking z-ai/glm-5.3-flash
2026-09-03 04:45:06,223 - MainProcess - INFO - [AI->] https://openrouter.ai/api/v1/chat/completions z-ai/glm-5.3-flash (max_tokens=2000, prompt=5093 chars)
2026-09-03 04:45:07,619 - MainProcess - INFO - [AI<-] z-ai/glm-5.3-flash ok in 1.4s | prompt_tok=1315 completion_tok=7 cost=$9.6535e-05 | 14 chars returned
2026-09-03 04:45:07,619 - MainProcess - INFO - [cam17_17_Rajkot_Bus_Port_CCTV] ✅ Segment #585 complete
2026-09-03 04:45:08,541 - MainProcess - INFO - [Memory] RAM: 12.3% | Process: 1.93GB | GPU: 5951/24564MB (24.2%)
2026-09-03 04:45:08,541 - MainProcess - INFO - [cam17_17_Rajkot_Bus_Port_CCTV] #585  1/135 (  0.7%) | seg 113.26s = seek 55.45 (12f, 4.62s/frame) + vlm  45.98 + azure  1.89 + embed  1.56 | avg 114.18s | elapsed 0:01:54 | ETA 4:14:59
2026-09-03 04:45:15,264 - MainProcess - INFO - [AI<-] z-ai/glm-5.3-flash ok in 17.5s | prompt_tok=5835 completion_tok=397 cost=$0.000536875 | 1322 chars returned
2026-09-03 04:45:15,264 - MainProcess - INFO - [cam14_stream-14] summary: condensing minutes 150-174 (7/29)
2026-09-03 04:45:15,265 - MainProcess - INFO - [AI->] https://openrouter.ai/api/v1/chat/completions z-ai/glm-5.3-flash (max_tokens=700, prompt=25567 chars)
2026-09-03 04:45:22,985 - MainProcess - INFO - [AI<-] z-ai/glm-5.3-flash ok in 74.2s | prompt_tok=2276 completion_tok=4436 cost=$0.0025594 | 9457 chars returned
2026-09-03 04:45:22,986 - MainProcess - INFO - [cam10] summary alert pass skipped - ALERT_MODE=realtime, alerts were raised per segment
Batches:   0%|          | 0/1 [00:00<?, ?it/s]2026-09-03 04:45:22,996 - MainProcess - WARNING - [cam13_stream-13] Segment #96: frame seek failed, skipping
Batches: 100%|██████████| 1/1 [00:00<00:00,  2.33it/s]Batches: 100%|██████████| 1/1 [00:00<00:00,  2.33it/s]
2026-09-03 04:45:23,619 - MainProcess - WARNING - [cam13_stream-13] Segment #98: frame seek failed, skipping
2026-09-03 04:45:23,803 - MainProcess - INFO - [cam10] ✅ video summary stored (9457 chars over 60 minutes)
2026-09-03 04:45:23,804 - MainProcess - INFO - [cam10] summary took 130.2s

==============================================================================
VIDEO SUMMARY — cam10 (cam10)
==============================================================================
# CCTV REVIEW SUMMARY — cam10, Pakwan/Palwan Cross Road
**Date:** 28-08-2025 | **Coverage:** 10:30–11:29 (60 minutes, reviewed as minutes 0–59)

---

## 1. SCENE
Cam10 overlooks Pakwan/Palwan Cross Road, a major multi-lane junction carrying mixed urban traffic. Footage spans 10:30 to approximately 11:29 in daylight. Road surface appeared wet with vehicle reflections at minute 46, suggesting recent rain. No lighting anomalies noted.

## 2. TRAFFIC AND PEOPLE
Continuous heavy mixed traffic for the full hour:
- **Cars:** dozens throughout, predominantly white, plus silver, grey, black, maroon/red and one recurring pink/red hatchback.
- **Two-wheelers:** large numbers of helmeted motorcyclists and scooter riders constantly filtering between lanes (notable riders in white, yellow, pink, red/maroon and teal shirts; a woman in pink on a scooter, min 30; a cyclist in yellow, min 38).
- **Auto-rickshaws:** many green-and-yellow autos, at times 8–10 simultaneously (mins 25–49).
- **Goods three-wheelers:** yellow, orange, cream with blue tarpaulin, and green "PRINCE" livery (mins 50–59); a blue three-wheeler goods carrier recurring (mins 31–33, 39, 42–44).
- **Buses:** white Tata bus (min 7); yellow Eicher "NIRMA UNIVERSITY" bus and a blue/yellow "Where Practice Meets Theory" bus (min 24); Nirma University yellow bus stationary in foreground (mins 25–27); red city buses with Gujarati LED displays (mins 26, 31, 43–45).
- **Trucks/commercial:** white Tata goods truck (min 4); white "Rudra" delivery van (min 2); white tempo with yellow tarpaulin canopy (min 14); taxi with roof sign and yellow plate (min 16); grey "LUCKY"/"AJ ABS WRAP" cargo truck (min 19); white container truck, tipper lorry and concrete mixer truck (min 21); cream "SHRIGI GOODS CANVAS" truck (min 25); yellow-cab "PREMIUM EDIBLE OILS/CABLES" canopy truck (mins 40–42); "RASHI DEWAXED PREMIUM EDIBLE OILS" truck (min 42); white "GOODS CARRIAGE" vans (mins 43–45); white Tata goods truck and dark blue container truck (min 46); white "Jamnagar Transport Co." truck (min 59).
- **Other:** white SML ambulance-type van with light bar (min 0); red tractor with tanker trailer (min 12) and tractor with tanker/bowser (mins 32, 42); red open-top Mahindra-style jeep (min 20) and red open-top off-road vehicle (mins 42–45); concrete mixer/tanker trailer (mins 43–44); white ambulance (min 58); yellow JCB-type construction vehicle briefly at top right (min 54).
- **Pedestrians:** repeatedly on or crossing the carriageway — man with backpack between lanes and a woman with two children along the lane edge (min 0); man in olive-green shirt with shopping bag crossing in front of moving vehicles (min 12); two men on foot crossing before traffic (min 16); woman in red patterned dress between queued vehicles (min 21); woman in orange/yellow sari at carriageway edge (min 22); man in blue shirt (mins 25, 41); person in white shirt (min 25); woman in green outfit appearing to interact with occupants (min 29); person in olive-green head covering (min 30); man in grey shirt among cars throughout min 47; several men with backpacks (min 49); man in light blue shirt (min 50); man in blue-and-white striped shirt and older bald man in pink shirt and jeans crossing centre (min 56); woman in red sari crossing top-right (min 58).

## 3. VEHICLES IDENTIFIED

### CONFIRMED
- Hyundai hatchback, red, GJ01BY5129 — min 1
- Maruti Suzuki WagonR-type hatchback, white, GJ01KF0322 — min 2
- Hyundai sedan, silver, GJ01TN779 — min 4
- Volkswagen, red, model unidentified — min 6
- Toyota Innova MPV, white, GJ09 DK 4402 — min 6
- Tata bus, white, GJ30 TA 6194 — min 7
- Hyundai i20, silver, GJ10TW3350 — min 8
- Mahindra, dark, model unidentified — min 9
- Mahindra Thar-type SUV, black, GJ01VH8220 — min 11
- Volvo XC60-type SUV, white, GJ01VC5529 — min 11
- MG Hector-type SUV, red, GJ10BP9190 — min 11
- Honda sedan, silver, GJ01QZ2715 — min 12
- Maruti Suzuki SUV, black, GJ01VW8487 — min 13
- Tata Nexon, white, GJ27DH2330 — min 14
- Mercedes-Benz E-Class, black, GJ03 ER 0480 — min 17
- Tata SUV (Harrier/Safari), white, GJ27 CM 9992 — min 31
- Honda sedan, red/magenta, GJ01 RX 3630 — min 31
- Audi A4-class sedan, dark grey, GJ01TY4694 — min 38
- Hyundai Creta-class SUV, black, GJ01VD0895 — min 38
- Toyota Innova-type MPV, white, GJ01WD7138 — min 42
- Maruti Suzuki Swift, white, GJ-17-VF-2793 (partially legible) — min 55
- Audi SUV (Q-series, four rings visible), white, plate GJ18BN… (partial) — min 58
- Police/traffic van, white, GJ18GB8757 — min 59

### PROBABLE (unconfirmed)
- Ford EcoSport-class SUV, dark grey — min 5 (unconfirmed)
- Hyundai Creta-class SUV, silver — min 5 (unconfirmed)
- Tata SUV, dark — min 9 (unconfirmed)
- MG ZS-type SUV, red — min 11 (unconfirmed)
- Maruti Vitara Brezza-class SUV, red — min 12 (unconfirmed)
- Kia Seltos-class SUV, white — min 17 (unconfirmed)
- Maruti Vitara/Brezza-class SUV, green — min 21 (unconfirmed)
- Honda sedan, dark grey, "MH 12 QR 8916"-class partial plate — min 28 (unconfirmed)
- Audi sedan, white — min 32 (unconfirmed)
- Audi sedan, dark — min 36 (unconfirmed)
- Mercedes SUV, white — min 37 (unconfirmed)
- Suzuki Swift, white — min 39 (unconfirmed)
- Toyota sedan, dark grey — min 39 (unconfirmed)
- Kia SUV, white — min 39 (unconfirmed)
- Maruti Suzuki compact SUV — min 45 (unconfirmed)
- Tata Nexon, white — min 56 (unconfirmed)
- Kia SUV, silver (KIA badge legible) — min 56 (unconfirmed)
- Tata sedan, green plate — min 57 (unconfirmed)
- Tata Nexon-class SUV, dark grey — min 57 (unconfirmed)
- Hyundai Creta-class SUV, red — min 57 (unconfirmed)
- Hyundai sedan, dark grey — min 57 (unconfirmed)
- Toyota SUV, white — min 58 (unconfirmed)
- Hyundai hatchbacks, silver and maroon — min 58 (unconfirmed)
- Sedan, dark blue — min 58 (unconfirmed)
- MG SUV, dark — min 59 (unconfirmed)

## 4. REGISTRATIONS READ
All reads below are single automatic reads, not verified against any registry.
- GJ01BY5129 — min 1 — red Hyundai hatchback
- GJ01KF0322 — min 2 — white WagonR-type hatchback
- GJ01TN779 — min 4 — silver Hyundai sedan
- GJ09 DK 4402 — min 6 — white Toyota Innova MPV
- GJ30 TA 6194 — min 7 — white Tata bus
- GJ10TW3350 — min 8 — silver Hyundai i20
- GJ01VH8220 — min 11 — black Mahindra Thar-type
- GJ01VC5529 — min 11 — white Volvo XC60-type
- GJ10BP9190 — min 11 — red MG Hector-type
- GJ01QZ2715 — min 12 — silver Honda sedan
- GJ01VW8487 — min 13 — black Maruti Suzuki SUV
- GJ27DH2330 — min 14 — white Tata Nexon
- GJ03 ER 0480 — min 17 — black Mercedes-Benz E-Class
- MH 12 QR 8916 (partial, class match only) — min 28 — dark grey Honda sedan
- GJ27 CM 9992 — min 31 — white Tata SUV (Harrier/Safari)
- GJ01 RX 3630 — min 31 — red/magenta Honda sedan
- GJ01TY4694 — min 38 — dark grey Audi A4-class
- GJ01VD0895 — min 38 — black Hyundai Creta-class SUV
- GJ01WD7138 — min 42 — white Toyota Innova-type MPV
- GJ-17-VF-2793 (partially legible) — min 55 — white Maruti Suzuki Swift
- GJ18BN… (partial) — min 58 — white Audi Q-series SUV
- GJ18GB8757 — min 59 — white police/traffic van

## 5. NOTABLE EVENTS
- Motorcyclist carrying a gas cylinder through traffic — end of part 1 (approx. min 24; observation truncated).
- Police vehicle with red-blue light bar appeared centre-frame — min 49.
- White police/traffic van with light bar, GJ18GB8757 — min 59.
- White ambulance top-left (~5s) — min 58.
- Yellow JCB-type construction vehicle briefly at top right — min 54.
- Wet road surface with vehicle reflections suggesting recent rain — min 46.
- White SML ambulance-type van with light bar in traffic — min 0.

## 6. CROWD AND CONGESTION
- Continuous heavy congestion with all lanes packed and near-stationary throughout mins 25–49.
- Heavily gridlocked junction mins 50–55.
- Heavy but moving traffic mins 56–59.
- Heavy continuous flow from min 0 onward; 8–10 auto-rickshaws at a time during mins 25–49.

## 7. TRAFFIC VIOLATIONS
- Pedestrians crossing in front of moving vehicles / between live lanes: man with backpack (min 0); man in olive-green shirt with shopping bag (min 12); two men on foot (min 16); woman in red patterned dress between queued vehicles (min 21).
- Helmetless rider with pillion — min 40.
- Two-wheelers constantly filtering between queued lanes throughout (mins 25–59) — noted as recurring behaviour, not individually attributed.
- No wrong-way driving or red-light jumping observed.

## 8. PATTERN OF ACTIVITY
The junction was under sustained, near-unbroken congestion for the entire 60-minute period, with no quiet phase. Mins 0–24 showed heavy but flowing mixed traffic with many identifiable plates; mins 25–55 were the worst, with all lanes packed and near-stationary (gridlock peaking mins 50–55), during which pedestrian movement between queued vehicles became routine and plate readability dropped. Mins 56–59 saw traffic resume movement while remaining heavy. Dominant traffic was private cars (overwhelmingly white) with very high two-wheeler and auto-rickshaw participation. Recurring elements: the pink/red hatchback, the blue three-wheeler goods carrier, red tractors with tankers, red open-top off-road vehicles, Nirma University and red city buses, and pedestrians (including children and elderly persons) walking in live traffic throughout — a persistent safety concern at this location.

## 9. QUIET PERIODS
None observed. Traffic was heavy across the full 60 minutes; the closest to relief was mins 56–59, when flow resumed but remained heavy.
==============================================================================

2026-09-03 04:45:23,804 - MainProcess - INFO - [cam10] Done: {'camera_id': 'cam10', 'segments': 0, 'failed': 0, 'skipped': 60, 'wall_seconds': 0.0, 'mean_segment_seconds': 0.0, 'mean_seek_seconds': 0.0, 'mean_vlm_seconds': 0.0, 'mean_azure_seconds': 0.0, 'mean_embed_seconds': 0.0, 'frames_sampled': 0, 'summary_seconds': 130.2, 'anchor': '2025-08-28T10:30:10', 'anchor_confidence': 'ocr_verified'}
2026-09-03 04:45:24,140 - MainProcess - INFO - [Memory] RAM: 12.5% | Process: 1.95GB | GPU: 6510/24564MB (26.5%)
2026-09-03 04:45:24,140 - MainProcess - INFO - [cam13_stream-13] #96   4/627 (  0.6%) | seg   0.00s = seek 71.46 (0f, 71.46s/frame) + vlm   0.00 + azure  0.00 + embed  0.00 | avg  32.58s | elapsed 0:02:10 | ETA 5:38:17
2026-09-03 04:45:24,140 - MainProcess - INFO - [cam13_stream-13] #98   5/627 (  0.8%) | seg   0.00s = seek 71.58 (0f, 71.58s/frame) + vlm   0.00 + azure  0.00 + embed  0.00 | avg  26.06s | elapsed 0:02:10 | ETA 4:30:11
2026-09-03 04:45:35,657 - MainProcess - INFO - [AI<-] z-ai/glm-5.3-flash ok in 20.4s | prompt_tok=6066 completion_tok=529 cost=$0.0005872 | 1783 chars returned
2026-09-03 04:45:35,657 - MainProcess - INFO - [cam14_stream-14] summary: condensing minutes 175-199 (8/29)
2026-09-03 04:45:35,657 - MainProcess - INFO - [AI->] https://openrouter.ai/api/v1/chat/completions z-ai/glm-5.3-flash (max_tokens=700, prompt=30222 chars)
2026-09-03 04:45:35,959 - MainProcess - WARNING - [cam13_stream-13] Segment #97: frame seek failed, skipping
2026-09-03 04:45:35,960 - MainProcess - INFO - [cam13_stream-13] #97   6/627 (  1.0%) | seg   0.00s = seek 84.03 (0f, 84.03s/frame) + vlm   0.00 + azure  0.00 + embed  0.00 | avg  23.69s | elapsed 0:02:22 | ETA 4:05:11
2026-09-03 04:45:42,793 - MainProcess - INFO - [AI<-] z-ai/glm-5.3-flash ok in 44.0s | prompt_tok=15352 completion_tok=1067 cost=$0.0028363 | 4221 chars
2026-09-03 04:45:42,793 - MainProcess - INFO - [VLM] Response received. Content len: 4221, Thinking len: 182

================================================================================
🤖 [cam15_stream-15] SEGMENT VLM - #654 - 2026-06-14 07:53:57
================================================================================
Recorded 14-06-2026 (Sunday) 07:53:57 to 07:54:27 at Suvidhapark, camera cam15_stream-15. 1. SCENE The camera overlooks a signalised road junction at Suvidhapark (camera label "Suvidhapark P3 RLVD" visible bottom-right), with zebra crossings on all approaches, a traffic signal pole on the right, and a footpath/building line on the left. Conditions are daylight, overcast/hazy, dry road. Traffic is light-to-moderate throughout. 2. TRAFFIC AND PEOPLE - One male pedestrian in a yellow-and-black striped shirt and dark trousers crosses the junction from right to left on foot, entering around 0s and reaching the far left footpath by about 10s. - Two-wheeler traffic throughout: several scooters and motorcycles in various colours (white-shirt rider on a dark scooter ~5s, red/dark motorcycle ~10s, multiple scooters 25 35s, a scooter rider in white ~32 35s, a scooter with a rider in a pink/purple head covering ~49s). - One green-and-yellow auto-rickshaw crossing left-to-right at 0s; a second green-and-yellow auto-rickshaw crossing right-to-left around 30 35s. - One white SUV/station-wagon-style car entering from the right and turning, ~5s. - One white hatchback crossing the far junction ~10s. - One red compact sedan crossing the junction away from camera ~15 18s. - One dark (black/grey) SUV on the far right approach ~30s. - One red city bus with advertising livery crossing right-to-left across the top of the frame ~40 45s. - Two pedestrians (one in white/checked shirt and white trousers, one in orange top and jeans) crossing together from left toward the centre ~45 55s. - One person in a high-visibility yellow-green vest with a white baton appears at the bottom-left corner ~30s (possibly traffic staff). - A cyclist in a light blue shirt near the top of the frame ~18s. 3. VEHICLES IDENTIFIED CONFIRMED: None identified. PROBABLE (unconfirmed): - White SUV/estate-style car, Duster/SUV class (unconfirmed), entering from right and turning left across the junction, ~5s rear-only angle, plate not legible. - Red compact sedan, sedan class (unconfirmed), crossing away from camera, ~15s rear angle, motion, plate partially visible but not fully legible. - Dark compact SUV, Creta/Seltos class (unconfirmed), on far right approach, ~30s distance and angle. - Red city bus, single-decker (unconfirmed), crossing right-to-left, ~40s motion blur, rear/side angle. 4. REGISTRATIONS READ None legible. (A partial plate beginning "GJ 18" is visible on the red sedan at ~15s but the remainder cannot be read; this is a single automatic read, not verified against any registry.) 5. NOTABLE EVENTS - At ~18s, two motorcycles appear very close together in the middle of the junction, with heavy pixelation/motion blur in the frame; a possible near-miss or close passing between the two two-wheelers cannot be ruled out, but no fall or collision is clearly visible. - A pedestrian (yellow/black striped shirt) crosses the junction diagonally outside the marked crossing area between 0s and 10s. - Two pedestrians at ~45 55s walk across the carriageway rather than on the zebra stripes. 6. CROWD AND CONGESTION None observed. Traffic flows freely throughout; no queues or build-ups. 7. TRAFFIC VIOLATIONS - Pedestrian crossing outside the zebra crossing, 0 10s (yellow/black striped shirt). - Two pedestrians crossing on the carriageway off the crossing, ~45 55s. - Possible red-signal movement by the red sedan at ~15s and the white SUV at ~5s while the signal aspect visible on the right pole shows amber/red in later frames; the signal state at those exact seconds is not clearly readable, so this is noted as possible only. 8. PATTERN OF ACTIVITY The clip shows steady, free-flowing junction traffic dominated by two-wheelers and auto-rickshaws, with cars and one bus mixed in. Movement is multi-directional, consistent with a signal cycle releasing different approaches in turn: early frames show crossing traffic from right to left, mid-clip frames show through-movement away from the camera, and later frames show traffic from the left and a bus traversing the far side. The main change over the 55 seconds is the shift in which approach is discharging; no congestion develops at any point. 9. QUIET PERIODS None observed. Vehicles or pedestrians are in motion in every sampled frame.
================================================================================

Batches:   0%|          | 0/1 [00:00<?, ?it/s]Batches: 100%|██████████| 1/1 [00:00<00:00, 16.39it/s]
2026-09-03 04:45:43,745 - MainProcess - INFO - ✅ Segment #654 stored in MongoDB
✅ Segment #654 from Camera cam15_stream-15 stored in MongoDB
2026-09-03 04:45:43,746 - MainProcess - INFO - [cam15_stream-15] segment 654 looks alert-worthy - asking z-ai/glm-5.3-flash
2026-09-03 04:45:43,751 - MainProcess - INFO - [AI->] https://openrouter.ai/api/v1/chat/completions z-ai/glm-5.3-flash (max_tokens=2000, prompt=5291 chars)
2026-09-03 04:45:44,734 - MainProcess - INFO - [AI<-] z-ai/glm-5.3-flash ok in 43.3s | prompt_tok=15352 completion_tok=893 cost=$0.0026341 | 3869 chars
2026-09-03 04:45:44,734 - MainProcess - INFO - [VLM] Response received. Content len: 3869, Thinking len: 0

================================================================================
🤖 [cam17_17_Rajkot_Bus_Port_CCTV] SEGMENT VLM - #584 - 2026-06-13 22:12:17
================================================================================
Recorded 13-06-2026 (Saturday) 22:12:17 to 22:12:47 at Rajkot Bus Port, camera cam17_17_Rajkot_Bus_Port_CCTV. 1. SCENE The camera ("1 CENTER") overlooks a paved forecourt/parking area at the edge of Rajkot Bus Port at night, adjacent to a road. Illuminated signage is visible: "HOTEL JK" (2nd floor, AC/non-AC rooms, "ROOM STARTS FROM 799/- ONLY"), a "BUS EXIT ONLY" sign, and a yellow/red advertisement board with Gujarati text and contact numbers. A closed metal shutter occupies the right side of the frame. Lighting is artificial (street lamp and signage), with heavy glare and haze from the lamp on the left; the road beyond is dimly lit. Conditions are consistent with night-time. 2. TRAFFIC AND PEOPLE - Parked two-wheelers: approximately six scooters/motorcycles, mostly black/dark, plus one white scooter, stationary throughout the clip. - Two to three people seated on a low ledge near the right of the two-wheeler parking for the whole clip, one wearing a light pink/salmon shirt, one in dark clothing with a backpack; they appear to be looking at a mobile phone. - A person with a backpack and light-coloured trousers standing near the left edge from around 32s onward. - Pedestrians on the road/footpath: a woman in a light top and dark skirt walking left-to-right near the planter around 42 52s; a person in a yellow top visible near the planter around 47 57s; other distant pedestrians on the road. - Road traffic: headlights of cars and two-wheelers passing on the road to the left throughout; a white car crosses the far road around 50s; a blue-and-white bus passes along the road left-to-right around 55 60s; a motorcycle with rider in dark clothing enters the forecourt from the left around 55s and moves slowly rightward through the parked two-wheelers, still present at the end of the clip. 3. VEHICLES IDENTIFIED CONFIRMED: None identified. PROBABLE (unconfirmed): - White hatchback, i20/Baleno class (unconfirmed), crossing the far road left-to-right, ~50s distance, glare and motion blur prevent confirmation. - Blue and white city/ST-style bus (unconfirmed), passing on the road left-to-right, ~55 60s rear-side angle and darkness prevent reading of any markings. - Black motorcycle with headlight on, ridden by a person in dark clothing (unconfirmed), entering the forecourt from the left, ~55s darkness and partial obstruction by parked two-wheelers. 4. REGISTRATIONS READ None legible. (Any plates present on the parked two-wheelers are too distant, angled and dim to read; these would be single automatic reads only, not verified against any registry.) 5. NOTABLE EVENTS None observed. The seated group remains in place without incident; no collisions, altercations or unattended items beyond a single pair of sandals left on the ledge beside the seated group, which appears to belong to them. 6. CROWD AND CONGESTION None observed. Pedestrian numbers remain low (roughly 4 6 visible at any time); no queues or build-ups form. 7. TRAFFIC VIOLATIONS None observed. The motorcycle entering the forecourt around 55s moves slowly among parked two-wheelers but no helmetless riding or wrong-way movement is clearly visible. 8. PATTERN OF ACTIVITY This is a quiet night-time scene dominated by stationary parked two-wheelers and a small group of people resting on the ledge, apparently using a mobile phone. The road in the background carries steady but light traffic cars and two-wheelers passing by headlight, then a bus near the end. The main change across the clip is a gradual increase in pedestrian movement near the planter from around 42s, followed by the passage of a bus and the entry of a motorcycle into the forecourt in the final seconds, suggesting the bus port remains mildly active late at night. 9. QUIET PERIODS None observed there is continuous low-level movement (road traffic headlights, small shifts among the seated group) throughout the 55 seconds, though the forecourt itself is largely still between 0s and 40s.
================================================================================

Batches:   0%|          | 0/1 [00:00<?, ?it/s]Batches: 100%|██████████| 1/1 [00:00<00:00, 28.19it/s]
2026-09-03 04:45:45,661 - MainProcess - INFO - ✅ Segment #584 stored in MongoDB
✅ Segment #584 from Camera cam17_17_Rajkot_Bus_Port_CCTV stored in MongoDB
2026-09-03 04:45:45,662 - MainProcess - INFO - [cam17_17_Rajkot_Bus_Port_CCTV] segment 584 looks alert-worthy - asking z-ai/glm-5.3-flash
2026-09-03 04:45:45,662 - MainProcess - INFO - [AI->] https://openrouter.ai/api/v1/chat/completions z-ai/glm-5.3-flash (max_tokens=2000, prompt=5269 chars)
2026-09-03 04:45:48,051 - MainProcess - INFO - [AI<-] z-ai/glm-5.3-flash ok in 4.3s | prompt_tok=1334 completion_tok=99 cost=$0.00012096 | 151 chars returned
2026-09-03 04:45:48,051 - MainProcess - INFO - [cam15_stream-15] segment 654 -> 1 alert(s)
2026-09-03 04:45:48,051 - MainProcess - WARNING - [cam15_stream-15] no VMS device id in camera_did_map.json - alert skipped: Possible near-miss between two motorcycles mid-junction ~18s; no fall confirmed, review fo
2026-09-03 04:45:48,052 - MainProcess - INFO - [cam15_stream-15] ✅ Segment #654 complete
2026-09-03 04:45:48,176 - MainProcess - INFO - [AI->] https://openrouter.ai/api/v1/chat/completions z-ai/glm-5.3-flash (1 frames, max_tokens=40)
2026-09-03 04:45:49,278 - MainProcess - INFO - [Memory] RAM: 12.6% | Process: 1.91GB | GPU: 8572/24564MB (34.9%)
2026-09-03 04:45:49,278 - MainProcess - INFO - [cam15_stream-15] #654  1/64 (  1.6%) | seg 153.04s = seek 101.62 (12f, 8.47s/frame) + vlm  44.53 + azure  1.96 + embed  0.45 | avg 154.25s | elapsed 0:02:34 | ETA 2:41:58
2026-09-03 04:45:53,588 - MainProcess - INFO - [AI<-] z-ai/glm-5.3-flash ok in 17.9s | prompt_tok=7463 completion_tok=599 cost=$0.000709475 | 2251 chars returned
2026-09-03 04:45:53,588 - MainProcess - INFO - [cam14_stream-14] summary: condensing minutes 200-224 (9/29)
2026-09-03 04:45:53,588 - MainProcess - INFO - [AI->] https://openrouter.ai/api/v1/chat/completions z-ai/glm-5.3-flash (max_tokens=700, prompt=30942 chars)
2026-09-03 04:45:58,796 - MainProcess - INFO - [AI<-] z-ai/glm-5.3-flash ok in 13.1s | prompt_tok=1286 completion_tok=7 cost=$0.0001964 | 14 chars returned
2026-09-03 04:45:58,796 - MainProcess - INFO - [cam17_17_Rajkot_Bus_Port_CCTV] ✅ Segment #584 complete
2026-09-03 04:45:59,457 - MainProcess - INFO - [Memory] RAM: 12.7% | Process: 1.92GB | GPU: 9222/24564MB (37.5%)
2026-09-03 04:45:59,458 - MainProcess - INFO - [cam17_17_Rajkot_Bus_Port_CCTV] #584  2/135 (  1.5%) | seg 164.43s = seek 101.95 (12f, 8.50s/frame) + vlm  43.80 + azure  1.07 + embed  0.43 | avg  82.55s | elapsed 0:02:45 | ETA 3:02:58
2026-09-03 04:46:00,597 - MainProcess - INFO - [AI<-] z-ai/glm-5.3-flash ok in 12.4s | prompt_tok=1442 completion_tok=15 cost=$0.0002238 | 22 chars
2026-09-03 04:46:02,059 - MainProcess - INFO - [AI->] https://openrouter.ai/api/v1/chat/completions z-ai/glm-5.3-flash (12 frames, max_tokens=2600)
2026-09-03 04:46:07,679 - MainProcess - WARNING - [cam13_stream-13] Segment #100: frame seek failed, skipping
2026-09-03 04:46:08,892 - MainProcess - WARNING - [cam13_stream-13] Segment #99: frame seek failed, skipping
2026-09-03 04:46:09,117 - MainProcess - INFO - [Memory] RAM: 12.6% | Process: 1.93GB | GPU: 7287/24564MB (29.7%)
2026-09-03 04:46:09,118 - MainProcess - INFO - [cam13_stream-13] #100  7/627 (  1.1%) | seg   0.00s = seek 44.06 (0f, 44.06s/frame) + vlm   0.00 + azure  0.00 + embed  0.00 | avg  25.04s | elapsed 0:02:55 | ETA 4:18:46
2026-09-03 04:46:09,118 - MainProcess - INFO - [cam13_stream-13] #99   8/627 (  1.3%) | seg   0.00s = seek 45.90 (0f, 45.90s/frame) + vlm   0.00 + azure  0.00 + embed  0.00 | avg  21.91s | elapsed 0:02:55 | ETA 3:46:03
2026-09-03 04:46:19,458 - MainProcess - INFO - [AI<-] z-ai/glm-5.3-flash ok in 25.9s | prompt_tok=7619 completion_tok=615 cost=$0.00145035 | 2306 chars returned
2026-09-03 04:46:19,458 - MainProcess - INFO - [cam14_stream-14] summary: condensing minutes 225-249 (10/29)
2026-09-03 04:46:19,458 - MainProcess - INFO - [AI->] https://openrouter.ai/api/v1/chat/completions z-ai/glm-5.3-flash (max_tokens=700, prompt=30942 chars)
2026-09-03 04:46:22,455 - MainProcess - WARNING - [cam13_stream-13] Segment #101: frame seek failed, skipping
2026-09-03 04:46:22,456 - MainProcess - INFO - [cam13_stream-13] #101  9/627 (  1.4%) | seg   0.00s = seek 46.50 (0f, 46.50s/frame) + vlm   0.00 + azure  0.00 + embed  0.00 | avg  20.96s | elapsed 0:03:08 | ETA 3:35:53
2026-09-03 04:46:35,525 - MainProcess - INFO - [AI->] https://openrouter.ai/api/v1/chat/completions z-ai/glm-5.3-flash (12 frames, max_tokens=2600)
2026-09-03 04:46:41,928 - MainProcess - INFO - [AI<-] z-ai/glm-5.3-flash ok in 39.9s | prompt_tok=15352 completion_tok=806 cost=$0.0025906 | 3318 chars
2026-09-03 04:46:41,928 - MainProcess - INFO - [VLM] Response received. Content len: 3318, Thinking len: 0

================================================================================
🤖 [cam17_17_Rajkot_Bus_Port_CCTV] SEGMENT VLM - #586 - 2026-06-13 22:14:17
================================================================================
Recorded 13-06-2026 (Saturday) 22:14:17 to 22:14:47 at Rajkot Bus Port, camera cam17_17_Rajkot_Bus_Port_CCTV. 1. SCENE The camera ("1 CENTER") overlooks a covered walkway/forecourt beside a row of closed shop shutters at Rajkot Bus Port, facing a public road to the left. Illuminated signage is visible: "HOTEL JK" (2nd floor, A/C, Non A/C rooms, dormitory beds, rooms from 799/-), a "BUS EXIT ONLY" sign, and a yellow/red "COTT..." advertisement board with a mobile number. It is night; lighting is artificial (streetlight and shop signage), with heavy glare and haze from the streetlight washing out part of the road. 2. TRAFFIC AND PEOPLE - Parked two-wheelers: approximately 8 10 scooters and motorcycles, mostly black/dark, plus one white scooter, stationary throughout the clip. - Two people seated/crouched on the kerb near the planter by the shutters for the full clip: one in a light pink/salmon shirt, one in dark clothing with a backpack, both looking at a mobile phone. - One person standing near the parked scooters on the left, dark clothing, present throughout. - One person in light/pale clothing standing near the "BUS EXIT ONLY" sign area, shifting position slightly across the clip. - Road traffic: several two-wheelers with headlights on passing on the road (early in the clip, ~0 25s); an orange/white livery bus crossing the frame left-to-right at ~30 35s; a white car entering from the left at ~40s; further two-wheelers and a red/orange vehicle in the distance late in the clip (~45 55s). - At ~50 55s a person in a patterned shirt with a motorcycle appears at the far left edge near the parked bikes. 3. VEHICLES IDENTIFIED CONFIRMED: None identified. PROBABLE (unconfirmed): - Orange/white intercity bus, GSRTC-type livery (unconfirmed), moving left to right across the road, ~30 35s rear/side angle, motion blur and headlight glare prevent confirmation. - White compact hatchback (unconfirmed), entering from left on the road, ~40s distance and glare. - Red/orange light vehicle, possibly an auto-rickshaw or small van (unconfirmed), far left background, ~45 50s too distant and hazy. 4. REGISTRATIONS READ None legible. (Any plates present are obscured by darkness, angle and glare; all above are single automatic reads only, not verified against any registry.) 5. NOTABLE EVENTS None observed. The two people seated by the planter remain there throughout without incident; no altercations, unattended items or restricted-area access seen. 6. CROWD AND CONGESTION None observed. Pedestrian presence is sparse (4 5 people) and road traffic flows freely. 7. TRAFFIC VIOLATIONS None observed. 8. PATTERN OF ACTIVITY This is a quiet night-time scene dominated by stationary parked two-wheelers and a small group of people resting by the shutters, one of whom is using a mobile phone. Road traffic is light and intermittent: two-wheelers early, a single bus crossing mid-clip (~30 35s), a white car at ~40s, and scattered vehicles thereafter. Between the early and late frames the only real change is the bus transit mid-clip and the arrival of one more person with a motorcycle at the far left near the end (~50 55s). No build-up or directional trend in traffic; movements are isolated passes. 9. QUIET PERIODS The road is briefly empty of moving traffic around ~20 28s and again ~50 55s, but the seated and standing people remain in place throughout, so the scene is never entirely still.
================================================================================

Batches:   0%|          | 0/1 [00:00<?, ?it/s]Batches: 100%|██████████| 1/1 [00:00<00:00, 27.75it/s]
2026-09-03 04:46:42,854 - MainProcess - INFO - ✅ Segment #586 stored in MongoDB
✅ Segment #586 from Camera cam17_17_Rajkot_Bus_Port_CCTV stored in MongoDB
2026-09-03 04:46:42,855 - MainProcess - INFO - [cam17_17_Rajkot_Bus_Port_CCTV] segment 586 looks alert-worthy - asking z-ai/glm-5.3-flash
2026-09-03 04:46:42,855 - MainProcess - INFO - [AI->] https://openrouter.ai/api/v1/chat/completions z-ai/glm-5.3-flash (max_tokens=2000, prompt=4722 chars)
2026-09-03 04:46:44,354 - MainProcess - INFO - [AI<-] z-ai/glm-5.3-flash ok in 1.5s | prompt_tok=1201 completion_tok=7 cost=$8.7985e-05 | 14 chars returned
2026-09-03 04:46:44,354 - MainProcess - INFO - [cam17_17_Rajkot_Bus_Port_CCTV] ✅ Segment #586 complete
2026-09-03 04:46:45,156 - MainProcess - INFO - [Memory] RAM: 12.4% | Process: 1.97GB | GPU: 7064/24564MB (28.8%)
2026-09-03 04:46:45,156 - MainProcess - INFO - [cam17_17_Rajkot_Bus_Port_CCTV] #586  3/135 (  2.2%) | seg  96.73s = seek 40.53 (12f, 3.38s/frame) + vlm  40.37 + azure  1.30 + embed  0.42 | avg  70.26s | elapsed 0:03:30 | ETA 2:34:34
2026-09-03 04:46:46,389 - MainProcess - INFO - [AI->] https://openrouter.ai/api/v1/chat/completions z-ai/glm-5.3-flash (1 frames, max_tokens=40)
2026-09-03 04:46:48,542 - MainProcess - WARNING - [cam13_stream-13] Segment #102: frame seek failed, skipping
2026-09-03 04:46:49,151 - MainProcess - INFO - [Memory] RAM: 12.5% | Process: 1.97GB | GPU: 7066/24564MB (28.8%)
2026-09-03 04:46:49,152 - MainProcess - INFO - [cam13_stream-13] #102  10/627 (  1.6%) | seg   0.00s = seek 40.86 (0f, 40.86s/frame) + vlm   0.00 + azure  0.00 + embed  0.00 | avg  21.53s | elapsed 0:03:35 | ETA 3:41:26
2026-09-03 04:46:51,462 - MainProcess - INFO - [AI<-] z-ai/glm-5.3-flash ok in 32.0s | prompt_tok=7709 completion_tok=545 cost=$0.000714425 | 1927 chars returned
2026-09-03 04:46:51,462 - MainProcess - INFO - [cam14_stream-14] summary: condensing minutes 250-274 (11/29)
2026-09-03 04:46:51,462 - MainProcess - INFO - [AI->] https://openrouter.ai/api/v1/chat/completions z-ai/glm-5.3-flash (max_tokens=700, prompt=30942 chars)
2026-09-03 04:46:55,333 - MainProcess - WARNING - [cam13_stream-13] Segment #103: frame seek failed, skipping
2026-09-03 04:46:55,334 - MainProcess - INFO - [cam13_stream-13] #103  11/627 (  1.8%) | seg   0.00s = seek 46.44 (0f, 46.44s/frame) + vlm   0.00 + azure  0.00 + embed  0.00 | avg  20.14s | elapsed 0:03:41 | ETA 3:26:44
2026-09-03 04:46:58,843 - MainProcess - INFO - [AI<-] z-ai/glm-5.3-flash ok in 12.5s | prompt_tok=1442 completion_tok=15 cost=$0.0002238 | 22 chars
2026-09-03 04:47:00,308 - MainProcess - INFO - [AI->] https://openrouter.ai/api/v1/chat/completions z-ai/glm-5.3-flash (12 frames, max_tokens=2600)
2026-09-03 04:47:02,364 - MainProcess - WARNING - [cam13_stream-13] Segment #104: frame seek failed, skipping
2026-09-03 04:47:02,365 - MainProcess - INFO - [cam13_stream-13] #104  12/627 (  1.9%) | seg   0.00s = seek 39.91 (0f, 39.91s/frame) + vlm   0.00 + azure  0.00 + embed  0.00 | avg  19.05s | elapsed 0:03:48 | ETA 3:15:12
2026-09-03 04:47:08,713 - MainProcess - INFO - [AI<-] z-ai/glm-5.3-flash ok in 17.3s | prompt_tok=7771 completion_tok=506 cost=$0.000244685 | 1783 chars returned
2026-09-03 04:47:08,713 - MainProcess - INFO - [cam14_stream-14] summary: condensing minutes 275-299 (12/29)
2026-09-03 04:47:08,713 - MainProcess - INFO - [AI->] https://openrouter.ai/api/v1/chat/completions z-ai/glm-5.3-flash (max_tokens=700, prompt=30942 chars)
2026-09-03 04:47:14,429 - MainProcess - WARNING - Frame seek timed out at 39490.0s in cam15_stream-15.mp4
2026-09-03 04:47:14,429 - MainProcess - WARNING - [cam15_stream-15] Segment #658: only 11/12 frames decoded
2026-09-03 04:47:15,657 - MainProcess - INFO - [AI->] https://openrouter.ai/api/v1/chat/completions z-ai/glm-5.3-flash (11 frames, max_tokens=2600)
2026-09-03 04:47:16,167 - MainProcess - INFO - [AI<-] z-ai/glm-5.3-flash ok in 7.5s | prompt_tok=7642 completion_tok=700 cost=$0.0014963 | 2554 chars returned
2026-09-03 04:47:16,167 - MainProcess - INFO - [cam14_stream-14] summary: condensing minutes 300-324 (13/29)
2026-09-03 04:47:16,168 - MainProcess - INFO - [AI->] https://openrouter.ai/api/v1/chat/completions z-ai/glm-5.3-flash (max_tokens=700, prompt=30942 chars)
2026-09-03 04:47:21,511 - MainProcess - INFO - [AI->] https://openrouter.ai/api/v1/chat/completions z-ai/glm-5.3-flash (1 frames, max_tokens=40)
2026-09-03 04:47:23,590 - MainProcess - INFO - [AI<-] z-ai/glm-5.3-flash ok in 48.1s | prompt_tok=15352 completion_tok=823 cost=$0.00129955 | 3415 chars
2026-09-03 04:47:23,590 - MainProcess - INFO - [VLM] Response received. Content len: 3415, Thinking len: 0
2026-09-03 04:47:24,019 - MainProcess - INFO - [AI<-] z-ai/glm-5.3-flash ok in 2.5s | prompt_tok=1442 completion_tok=15 cost=$0.0002238 | 22 chars

================================================================================
🤖 [cam15_stream-15] SEGMENT VLM - #659 - 2026-06-14 07:58:57
================================================================================
Recorded 14-06-2026 (Sunday) 07:58:57 to 07:59:27 at Suvidhapark, camera cam15_stream-15. 1. SCENE The camera overlooks a signal-controlled road junction with zebra crossings on all approaches, a traffic light pole at the right edge, a kerb with black-and-yellow bollards, and a small footpath with shops/structures on the left. Daylight, overcast morning conditions; good visibility across the junction. 2. TRAFFIC AND PEOPLE Light, free-flowing traffic of two-wheelers, auto-rickshaws, goods vehicles and a few cars. Roughly: at least 10 two-wheelers (mostly with riders, one carrying a pillion), 3 4 auto-rickshaws (one yellow-and-green CNG-style, one green, one yellow-topped green), one blue three-wheeler goods carrier, one white van, one dark grey hatchback, one dark car/jeep-type vehicle, one yellow-topped truck entering late, and one white-shirted male pedestrian crossing on the zebra around 40s. Two people stand on the left footpath near the crossing from about 20s onward. 3. VEHICLES IDENTIFIED CONFIRMED None identified. PROBABLE (unconfirmed) - White van, Maruti Omni/Eeco class (unconfirmed), 35s small boxy white van crossing right to left; badges/plate not legible. - Dark grey hatchback, i10/Swift class (unconfirmed), 55s rear-three-quarter view only, motion blur. - Dark compact car, Jeep/UV class (unconfirmed), 25s dark high-sided vehicle on left crossing, motion-blurred. All are unconfirmed due to distance, angle and compression blur; no badge or plate readable on any vehicle. 4. REGISTRATIONS READ None legible. (Any plate shapes visible are too small/blurred; single automatic reads only, none verified against any registry.) 5. NOTABLE EVENTS - At approximately 15s the amber signal is visibly lit; vehicles that had just crossed clear the junction and it is briefly empty no violation observed. - Between 2s and 5s a large cluster of two-wheelers crosses the junction together; no collision. - None observed otherwise: no collisions, near-misses, unattended objects or restricted-area access. 6. CROWD AND CONGESTION A platoon of roughly 8 10 motorcycles/scooters crosses together at the start of the clip (0 5s), which appears to be a released signal queue, not a jam. Traffic is otherwise free-flowing. No queues or build-ups observed later. 7. TRAFFIC VIOLATIONS - Helmetless riders: several riders on the crossing two-wheelers appear to be without helmets (e.g. the scooter rider in dark clothing at 0s, the white-shirted rider at 20s, the pedestrian-era two-wheelers at 40 45s). Helmet status of some others not determinable. - None observed otherwise (no wrong-way driving, red-light jumping or footpath driving seen). 8. PATTERN OF ACTIVITY The clip shows a typical early-morning signal cycle at a city junction: a batch of two-wheelers crosses right to left at the start, the junction empties completely mid-clip (roughly 9 15s) while the amber signal shows, then mixed traffic resumes autos, a goods trike, a white van and cars moving in multiple directions, with most flow crossing from right to left through the junction. Late in the clip two-wheelers dominate again, and by 55s a truck and a hatchback appear from the north. The single pedestrian (white shirt, dark trousers) crosses on the zebra around 40s while traffic is light. 9. QUIET PERIODS The junction is completely empty of moving traffic from about 9s to 18s (amber signal period). Everything else is either flowing or stopped briefly out of frame; no other fully quiet seconds.
================================================================================

Batches:   0%|          | 0/1 [00:00<?, ?it/s]Batches: 100%|██████████| 1/1 [00:00<00:00, 10.54it/s]
2026-09-03 04:47:24,619 - MainProcess - INFO - ✅ Segment #659 stored in MongoDB
✅ Segment #659 from Camera cam15_stream-15 stored in MongoDB
2026-09-03 04:47:24,619 - MainProcess - INFO - [cam15_stream-15] segment 659 looks alert-worthy - asking z-ai/glm-5.3-flash
2026-09-03 04:47:24,620 - MainProcess - INFO - [AI->] https://openrouter.ai/api/v1/chat/completions z-ai/glm-5.3-flash (max_tokens=2000, prompt=4777 chars)
2026-09-03 04:47:25,650 - MainProcess - INFO - [AI->] https://openrouter.ai/api/v1/chat/completions z-ai/glm-5.3-flash (12 frames, max_tokens=2600)
2026-09-03 04:47:27,639 - MainProcess - INFO - [AI<-] z-ai/glm-5.3-flash ok in 3.0s | prompt_tok=1201 completion_tok=44 cost=$9.7235e-05 | 123 chars returned
2026-09-03 04:47:27,639 - MainProcess - INFO - [cam15_stream-15] segment 659 -> 1 alert(s)
2026-09-03 04:47:27,639 - MainProcess - WARNING - [cam15_stream-15] no VMS device id in camera_did_map.json - alert skipped: Helmetless riders observed crossing junction on multiple two-wheelers
2026-09-03 04:47:27,640 - MainProcess - INFO - [cam15_stream-15] ✅ Segment #659 complete
2026-09-03 04:47:28,577 - MainProcess - INFO - [AI<-] z-ai/glm-5.3-flash ok in 176.3s | prompt_tok=15352 completion_tok=863 cost=$0.0026191 | 3578 chars
2026-09-03 04:47:28,577 - MainProcess - INFO - [VLM] Response received. Content len: 3578, Thinking len: 0

================================================================================
🤖 [cam17_17_Rajkot_Bus_Port_CCTV] SEGMENT VLM - #583 - 2026-06-13 22:11:17
================================================================================
Recorded 13-06-2026 (Saturday) 22:11:17 to 22:11:47 at Rajkot Bus Port, camera cam17_17_Rajkot_Bus_Port_CCTV. 1. SCENE The camera overlooks a covered walkway/forecourt beside a closed shopfront (roller shutter) at Rajkot Bus Port, with a view onto the public road to the left. Illuminated signage is visible: "HOTEL JK" (A/C, Non A/C Rooms & Dormitory, "Rooms starts from 799/- only"), a "BUS EXIT ONLY" sign, and a yellow advertisement board reading "COTTON" with a phone number (87339 29701 / 702) and Gujarati text. It is night; the scene is lit by street lighting and vehicle headlights, with noticeable glare and haze from headlights on the road. 2. TRAFFIC AND PEOPLE - Parked two-wheelers throughout: approximately 6-7 scooters/motorcycles, mostly black/dark, plus one white scooter, stationary in the foreground for the whole clip. - Two people seated/crouched on the low wall by the planters on the right walkway for the entire clip: one wearing a pink/salmon shirt holding a lit mobile phone, another in dark clothing with a backpack beside them. They remain in the same position throughout. - A person in a white t-shirt, light trousers and a black backpack standing near the parked two-wheelers on the left, present from the start, shifting position slightly and at one point raising an arm (approx 40s in). - A person in a patterned shirt walking left past the parked bikes in the opening seconds, exiting left by about 10s. - Road traffic on the left: cars with headlights on passing early in the clip; a red/cream GSRTC bus crossing left-to-right across the background around 15-25s with pedestrians walking near it; an auto-rickshaw approaching the camera around 40-45s; further two-wheelers and cars passing in the background throughout. - Two pedestrians walking toward the camera on the road around 45-50s. 3. VEHICLES IDENTIFIED CONFIRMED: - GSRTC bus (state transport livery, "GSRTC" legible on the side), red/cream, travelling left to right across the background, seen around 15-25s. PROBABLE (unconfirmed): - Dark hatchback/sedan with headlights on, road traffic, rear/front not distinguishable in glare (unconfirmed), 0-10s. - Auto-rickshaw, three-wheeler silhouette, approaching camera through headlight glare (unconfirmed), 40-45s. - Various distant two-wheelers and cars on the road, too far and glare-obscured for any detail (unconfirmed), throughout. 4. REGISTRATIONS READ None legible. (Any plates on the parked two-wheelers are too small, angled or glare-affected to read; these would be single automatic reads only, not verified against any registry.) 5. NOTABLE EVENTS None observed. The two people seated on the wall remain there for the full clip using a mobile phone; this is consistent with waiting/loitering but not in itself suspicious. No collisions, altercations or unattended items seen. 6. CROWD AND CONGESTION None observed. Pedestrian numbers are low; the largest group (3-4 people) is near the GSRTC bus around 15-25s. 7. TRAFFIC VIOLATIONS None observed. 8. PATTERN OF ACTIVITY This is a quiet night-time scene at the bus port exit area. The dominant activity is light through-traffic on the adjacent road, all moving left to right, punctuated by a GSRTC bus passing mid-clip. The foreground is static: parked two-wheelers and a small group of people seated on the wall who do not move for the entire 55 seconds. The only change between early and late frames is the turnover of road traffic - cars early, the bus mid-clip, an auto-rickshaw and pedestrians later - with no build-up or incident at any point. 9. QUIET PERIODS None observed - background road traffic moves throughout, and the seated figures are present in every frame.
================================================================================

Batches:   0%|          | 0/1 [00:00<?, ?it/s]Batches: 100%|██████████| 1/1 [00:00<00:00, 15.74it/s]
2026-09-03 04:47:29,335 - MainProcess - INFO - [Memory] RAM: 12.5% | Process: 2.06GB | GPU: 5749/24564MB (23.4%)
2026-09-03 04:47:29,336 - MainProcess - INFO - [cam15_stream-15] #659  2/64 (  3.1%) | seg  99.58s = seek 46.26 (12f, 3.85s/frame) + vlm  48.60 + azure  1.02 + embed  0.50 | avg 127.16s | elapsed 0:04:14 | ETA 2:11:23
2026-09-03 04:47:29,530 - MainProcess - INFO - ✅ Segment #583 stored in MongoDB
✅ Segment #583 from Camera cam17_17_Rajkot_Bus_Port_CCTV stored in MongoDB
2026-09-03 04:47:29,531 - MainProcess - INFO - [cam17_17_Rajkot_Bus_Port_CCTV] segment 583 looks alert-worthy - asking z-ai/glm-5.3-flash
2026-09-03 04:47:29,531 - MainProcess - INFO - [AI->] https://openrouter.ai/api/v1/chat/completions z-ai/glm-5.3-flash (max_tokens=2000, prompt=4988 chars)
2026-09-03 04:47:31,338 - MainProcess - INFO - [AI<-] z-ai/glm-5.3-flash ok in 31.0s | prompt_tok=15352 completion_tok=862 cost=$0.0027338 | 3644 chars
2026-09-03 04:47:31,338 - MainProcess - INFO - [VLM] Response received. Content len: 3644, Thinking len: 0
2026-09-03 04:47:31,441 - MainProcess - INFO - [AI<-] z-ai/glm-5.3-flash ok in 1.9s | prompt_tok=1261 completion_tok=7 cost=$9.2485e-05 | 14 chars returned
2026-09-03 04:47:31,442 - MainProcess - INFO - [cam17_17_Rajkot_Bus_Port_CCTV] ✅ Segment #583 complete

================================================================================
🤖 [cam17_17_Rajkot_Bus_Port_CCTV] SEGMENT VLM - #587 - 2026-06-13 22:15:17
================================================================================
Recorded 13-06-2026 (Saturday) 22:15:17 to 22:15:47 at Rajkot Bus Port, camera cam17_17_Rajkot_Bus_Port_CCTV. 1. SCENE The camera ("1 CENTER") overlooks a covered walkway/forecourt beside a shuttered commercial unit at Rajkot Bus Port, with a view onto the public road to the left. Illuminated signage is visible: "HOTEL JK" (A/C, Non A/C Rooms, Rooms start from 799/- only), a "BUS EXIT ONLY" sign, a "COTTON" advertisement board with Gujarati text and mobile numbers, and a booking number board. It is night; lighting is artificial (street lamp and shop signage), with heavy glare and lens flare from the street light washing out part of the road. The right half of the frame is a closed roller shutter and tiled pavement. 2. TRAFFIC AND PEOPLE - Parked two-wheelers: approximately 8 10 scooters and motorcycles, mostly black/dark, plus one white scooter, stationary throughout the clip. - Road traffic: a motorcycle with headlight on travelling along the road at 0s; a car with headlights on passing left-to-right around 0 5s; a white/blue bus or large vehicle passing on the road around 20s; a scooter/motorcycle passing around 25s and again around 50 55s. - People: two persons crouched/sitting on the kerb at the planter near the shutter (one in a pale pink/salmon long-sleeve shirt, one in dark clothing with a backpack) present throughout the clip, appearing to look at a mobile phone; a person in light clothing standing near the "HOTEL JK" sign area throughout; a man in dark clothing with a bag walking away from camera on the pavement at 0 10s; a small group (two to three people, one in a patterned dress) standing near the parked bikes on the left from about 15s onward; a man in a light shirt walking through the bike area around 40 45s; several pedestrians on the far pavement moving left to right around 45 55s. 3. VEHICLES IDENTIFIED CONFIRMED: None identified. PROBABLE (unconfirmed): - Dark car, hatchback/sedan class (unconfirmed), headlights on, road left edge, 0s distance and glare prevent identification. - White/blue bus or large passenger vehicle (unconfirmed), road background, 20s motion blur and partial obstruction by signage. - Motorcycle with rider (unconfirmed), road, 0s and 25s headlight glare, night frame. - Scooter with rider (unconfirmed), road, 50 55s distance and darkness. 4. REGISTRATIONS READ None legible. 5. NOTABLE EVENTS - Two individuals remain crouched low at the kerb/planter beside the closed shutter for the entire 55 seconds, largely stationary, one handling a mobile phone. This is consistent with loitering in a dim, unmonitored corner adjacent to the bus exit; flag for awareness, though no offence is visible. - No collisions, altercations, unattended bags or other incidents observed. 6. CROWD AND CONGESTION None observed. Pedestrian numbers remain low (roughly 5 7 people visible at any time); no queues or build-ups form. 7. TRAFFIC VIOLATIONS None observed. 8. PATTERN OF ACTIVITY This is a quiet night-time scene dominated by stationary parked two-wheelers and a handful of pedestrians using the walkway. Road traffic is light and intermittent, passing left to right in the background. The constant elements are the two crouched figures by the planter and the person near the hotel signage; the changing elements are passing vehicles and individual pedestrians crossing the left side. Between the early and late frames the pavement crowd shifts slightly the man with the bag at the start leaves, and a small group gathers by the parked bikes mid-clip but overall activity stays low-level and unchanged in character. 9. QUIET PERIODS None observed; pedestrian and vehicle movement continues at low volume throughout, and the crouched figures are present in every frame.
================================================================================

Batches:   0%|          | 0/1 [00:00<?, ?it/s]Batches: 100%|██████████| 1/1 [00:00<00:00, 35.65it/s]
2026-09-03 04:47:31,928 - MainProcess - WARNING - [cam13_stream-13] Segment #105: frame seek failed, skipping
2026-09-03 04:47:32,264 - MainProcess - INFO - ✅ Segment #587 stored in MongoDB
✅ Segment #587 from Camera cam17_17_Rajkot_Bus_Port_CCTV stored in MongoDB
2026-09-03 04:47:32,265 - MainProcess - INFO - [cam17_17_Rajkot_Bus_Port_CCTV] segment 587 looks alert-worthy - asking z-ai/glm-5.3-flash
2026-09-03 04:47:32,265 - MainProcess - INFO - [AI->] https://openrouter.ai/api/v1/chat/completions z-ai/glm-5.3-flash (max_tokens=2000, prompt=5042 chars)
2026-09-03 04:47:32,843 - MainProcess - INFO - [Memory] RAM: 12.6% | Process: 2.03GB | GPU: 7501/24564MB (30.5%)
2026-09-03 04:47:32,843 - MainProcess - INFO - [cam17_17_Rajkot_Bus_Port_CCTV] #583  4/135 (  3.0%) | seg 257.08s = seek 73.67 (12f, 6.14s/frame) + vlm 176.82 + azure  1.41 + embed  0.45 | avg  64.62s | elapsed 0:04:18 | ETA 2:21:05
2026-09-03 04:47:32,991 - MainProcess - INFO - [Memory] RAM: 12.6% | Process: 2.03GB | GPU: 7861/24564MB (32.0%)
2026-09-03 04:47:32,991 - MainProcess - INFO - [cam13_stream-13] #105  13/627 (  2.1%) | seg   0.00s = seek 43.39 (0f, 43.39s/frame) + vlm   0.00 + azure  0.00 + embed  0.00 | avg  19.94s | elapsed 0:04:19 | ETA 3:24:00
2026-09-03 04:47:33,038 - MainProcess - INFO - [AI<-] z-ai/glm-5.3-flash ok in 16.9s | prompt_tok=7567 completion_tok=496 cost=$0.000691525 | 1902 chars returned
2026-09-03 04:47:33,038 - MainProcess - INFO - [cam14_stream-14] summary: condensing minutes 325-349 (14/29)
2026-09-03 04:47:33,039 - MainProcess - INFO - [AI->] https://openrouter.ai/api/v1/chat/completions z-ai/glm-5.3-flash (max_tokens=700, prompt=30942 chars)
2026-09-03 04:47:38,969 - MainProcess - INFO - [AI<-] z-ai/glm-5.3-flash ok in 160.4s | prompt_tok=15352 completion_tok=859 cost=$0.00130855 | 3137 chars
2026-09-03 04:47:38,969 - MainProcess - INFO - [VLM] Response received. Content len: 3137, Thinking len: 212
2026-09-03 04:47:39,373 - MainProcess - INFO - [AI<-] z-ai/glm-5.3-flash ok in 7.1s | prompt_tok=1254 completion_tok=65 cost=$0.00010646 | 134 chars returned
2026-09-03 04:47:39,374 - MainProcess - INFO - [cam17_17_Rajkot_Bus_Port_CCTV] segment 587 -> 1 alert(s)
2026-09-03 04:47:39,374 - MainProcess - WARNING - [cam17_17_Rajkot_Bus_Port_CCTV] no VMS device id in camera_did_map.json - alert skipped: Two individuals loitering crouched at kerb by bus exit for full clip, dim area
2026-09-03 04:47:39,375 - MainProcess - INFO - [cam17_17_Rajkot_Bus_Port_CCTV] ✅ Segment #587 complete
2026-09-03 04:47:39,381 - MainProcess - INFO - [cam17_17_Rajkot_Bus_Port_CCTV] #587  5/135 (  3.7%) | seg 100.58s = seek 47.58 (12f, 3.97s/frame) + vlm  31.53 + azure  1.31 + embed  0.42 | avg  53.00s | elapsed 0:04:25 | ETA 1:54:50

================================================================================
🤖 [cam15_stream-15] SEGMENT VLM - #657 - 2026-06-14 07:56:57
================================================================================
Recorded 14-06-2026 (Sunday) 07:56:57 to 07:57:27 at Suvidhapark, camera cam15_stream-15. 1. SCENE The camera overlooks a signal-controlled road junction (RLVD camera, "Suvidhapark P3") with marked zebra crossings on multiple arms, a traffic signal pole on the right with the red aspect illuminated throughout, and a red-and-white bollard on the right corner. Footpath, trees and a building are visible on the far left. Lighting is bright daylight, indicating daytime, with slight haze/haze-blur typical of a morning feed. 2. TRAFFIC AND PEOPLE Traffic is light and free-flowing: one white MPV, one maroon/dark red car, one silver hatchback, one white compact car, roughly six to eight motorcycles/scooters, and two to three green-and-yellow auto-rickshaws. Pedestrians: one person in dark clothing with a backpack crossing the lower crossing at 0s; a man in an orange shirt on the far-left footpath at 0s; a person in dark clothing crossing the left crossing around 36 45s; a helmeted rider and pillions on two-wheelers at the bottom of frame around 51s. 3. VEHICLES IDENTIFIED CONFIRMED None identified. PROBABLE (unconfirmed) - White MPV, Marazza/Ertiga class (unconfirmed), turning right through the junction, 5 12s rear-side angle and compression blur prevent badge confirmation. - Maroon/dark red compact car (unconfirmed), entering from bottom of frame, 21s front-bonnet only view. - Silver compact hatchback (unconfirmed), turning across the junction, 22 26s heavy motion blur. - White compact SUV/crossover (unconfirmed), crossing right to left, 26s pixelated image, no badge visible. - Green-and-yellow auto-rickshaws (unconfirmed), several, crossing at 0s, 12s, 21s and 51 55s type clear, no model confirmation needed/readable. 4. REGISTRATIONS READ None legible. (Any plates visible are too small/blurred; these would be single automatic reads only.) 5. NOTABLE EVENTS - Vehicles are observed proceeding through the junction while the red signal aspect is clearly lit throughout the clip the white MPV at 5 12s, the silver hatchback at 22 26s and the white compact car at 26s all cross on red. Alert-worthy for an RLVD camera. - Intermittent digital compression/pixelation artefacts corrupt the image around 7s, 22 26s, which may obscure details. 6. CROWD AND CONGESTION None observed. Traffic remains light and free-flowing throughout. 7. TRAFFIC VIOLATIONS - Red-light jumping: at least three vehicles (white MPV ~5s; silver hatchback ~22 26s; white compact car ~26s) cross the stop line against the visibly red signal. - No helmetless riders, wrong-way driving or three-on-a-two-wheeler clearly observed. 8. PATTERN OF ACTIVITY The dominant traffic is two-wheelers and auto-rickshaws moving through the junction in both directions, with the signal showing red for the camera-facing approach for the full clip. Early frames show a pedestrian crossing and the white MPV turning; mid-clip frames show a burst of cars crossing on red; late frames return to scattered two-wheelers and an auto-rickshaw. Activity stays light throughout with no build-up. 9. QUIET PERIODS Around 12s and 36 39s the junction is nearly empty, with only isolated riders visible; otherwise light movement is continuous.
================================================================================

Batches:   0%|          | 0/1 [00:00<?, ?it/s]Batches: 100%|██████████| 1/1 [00:00<00:00, 10.30it/s]
2026-09-03 04:47:40,002 - MainProcess - INFO - ✅ Segment #657 stored in MongoDB
✅ Segment #657 from Camera cam15_stream-15 stored in MongoDB
2026-09-03 04:47:40,003 - MainProcess - INFO - [cam15_stream-15] segment 657 looks alert-worthy - asking z-ai/glm-5.3-flash
2026-09-03 04:47:40,003 - MainProcess - INFO - [AI->] https://openrouter.ai/api/v1/chat/completions z-ai/glm-5.3-flash (max_tokens=2000, prompt=4497 chars)
2026-09-03 04:47:40,719 - MainProcess - WARNING - [cam13_stream-13] Segment #106: frame seek failed, skipping
2026-09-03 04:47:40,720 - MainProcess - INFO - [cam13_stream-13] #106  14/627 (  2.2%) | seg   0.00s = seek 45.39 (0f, 45.39s/frame) + vlm   0.00 + azure  0.00 + embed  0.00 | avg  19.06s | elapsed 0:04:26 | ETA 3:14:46
2026-09-03 04:47:42,637 - MainProcess - INFO - [AI<-] z-ai/glm-5.3-flash ok in 2.6s | prompt_tok=1151 completion_tok=45 cost=$9.3735e-05 | 128 chars returned
2026-09-03 04:47:42,637 - MainProcess - INFO - [cam15_stream-15] segment 657 -> 1 alert(s)
2026-09-03 04:47:42,637 - MainProcess - WARNING - [cam15_stream-15] no VMS device id in camera_did_map.json - alert skipped: Red-light jumping: white MPV ~5s, silver hatchback ~22-26s, white car ~26s
2026-09-03 04:47:42,638 - MainProcess - INFO - [cam15_stream-15] ✅ Segment #657 complete
2026-09-03 04:47:42,643 - MainProcess - INFO - [cam15_stream-15] #657  3/64 (  4.7%) | seg 267.62s = seek 101.62 (12f, 8.47s/frame) + vlm 160.94 + azure  1.50 + embed  0.48 | avg  89.21s | elapsed 0:04:27 | ETA 1:30:41
2026-09-03 04:47:49,550 - MainProcess - WARNING - [cam13_stream-13] Segment #107: frame seek failed, skipping
2026-09-03 04:47:49,550 - MainProcess - INFO - [cam13_stream-13] #107  15/627 (  2.4%) | seg   0.00s = seek 47.18 (0f, 47.18s/frame) + vlm   0.00 + azure  0.00 + embed  0.00 | avg  18.38s | elapsed 0:04:35 | ETA 3:07:29
2026-09-03 04:47:49,885 - MainProcess - INFO - [AI<-] z-ai/glm-5.3-flash ok in 16.8s | prompt_tok=7731 completion_tok=425 cost=$0.000225275 | 1587 chars returned
2026-09-03 04:47:49,886 - MainProcess - INFO - [cam14_stream-14] summary: condensing minutes 350-374 (15/29)
2026-09-03 04:47:49,886 - MainProcess - INFO - [AI->] https://openrouter.ai/api/v1/chat/completions z-ai/glm-5.3-flash (max_tokens=700, prompt=30942 chars)
2026-09-03 04:47:58,180 - MainProcess - INFO - [AI<-] z-ai/glm-5.3-flash ok in 42.5s | prompt_tok=14154 completion_tok=839 cost=$0.0012713 | 3433 chars
2026-09-03 04:47:58,180 - MainProcess - INFO - [VLM] Response received. Content len: 3433, Thinking len: 0

================================================================================
🤖 [cam15_stream-15] SEGMENT VLM - #658 - 2026-06-14 07:57:57
================================================================================
Recorded 14-06-2026 (Sunday) 07:57:57 to 07:58:27 at Suvidhapark, camera cam15_stream-15. 1. SCENE Elevated CCTV view of a signalised road junction, labelled "Suvidhapark P3 RLVD" on the overlay. Zebra crossings on the approach and far side, traffic signals on the right-hand corner post, a small footpath island with a red-and-white bollard. Daylight, overcast, road surface appears damp in places. Light traffic. 2. TRAFFIC AND PEOPLE - Auto-rickshaws: one yellow-and-green auto crossing the junction away from camera at 0s; a second green auto visible far right ~45s; a green auto visible top-left early in the clip. - One white van/MPV crossing away from camera top-right at 0s. - One dark grey/black sedan crossing left-to-right in the distance at ~12s. - One red compact SUV crossing the junction left-to-right at ~42-45s. - Two-wheelers: a scooter with rider and pillion crossing on the far crossing at ~0s; a motorcycle with rider carrying a red/dark backpack moving away from camera centre-lane at ~18s; a white scooter turning across the far side at ~22-29s; several two-wheelers waiting at the left edge from ~25s onward. - A cyclist in light shirt crossing right-to-left across the middle of the junction at ~12s, and another cyclist entering from the right and riding across towards the left at ~45-48s. - A pedestrian standing at the far crossing top-centre from ~12s. 3. VEHICLES IDENTIFIED CONFIRMED None identified. PROBABLE (unconfirmed) - Red compact SUV, Creta/Seltos class (unconfirmed), ~42-45s - side/front angle at speed, no badge legible. - Dark grey sedan, Dzire/Aura class (unconfirmed), ~12s - distant, rear three-quarter angle only. - White van/MPV (unconfirmed), ~0s - rear view only, plate not legible. 4. REGISTRATIONS READ None legible. (Plates on the white van and motorcycle are visible in shape but too small/blurred to read; these are single automatic reads, not verified against any registry.) 5. NOTABLE EVENTS - At ~0s, the yellow-and-green auto-rickshaw and the white van cross the junction while a scooter with pillion is still crossing the far zebra; spacing is adequate, no near-miss observed. - At ~42-45s the red SUV crosses the junction at a brisk speed as a cyclist and two-wheelers are crossing in front of it; no contact observed, but the SUV passes close to the crossing traffic - possible red-light violation by one of the parties, not conclusively determinable from these frames. - Otherwise none observed. 6. CROWD AND CONGESTION None observed. Traffic flows freely; small group of two-wheelers waiting at the left kerb ~25-34s disperses without building into a queue. 7. TRAFFIC VIOLATIONS - Possible red-light jump by the red SUV at ~42-45s: the signal head on the right shows an amber/red indication while the SUV is crossing. Not conclusively verifiable as to which signal phase applies to its approach. 8. PATTERN OF ACTIVITY Light, free-flowing junction traffic in the early morning. Early frames show cross-traffic (auto-rickshaw, van, scooter) clearing the junction; the middle of the clip is largely empty with only a cyclist and a single motorcycle passing; the later frames show a fresh movement phase with the red SUV and another cyclist crossing. Most traffic moves away from camera or left-to-right across the frame; the near zebra remains unused throughout. 9. QUIET PERIODS Roughly 4-12s and 29-42s: the junction is empty apart from peripheral two-wheelers waiting at the kerb; no vehicle within the main carriageway.
================================================================================

Batches:   0%|          | 0/1 [00:00<?, ?it/s]Batches: 100%|██████████| 1/1 [00:00<00:00, 21.37it/s]
2026-09-03 04:47:59,119 - MainProcess - INFO - ✅ Segment #658 stored in MongoDB
✅ Segment #658 from Camera cam15_stream-15 stored in MongoDB
2026-09-03 04:47:59,120 - MainProcess - INFO - [cam15_stream-15] segment 658 looks alert-worthy - asking z-ai/glm-5.3-flash
2026-09-03 04:47:59,120 - MainProcess - INFO - [AI->] https://openrouter.ai/api/v1/chat/completions z-ai/glm-5.3-flash (max_tokens=2000, prompt=4778 chars)
2026-09-03 04:48:01,141 - MainProcess - INFO - [AI<-] z-ai/glm-5.3-flash ok in 35.5s | prompt_tok=15352 completion_tok=655 cost=$0.0025151 | 2796 chars
2026-09-03 04:48:01,141 - MainProcess - INFO - [VLM] Response received. Content len: 2796, Thinking len: 0

================================================================================
🤖 [cam17_17_Rajkot_Bus_Port_CCTV] SEGMENT VLM - #588 - 2026-06-13 22:16:17
================================================================================
Recorded 13-06-2026 (Saturday) 22:16:17 to 22:16:47 at Rajkot Bus Port, camera cam17_17_Rajkot_Bus_Port_CCTV. 1. SCENE The camera ("1 CENTER") overlooks a footpath and parked two-wheeler bay at the edge of Rajkot Bus Port, with the public road visible to the left. Illuminated signage for "HOTEL JK" (2nd floor, rooms from 799/-), a "BUS EXIT ONLY" sign, and a "COTTON" textile shop hoarding are visible. It is night; lighting is from street lamps and shop signage, with heavy glare and lens flare from a bright light source on the left. The road surface appears wet, suggesting recent rain. 2. TRAFFIC AND PEOPLE - Approximately 8-10 parked two-wheelers (mostly black motorcycles/scooters, one white scooter) in the foreground bay, stationary throughout. - Two people seated/crouched on the kerb near the planter on the right footpath throughout the clip: one in a light pink/salmon shirt, one in dark clothing with a backpack, both looking at a mobile phone. A pair of sandals lies beside them. - One pedestrian in dark top and jeans with a light shoulder bag standing near the parked bikes on the left, present from the start, shifting position slightly and remaining through the clip. - Occasional road traffic on the left: a motorcycle with headlight on passing around 0-5s, a car with headlights on around 27-32s, an auto-rickshaw and other vehicles with headlights visible around 47-52s, and a motorcycle around 52-55s. 3. VEHICLES IDENTIFIED CONFIRMED: None identified. PROBABLE (unconfirmed): - White scooter, TVS Jupiter class (unconfirmed), parked in bay throughout - distance and darkness prevent confirmation. - Black motorcycle with yellow-green tank graphics, parked throughout (unconfirmed) - badge not legible. - Light-coloured car passing on road, ~30s (unconfirmed) - headlight glare and motion blur. - Auto-rickshaw on road, ~50s (unconfirmed) - distance and darkness. 4. REGISTRATIONS READ None legible. 5. NOTABLE EVENTS None observed. The two people seated on the kerb remain in the same spot for the full clip looking at a phone; this is consistent with waiting passengers and not in itself suspicious, but they are noted as loitering in one position for the full 55 seconds. 6. CROWD AND CONGESTION None observed. 7. TRAFFIC VIOLATIONS None observed. 8. PATTERN OF ACTIVITY A quiet night scene. The dominant activity is static: parked two-wheelers in the bay and a small group of people resting on the kerb. Road traffic on the left is light and intermittent, mostly two-wheelers and one car passing through with headlights on. There is no significant change between early and late frames other than the turnover of passing road vehicles; the seated pair and the standing pedestrian remain present throughout. 9. QUIET PERIODS None observed - although activity is minimal, there is always some movement (road traffic, glare flicker, or small shifts by the people present).
================================================================================

Batches:   0%|          | 0/1 [00:00<?, ?it/s]Batches: 100%|██████████| 1/1 [00:00<00:00, 44.62it/s]
2026-09-03 04:48:02,058 - MainProcess - INFO - ✅ Segment #588 stored in MongoDB
✅ Segment #588 from Camera cam17_17_Rajkot_Bus_Port_CCTV stored in MongoDB
2026-09-03 04:48:02,059 - MainProcess - INFO - [cam17_17_Rajkot_Bus_Port_CCTV] segment 588 looks alert-worthy - asking z-ai/glm-5.3-flash
2026-09-03 04:48:02,059 - MainProcess - INFO - [AI->] https://openrouter.ai/api/v1/chat/completions z-ai/glm-5.3-flash (max_tokens=2000, prompt=4206 chars)
2026-09-03 04:48:03,374 - MainProcess - INFO - [AI<-] z-ai/glm-5.3-flash ok in 4.3s | prompt_tok=1214 completion_tok=39 cost=$9.696e-05 | 128 chars returned
2026-09-03 04:48:03,374 - MainProcess - INFO - [cam15_stream-15] segment 658 -> 1 alert(s)
2026-09-03 04:48:03,374 - MainProcess - WARNING - [cam15_stream-15] no VMS device id in camera_did_map.json - alert skipped: Possible red-light jump by red SUV at ~42-45s, not conclusively verifiable
2026-09-03 04:48:03,375 - MainProcess - INFO - [cam15_stream-15] ✅ Segment #658 complete
2026-09-03 04:48:03,411 - MainProcess - INFO - [AI<-] z-ai/glm-5.3-flash ok in 1.4s | prompt_tok=1053 completion_tok=7 cost=$0.00016145 | 14 chars returned
2026-09-03 04:48:03,411 - MainProcess - INFO - [cam17_17_Rajkot_Bus_Port_CCTV] ✅ Segment #588 complete
2026-09-03 04:48:04,349 - MainProcess - INFO - [Memory] RAM: 12.9% | Process: 1.90GB | GPU: 10380/24564MB (42.3%)
2026-09-03 04:48:04,350 - MainProcess - INFO - [cam15_stream-15] #658  4/64 (  6.2%) | seg 288.35s = seek 239.40 (11f, 21.76s/frame) + vlm  43.03 + azure  1.09 + embed  0.44 | avg  72.33s | elapsed 0:04:49 | ETA 1:12:19
2026-09-03 04:48:04,367 - MainProcess - INFO - [Memory] RAM: 12.9% | Process: 1.83GB | GPU: 10385/24564MB (42.3%)
2026-09-03 04:48:04,368 - MainProcess - INFO - [cam17_17_Rajkot_Bus_Port_CCTV] #588  6/135 (  4.4%) | seg  79.06s = seek 37.14 (12f, 3.10s/frame) + vlm  36.00 + azure  1.32 + embed  0.42 | avg  48.33s | elapsed 0:04:50 | ETA 1:43:55
2026-09-03 04:48:18,949 - MainProcess - INFO - [AI->] https://openrouter.ai/api/v1/chat/completions z-ai/glm-5.3-flash (12 frames, max_tokens=2600)
2026-09-03 04:48:21,965 - MainProcess - INFO - [AI->] https://openrouter.ai/api/v1/chat/completions z-ai/glm-5.3-flash (1 frames, max_tokens=40)
2026-09-03 04:48:22,533 - MainProcess - WARNING - [cam13_stream-13] Segment #108: frame seek failed, skipping
2026-09-03 04:48:23,276 - MainProcess - INFO - [Memory] RAM: 12.6% | Process: 1.90GB | GPU: 8810/24564MB (35.9%)
2026-09-03 04:48:23,276 - MainProcess - INFO - [cam13_stream-13] #108  16/627 (  2.6%) | seg   0.00s = seek 50.60 (0f, 50.60s/frame) + vlm   0.00 + azure  0.00 + embed  0.00 | avg  19.34s | elapsed 0:05:09 | ETA 3:16:57
2026-09-03 04:48:24,185 - MainProcess - INFO - [AI<-] z-ai/glm-5.3-flash ok in 2.2s | prompt_tok=1442 completion_tok=15 cost=$2.742e-05 | 22 chars
2026-09-03 04:48:25,510 - MainProcess - INFO - [AI->] https://openrouter.ai/api/v1/chat/completions z-ai/glm-5.3-flash (12 frames, max_tokens=2600)
2026-09-03 04:48:28,743 - MainProcess - INFO - [AI->] https://openrouter.ai/api/v1/chat/completions z-ai/glm-5.3-flash (1 frames, max_tokens=40)
2026-09-03 04:48:30,945 - MainProcess - INFO - [AI<-] z-ai/glm-5.3-flash ok in 2.2s | prompt_tok=1442 completion_tok=15 cost=$2.742e-05 | 22 chars
2026-09-03 04:48:32,311 - MainProcess - INFO - [AI->] https://openrouter.ai/api/v1/chat/completions z-ai/glm-5.3-flash (12 frames, max_tokens=2600)
2026-09-03 04:48:49,072 - MainProcess - INFO - [AI<-] z-ai/glm-5.3-flash ok in 59.2s | prompt_tok=7784 completion_tok=606 cost=$0.00027066 | 1979 chars returned
2026-09-03 04:48:49,072 - MainProcess - INFO - [cam14_stream-14] summary: condensing minutes 375-399 (16/29)
2026-09-03 04:48:49,072 - MainProcess - INFO - [AI->] https://openrouter.ai/api/v1/chat/completions z-ai/glm-5.3-flash (max_tokens=700, prompt=30942 chars)
2026-09-03 04:48:54,640 - MainProcess - INFO - [AI<-] z-ai/glm-5.3-flash ok in 29.1s | prompt_tok=15352 completion_tok=923 cost=$0.0026491 | 3925 chars
2026-09-03 04:48:54,640 - MainProcess - INFO - [VLM] Response received. Content len: 3925, Thinking len: 0

================================================================================
🤖 [cam17_17_Rajkot_Bus_Port_CCTV] SEGMENT VLM - #589 - 2026-06-13 22:17:17
================================================================================
Recorded 13-06-2026 (Saturday) 22:17:17 to 22:17:47 at Rajkot Bus Port, camera cam17_17_Rajkot_Bus_Port_CCTV. 1. SCENE The camera ("1 CENTER") overlooks a paved forecourt and two-wheeler parking bay at Rajkot Bus Port at night, adjacent to a bus exit lane marked "BUS EXIT ONLY". Illuminated signage is visible for "HOTEL JK" (rooms from 799/-, AC/non-AC, dormitory available), a "COTTON" textile shop board with Gujarati text and mobile numbers, and a "BUS EXIT ONLY" sign. Lighting is artificial and uneven, with strong glare from a streetlight/vehicle headlight on the left; the right side of the frame is a closed shop shutter. Conditions are dark, consistent with late evening/night. 2. TRAFFIC AND PEOPLE - Parked two-wheelers: approximately 8-10 motorcycles/scooters, mostly black, plus one white scooter, stationary throughout the clip. - One person in a pink/salmon long-sleeve top crouched or kneeling beside a planter on the right footpath for the entire clip, apparently looking at a mobile phone; a pair of sandals lies on the pavement nearby. - A second person in dark clothing with a backpack stands/crouches beside the person in pink throughout. - A person in dark clothing with a light blue/white bag stands near the parked two-wheelers on the left throughout. - Around 15s in, two or three pedestrians in light-coloured shirts walk from the bus exit area toward the left foreground, passing behind the parked bikes; they exit left by about 30s. - Around 20s, a person in a white shirt stands near the bus exit talking on a phone. - Around 25-30s, a blue-and-white bus passes left to right across the background; around 30-35s a red/dark GSRTC bus passes the same way. - Around 45-50s, two pedestrians walk along the road on the left; around 50s a motorcycle with headlight on travels on the road at the left edge. - Around 50-55s, a person in a white shirt walks along the covered walkway at the top right, moving away from camera. 3. VEHICLES IDENTIFIED CONFIRMED: - GSRTC bus (red/dark livery, GSRTC lettering legible on side), travelling left to right through the bus exit, seen around 30-35s. PROBABLE (unconfirmed): - Blue-and-white city bus passing left to right in background around 25-30s (unconfirmed) - rear/side angle, motion blur and darkness prevent reading any operator markings. - Motorcycle with headlight on, road at left edge around 50s (unconfirmed) - distance and glare. 4. REGISTRATIONS READ None legible. (Any plates on the parked two-wheelers are too small, angled or dark to read; these would be single automatic reads only, not verified against any registry.) 5. NOTABLE EVENTS - Two people remain crouched/kneeling in the same spot beside the planter on the right footpath for the full 55 seconds, one using a mobile phone, with footwear removed and placed on the pavement. This is prolonged loitering in a covered walkway area rather than transit behaviour; flag for awareness, no offence observed. - No collisions, altercations, unattended bags or restricted-area access observed. 6. CROWD AND CONGESTION None observed. Pedestrian numbers remain low (roughly 4-6 people visible at any time); no queues or build-ups. 7. TRAFFIC VIOLATIONS None observed. 8. PATTERN OF ACTIVITY The dominant activity is static: parked two-wheelers and a small number of stationary pedestrians, with the two crouched figures by the planter a constant feature. Moving traffic is limited to buses passing left to right through the exit lane in the middle of the clip (roughly 20-35s), after which the road traffic thins to occasional motorcycles and pedestrians. Early frames show a few pedestrians crossing from the exit toward the left; late frames show lighter, more scattered foot traffic and one person walking away up the covered walkway. Overall a quiet night-time scene with intermittent bus movements. 9. QUIET PERIODS None observed - there is always some movement (pedestrians, passing buses or road traffic) somewhere in the frame, even though the right foreground remains static throughout.
================================================================================

Batches:   0%|          | 0/1 [00:00<?, ?it/s]Batches: 100%|██████████| 1/1 [00:00<00:00, 23.50it/s]
2026-09-03 04:48:55,521 - MainProcess - INFO - [AI->] https://openrouter.ai/api/v1/chat/completions z-ai/glm-5.3-flash (12 frames, max_tokens=2600)
2026-09-03 04:48:55,577 - MainProcess - INFO - ✅ Segment #589 stored in MongoDB
✅ Segment #589 from Camera cam17_17_Rajkot_Bus_Port_CCTV stored in MongoDB
2026-09-03 04:48:55,577 - MainProcess - INFO - [cam17_17_Rajkot_Bus_Port_CCTV] segment 589 looks alert-worthy - asking z-ai/glm-5.3-flash
2026-09-03 04:48:55,577 - MainProcess - INFO - [AI->] https://openrouter.ai/api/v1/chat/completions z-ai/glm-5.3-flash (max_tokens=2000, prompt=5309 chars)
2026-09-03 04:48:56,117 - MainProcess - INFO - [AI<-] z-ai/glm-5.3-flash ok in 23.8s | prompt_tok=15352 completion_tok=741 cost=$0.0025581 | 2973 chars
2026-09-03 04:48:56,117 - MainProcess - INFO - [VLM] Response received. Content len: 2973, Thinking len: 0

================================================================================
🤖 [cam17_17_Rajkot_Bus_Port_CCTV] SEGMENT VLM - #590 - 2026-06-13 22:18:17
================================================================================
Recorded 13-06-2026 (Saturday) 22:18:17 to 22:18:47 at Rajkot Bus Port, camera cam17_17_Rajkot_Bus_Port_CCTV. 1. SCENE The camera ("1 CENTER") overlooks a paved forecourt/parking area at Rajkot Bus Port at night, adjacent to a road on the left. Illumination is from a bright streetlight and an illuminated "HOTEL JK" advertising pylon (advertising A/C rooms from 799/-, 2nd floor). A "BUS EXIT ONLY" sign is visible on the pylon, and a shuttered shop front with a "COTTON" advertisement board (Mo. 87339 29701 / 702) occupies the right side. Lighting is poor with strong glare and haze; the right half of the frame is dim. 2. TRAFFIC AND PEOPLE - Parked two-wheelers: approximately 8-10, mostly black motorcycles/scooters, plus one white scooter, stationary throughout the clip. - Two people crouched/sitting on a low ledge beside the planters on the right-centre, one wearing a pale pink/salmon shirt, present throughout the clip. - One person standing at the far left near the parked bikes, dark clothing with a light blue/white bag, present throughout. - Two to three people standing near the pylon on the left early in the clip; they disperse/move off by around 30-40s. - One person in a light shirt walking away up the passage at top-right in the first seconds, gone by ~10s. - On the road (left): a three-wheeler/auto passing left to right around 5-10s; a motorcycle with headlight around 30-35s; a car with headlights on approaching around 45-50s; another two-wheeler around 50-55s. 3. VEHICLES IDENTIFIED CONFIRMED: None identified. PROBABLE (unconfirmed): - White scooter, stationary in the parking bay throughout (unconfirmed - angle and darkness prevent model identification). - Auto-rickshaw (three-wheeler), dark colour, moving right to left on the road, ~5-10s (unconfirmed - motion blur and glare). - Light-coloured hatchback/small car on the road, ~45-50s (unconfirmed - distance and headlight glare). 4. REGISTRATIONS READ None legible. 5. NOTABLE EVENTS - Two individuals remain crouched low beside the planters/ledge in the dim right-centre area for the full 55 seconds, at one point handling what appears to be a bag or cloth (~15-40s). This prolonged crouching in a poorly lit spot away from the lit road is flagged as loitering/suspicious activity warranting review. - A pair of footwear lies abandoned on the pavement next to them throughout the clip. 6. CROWD AND CONGESTION None observed. 7. TRAFFIC VIOLATIONS None observed. 8. PATTERN OF ACTIVITY The scene is dominated by a static, parked two-wheeler bay with only light passing traffic on the road to the left. Early in the clip a few pedestrians stand near the pylon and one walks off up the passage; by the latter half the forecourt is quieter, with only the stationary figures remaining. The only consistent activity is the two crouched individuals by the planters, who do not move away during the clip. 9. QUIET PERIODS None observed - there is always some movement (road traffic or the crouched individuals shifting position), though the forecourt itself is largely static from ~30s onward.
================================================================================

Batches:   0%|          | 0/1 [00:00<?, ?it/s]Batches: 100%|██████████| 1/1 [00:00<00:00, 40.03it/s]
2026-09-03 04:48:57,033 - MainProcess - INFO - ✅ Segment #590 stored in MongoDB
✅ Segment #590 from Camera cam17_17_Rajkot_Bus_Port_CCTV stored in MongoDB
2026-09-03 04:48:57,033 - MainProcess - INFO - [cam17_17_Rajkot_Bus_Port_CCTV] segment 590 looks alert-worthy - asking z-ai/glm-5.3-flash
2026-09-03 04:48:57,033 - MainProcess - INFO - [AI->] https://openrouter.ai/api/v1/chat/completions z-ai/glm-5.3-flash (max_tokens=2000, prompt=4383 chars)
2026-09-03 04:48:59,051 - MainProcess - INFO - [AI<-] z-ai/glm-5.3-flash ok in 3.5s | prompt_tok=1318 completion_tok=60 cost=$0.0002277 | 149 chars returned
2026-09-03 04:48:59,051 - MainProcess - INFO - [cam17_17_Rajkot_Bus_Port_CCTV] segment 589 -> 1 alert(s)
2026-09-03 04:48:59,052 - MainProcess - WARNING - [cam17_17_Rajkot_Bus_Port_CCTV] no VMS device id in camera_did_map.json - alert skipped: Two people crouched beside planter on right footpath for full clip, one with footwear remo
2026-09-03 04:48:59,052 - MainProcess - INFO - [cam17_17_Rajkot_Bus_Port_CCTV] ✅ Segment #589 complete
2026-09-03 04:49:00,382 - MainProcess - INFO - [Memory] RAM: 12.8% | Process: 2.01GB | GPU: 9149/24564MB (37.2%)
2026-09-03 04:49:00,382 - MainProcess - INFO - [cam17_17_Rajkot_Bus_Port_CCTV] #589  7/135 (  5.2%) | seg  87.62s = seek 50.51 (12f, 4.21s/frame) + vlm  29.64 + azure  1.17 + embed  0.43 | avg  49.43s | elapsed 0:05:46 | ETA 1:45:27
2026-09-03 04:49:02,638 - MainProcess - WARNING - [cam13_stream-13] Segment #109: frame seek failed, skipping
2026-09-03 04:49:04,219 - MainProcess - INFO - [AI<-] z-ai/glm-5.3-flash ok in 15.1s | prompt_tok=7736 completion_tok=477 cost=$0.0013989 | 1882 chars returned
2026-09-03 04:49:04,219 - MainProcess - INFO - [cam14_stream-14] summary: condensing minutes 400-424 (17/29)
2026-09-03 04:49:04,220 - MainProcess - INFO - [AI->] https://openrouter.ai/api/v1/chat/completions z-ai/glm-5.3-flash (max_tokens=700, prompt=30942 chars)
2026-09-03 04:49:04,324 - MainProcess - INFO - [Memory] RAM: 12.5% | Process: 2.01GB | GPU: 6742/24564MB (27.4%)
2026-09-03 04:49:04,324 - MainProcess - INFO - [cam13_stream-13] #109  17/627 (  2.7%) | seg   0.00s = seek 81.92 (0f, 81.92s/frame) + vlm   0.00 + azure  0.00 + embed  0.00 | avg  20.62s | elapsed 0:05:50 | ETA 3:29:36
2026-09-03 04:49:10,322 - MainProcess - INFO - [AI<-] z-ai/glm-5.3-flash ok in 6.1s | prompt_tok=7774 completion_tok=513 cost=$0.0014226 | 1914 chars returned
2026-09-03 04:49:10,322 - MainProcess - INFO - [cam14_stream-14] summary: condensing minutes 425-449 (18/29)
2026-09-03 04:49:10,322 - MainProcess - INFO - [AI->] https://openrouter.ai/api/v1/chat/completions z-ai/glm-5.3-flash (max_tokens=700, prompt=30942 chars)
2026-09-03 04:49:11,460 - MainProcess - INFO - [AI<-] z-ai/glm-5.3-flash ok in 14.4s | prompt_tok=1139 completion_tok=73 cost=$9.9835e-05 | 141 chars returned
2026-09-03 04:49:11,460 - MainProcess - INFO - [cam17_17_Rajkot_Bus_Port_CCTV] segment 590 -> 1 alert(s)
2026-09-03 04:49:11,460 - MainProcess - WARNING - [cam17_17_Rajkot_Bus_Port_CCTV] no VMS device id in camera_did_map.json - alert skipped: Two individuals crouched in dim area by planters ~55s, handling a bag/cloth (~15-40s)
2026-09-03 04:49:11,461 - MainProcess - INFO - [cam17_17_Rajkot_Bus_Port_CCTV] ✅ Segment #590 complete
2026-09-03 04:49:11,471 - MainProcess - INFO - [cam17_17_Rajkot_Bus_Port_CCTV] #590  8/135 (  5.9%) | seg  92.09s = seek 49.35 (12f, 4.11s/frame) + vlm  24.31 + azure  1.22 + embed  0.41 | avg  44.64s | elapsed 0:05:57 | ETA 1:34:29
2026-09-03 04:49:11,471 - MainProcess - INFO - [AI->] https://openrouter.ai/api/v1/chat/completions z-ai/glm-5.3-flash (1 frames, max_tokens=40)
2026-09-03 04:49:16,251 - MainProcess - INFO - [AI<-] z-ai/glm-5.3-flash ok in 4.8s | prompt_tok=1442 completion_tok=15 cost=$0.0001119 | 22 chars
2026-09-03 04:49:17,731 - MainProcess - INFO - [AI->] https://openrouter.ai/api/v1/chat/completions z-ai/glm-5.3-flash (12 frames, max_tokens=2600)
2026-09-03 04:49:19,920 - MainProcess - WARNING - [cam13_stream-13] Segment #110: frame seek failed, skipping
2026-09-03 04:49:19,921 - MainProcess - INFO - [cam13_stream-13] #110  18/627 (  2.9%) | seg   0.00s = seek 90.37 (0f, 90.37s/frame) + vlm   0.00 + azure  0.00 + embed  0.00 | avg  20.34s | elapsed 0:06:06 | ETA 3:26:26
2026-09-03 04:49:20,731 - MainProcess - INFO - [AI->] https://openrouter.ai/api/v1/chat/completions z-ai/glm-5.3-flash (12 frames, max_tokens=2600)
2026-09-03 04:49:23,829 - MainProcess - INFO - [AI<-] z-ai/glm-5.3-flash ok in 13.5s | prompt_tok=7733 completion_tok=423 cost=$0.000224925 | 1587 chars returned
2026-09-03 04:49:23,830 - MainProcess - INFO - [cam14_stream-14] summary: condensing minutes 450-474 (19/29)
2026-09-03 04:49:23,830 - MainProcess - INFO - [AI->] https://openrouter.ai/api/v1/chat/completions z-ai/glm-5.3-flash (max_tokens=700, prompt=30942 chars)
2026-09-03 04:49:36,407 - MainProcess - INFO - [AI<-] z-ai/glm-5.3-flash ok in 77.5s | prompt_tok=15352 completion_tok=1366 cost=$0.00057514 | 5513 chars
2026-09-03 04:49:36,407 - MainProcess - INFO - [VLM] Response received. Content len: 5513, Thinking len: 0

================================================================================
🤖 [cam15_stream-15] SEGMENT VLM - #660 - 2026-06-14 07:59:57
================================================================================
Recorded 14-06-2026 (Sunday) 07:59:57 to 08:00:27 at Suvidhapark, camera cam15_stream-15. 1. SCENE The camera overlooks a signalised road junction at Suvidhapark, camera label "Suvidhapark P3 RLVD" in the bottom right. Multiple zebra crossings are visible, including a wide set in the foreground and another crossing the far side of the intersection. There is a traffic signal head on the right-hand pole, a red/white striped bollard and a "keep left"/mandatory sign on the central island, and a low green-roofed stall on the left footpath. Daytime, overcast/hazy daylight; the road surface is grey and dry. Traffic is flowing freely, suggesting a green phase for the movements seen. 2. TRAFFIC AND PEOPLE - Cars: one dark grey/grey compact SUV/hatchback moving away from camera (0s); one grey MPV/minivan on the left side road (0s); one dark grey compact SUV crossing left-to-right in front of camera (0 5s); one white sedan turning left from the right side onto the left road (15s onward); one white SUV/car entering from the right at the end (45 55s); one dark grey SUV near the far crossing at the end (54s). - Auto-rickshaws: one green/green with yellow roof crossing right-to-left across the junction (5 15s); one green-and-yellow auto with yellow roof crossing the junction right to left (45 50s); a green three-wheeler goods carrier (load carrier) turning left across the junction (45 50s); a dark green three-wheeler entering from the left (41s). - Two-wheelers: multiple. A scooter with two riders (pillion in pink/red) crossing centre-frame (9s); a scooter with two riders, one elderly man in white shirt/shorts and a young child standing in front, centre-left (19s); a motorbike with two riders near the far crossing (41s); a solo rider in dark clothing on a motorbike turning across the junction centre (41s); a scooter with a single rider in white/cream clothing heading away left (46 54s); a motorbike with rider carrying a black backpack turning left toward the left road (45 46s); a red motorbike on the left side road (9s); a white scooter crossing the far right (0 5s); various scooters/motorbikes at the far side of the junction throughout (e.g. at 9s, 15s, 23s, 28s). - Cycle rickshaws: one pedalled rickshaw with a load of white sacks/goods crossing right-to-left (15 23s); a second cycle rickshaw entering from the left (23s). - Pedestrians: no pedestrians crossing the roadway observed. A few figures near the stall on the far left footpath throughout. 3. VEHICLES IDENTIFIED CONFIRMED None identified. PROBABLE (unconfirmed) - Dark grey compact SUV, Brezza/Nexon class (unconfirmed), 0s seen from front-left at distance, badge and plate not legible. - Grey MPV, Ertiga class (unconfirmed), 0s rear three-quarter angle on side road, too distant to confirm. - Dark grey compact SUV, Creta/Brezza class (unconfirmed), 0 5s mid-turn, motion blur and rear-quarter angle only. - White compact sedan, Dzire/Aura class (unconfirmed), 15s seen side-on at moderate distance, no badges visible. - White SUV, Brezza class (unconfirmed), 45 50s approaching from right at distance, front angle only, plate not readable. - Dark grey SUV, Creta/Seltos class (unconfirmed), 54s rear-only view at the far crossing, distance too great to confirm. 4. REGISTRATIONS READ None legible. 5. NOTABLE EVENTS - At 9s, a scooter carrying two riders (driver plus pillion in pink/red) crosses the junction centre-frame; no helmets clearly visible on either rider see Section 7. - At 19s, a scooter carries an adult driver with a small child standing between his knees on the floorboard, neither clearly helmeted, crossing the junction alert-worthy from a road-safety standpoint (see Section 7). - Around 45 46s, a green-and-yellow auto-rickshaw and a green goods three-wheeler cross the junction concurrently with motorbikes on crossing paths; no collision occurs, but their paths intersect at the centre of the junction. - No collisions, near-misses, fighting, unattended bags or restricted-area access observed. 6. CROWD AND CONGESTION None observed. Traffic is light to moderate and free-flowing throughout; no queues or jams form. Brief multi-vehicle clusters at the far side of the junction (e.g. around 23s) clear within seconds. 7. TRAFFIC VIOLATIONS - Two persons on one scooter without clearly visible helmets, crossing the junction at 9s. - Child standing on the front of a moving scooter with no helmet, driven across the junction at 19s. - Riders of several motorbikes (e.g. solo rider at 41s, rider with backpack at 45s) appear helmetless, though image resolution prevents certainty for every rider. 8. PATTERN OF ACTIVITY The dominant movement is cross-junction traffic: two-wheelers, auto-rickshaws and cycle rickshaws sweeping across the frame left-to-right and right-to-left, with cars and SUVs joining intermittently. In the early part of the clip (0 10s) four-wheeled traffic dominates, with a cluster of cars/SUVs turning through the junction. From roughly 15s onward the mix shifts decisively to two- and three-wheelers and cycle rickshaws, with the junction largely clear of cars by 28s and staying so until a white SUV and a dark grey SUV appear near the end (45 55s). Traffic volume tapers noticeably in the final frames, with the junction nearly empty by 54s apart from a lone scooter heading away left. 9. QUIET PERIODS Brief lulls occur around 28s (junction momentarily clear apart from two distant two-wheelers) and from roughly 50 55s, when only one or two vehicles remain in frame. No fully static period some traffic is moving at every sampled point.
================================================================================

Batches:   0%|          | 0/1 [00:00<?, ?it/s]Batches: 100%|██████████| 1/1 [00:00<00:00,  9.22it/s]Batches: 100%|██████████| 1/1 [00:00<00:00,  9.18it/s]
2026-09-03 04:49:37,411 - MainProcess - INFO - ✅ Segment #660 stored in MongoDB
✅ Segment #660 from Camera cam15_stream-15 stored in MongoDB
2026-09-03 04:49:37,419 - MainProcess - INFO - [cam15_stream-15] segment 660 looks alert-worthy - asking z-ai/glm-5.3-flash
2026-09-03 04:49:37,420 - MainProcess - INFO - [AI->] https://openrouter.ai/api/v1/chat/completions z-ai/glm-5.3-flash (max_tokens=2000, prompt=5291 chars)
2026-09-03 04:49:39,360 - MainProcess - INFO - [AI<-] z-ai/glm-5.3-flash ok in 1.9s | prompt_tok=1363 completion_tok=39 cost=$0.000108135 | 144 chars returned
2026-09-03 04:49:39,361 - MainProcess - INFO - [cam15_stream-15] segment 660 -> 1 alert(s)
2026-09-03 04:49:39,361 - MainProcess - WARNING - [cam15_stream-15] no VMS device id in camera_did_map.json - alert skipped: Adult with small child standing on scooter floorboard, no helmets, crossing junction (19s)
2026-09-03 04:49:39,362 - MainProcess - INFO - [cam15_stream-15] ✅ Segment #660 complete
2026-09-03 04:49:41,163 - MainProcess - INFO - [Memory] RAM: 12.6% | Process: 1.98GB | GPU: 6485/24564MB (26.4%)
2026-09-03 04:49:41,164 - MainProcess - INFO - [cam15_stream-15] #660  5/64 (  7.8%) | seg 131.73s = seek 49.19 (12f, 4.10s/frame) + vlm  77.96 + azure  1.04 + embed  0.50 | avg  77.23s | elapsed 0:06:26 | ETA 1:15:56
2026-09-03 04:49:42,324 - MainProcess - INFO - [AI<-] z-ai/glm-5.3-flash ok in 18.5s | prompt_tok=7719 completion_tok=431 cost=$0.000686675 | 1711 chars returned
2026-09-03 04:49:42,324 - MainProcess - INFO - [cam14_stream-14] summary: condensing minutes 475-499 (20/29)
2026-09-03 04:49:42,325 - MainProcess - INFO - [AI->] https://openrouter.ai/api/v1/chat/completions z-ai/glm-5.3-flash (max_tokens=700, prompt=30942 chars)
2026-09-03 04:49:44,338 - MainProcess - WARNING - [cam13_stream-13] Segment #111: frame seek failed, skipping
2026-09-03 04:49:45,481 - MainProcess - INFO - [Memory] RAM: 12.7% | Process: 2.00GB | GPU: 8238/24564MB (33.5%)
2026-09-03 04:49:45,481 - MainProcess - INFO - [cam13_stream-13] #111  19/627 (  3.0%) | seg   0.00s = seek 81.80 (0f, 81.80s/frame) + vlm   0.00 + azure  0.00 + embed  0.00 | avg  20.61s | elapsed 0:06:31 | ETA 3:28:53
2026-09-03 04:49:47,337 - MainProcess - INFO - [AI<-] z-ai/glm-5.3-flash ok in 29.6s | prompt_tok=15352 completion_tok=890 cost=$0.0026326 | 3755 chars
2026-09-03 04:49:47,337 - MainProcess - INFO - [VLM] Response received. Content len: 3755, Thinking len: 0

================================================================================
🤖 [cam17_17_Rajkot_Bus_Port_CCTV] SEGMENT VLM - #591 - 2026-06-13 22:19:17
================================================================================
Recorded 13-06-2026 (Saturday) 22:19:17 to 22:19:47 at Rajkot Bus Port, camera cam17_17_Rajkot_Bus_Port_CCTV. 1. SCENE The camera ("1 CENTER") overlooks a paved forecourt/parking area at Rajkot Bus Port at night, adjacent to a road on the left. Illumination is from a bright streetlight and illuminated signage, including a large "HOTEL JK" sign ("A/C, NON A/C ROOMS & DORMITORY DECK AVAILABLE", "ROOM STARTS FROM 790/- ONLY", "2 FLOOR"), a "BUS EXIT ONLY" sign, and a yellow/red "COTTON" advertisement board with Gujarati text and a mobile number. A closed shop shutter occupies the right side. Conditions are dark with strong glare/bloom from the streetlight; the road surface appears damp. 2. TRAFFIC AND PEOPLE - Parked two-wheelers: approximately 8 10 motorcycles and scooters, mostly black/dark, plus one white scooter, stationary throughout the clip. - Two people crouched/sitting at the low planter wall right of centre: one in a pale pink/salmon shirt, one in dark clothing with a backpack. Present from the start to the end of the clip, apparently looking at a mobile phone screen. - One person in dark clothing with a light-coloured shoulder bag standing near the parked bikes on the left, mostly stationary, throughout. - Around 40s in, two pedestrians (one in a light shirt, one dark) walk along the road from right to left and exit left. - Road traffic: a motorcycle with headlight on passes on the road early in the clip (0 5s); a car with headlights on travels toward the camera around 20 25s; a blue-and-white GSRTC bus enters from the right of the road at about 35s and travels left, exiting around 45s; further two-wheelers and a light-coloured vehicle pass in the distance around 45 55s. 3. VEHICLES IDENTIFIED CONFIRMED: - GSRTC (Gujarat State Road Transport Corporation) blue-and-white public service bus, livery and "GSRTC" marking legible on the body, travelling right to left on the road, seen at ~35 45s. PROBABLE (unconfirmed): - Dark car/sedan approaching camera on the road, headlights only visible against glare (unconfirmed), ~20 25s. - Light-coloured small vehicle (car/jeep class) passing in the far distance, too small and dark to confirm (unconfirmed), ~50s. 4. REGISTRATIONS READ None legible. (No registration plates on any vehicle, parked or moving, are readable in these frames; all reads would be single automatic reads, not verified against any registry.) 5. NOTABLE EVENTS - Two individuals remain crouched together at the planter wall in a dim area beside the closed shutter for the full 55 seconds, focused on a mobile phone. This is consistent with loitering in a low-light spot adjacent to the bus exit; no offence is visible, but the prolonged stationary presence is noted. - No collisions, near-misses, altercations or unattended items observed. 6. CROWD AND CONGESTION None observed. Pedestrian and vehicle numbers remain low throughout. 7. TRAFFIC VIOLATIONS None observed. 8. PATTERN OF ACTIVITY The scene is dominated by a static parked two-wheeler bay and a small group of people resting at the planter, with only light, intermittent traffic on the adjoining road. The road carries occasional two-wheelers early on, then a car mid-clip, and the most significant movement is the GSRTC bus passing right-to-left around the 35 45s mark, consistent with buses exiting the port. Between the early and late frames the parked vehicles and the crouched pair remain unchanged; the only change is the turnover of passing road traffic and two pedestrians crossing the frame around 40s. Overall a quiet night-time period with no build-up of people or vehicles. 9. QUIET PERIODS None observed in the sense of total stillness road traffic passes at intervals but the forecourt itself is static from roughly 45s to the end of the clip, with no new arrivals or movement among the parked bikes or the people present.
================================================================================

Batches:   0%|          | 0/1 [00:00<?, ?it/s]Batches: 100%|██████████| 1/1 [00:00<00:00, 36.64it/s]
2026-09-03 04:49:48,256 - MainProcess - INFO - ✅ Segment #591 stored in MongoDB
✅ Segment #591 from Camera cam17_17_Rajkot_Bus_Port_CCTV stored in MongoDB
2026-09-03 04:49:48,257 - MainProcess - INFO - [cam17_17_Rajkot_Bus_Port_CCTV] segment 591 looks alert-worthy - asking z-ai/glm-5.3-flash
2026-09-03 04:49:48,257 - MainProcess - INFO - [AI->] https://openrouter.ai/api/v1/chat/completions z-ai/glm-5.3-flash (max_tokens=2000, prompt=5161 chars)
2026-09-03 04:49:50,235 - MainProcess - INFO - [AI<-] z-ai/glm-5.3-flash ok in 2.0s | prompt_tok=1286 completion_tok=41 cost=$0.00010286 | 138 chars returned
2026-09-03 04:49:50,235 - MainProcess - INFO - [cam17_17_Rajkot_Bus_Port_CCTV] segment 591 alert suppressed (cooldown): Two people crouched at planter wall in dim spot near bus exit, full clip, on phone
2026-09-03 04:49:50,235 - MainProcess - INFO - [cam17_17_Rajkot_Bus_Port_CCTV] ✅ Segment #591 complete
2026-09-03 04:49:51,651 - MainProcess - INFO - [Memory] RAM: 12.9% | Process: 2.02GB | GPU: 10778/24564MB (43.9%)
2026-09-03 04:49:51,651 - MainProcess - INFO - [cam17_17_Rajkot_Bus_Port_CCTV] #591  9/135 (  6.7%) | seg 106.82s = seek 68.04 (12f, 5.67s/frame) + vlm  30.11 + azure  1.32 + embed  0.42 | avg  44.14s | elapsed 0:06:37 | ETA 1:32:41
2026-09-03 04:49:52,637 - MainProcess - INFO - [AI->] https://openrouter.ai/api/v1/chat/completions z-ai/glm-5.3-flash (1 frames, max_tokens=40)
2026-09-03 04:49:59,530 - MainProcess - INFO - [AI<-] z-ai/glm-5.3-flash ok in 6.9s | prompt_tok=1442 completion_tok=15 cost=$2.742e-05 | 22 chars
2026-09-03 04:50:00,896 - MainProcess - INFO - [AI->] https://openrouter.ai/api/v1/chat/completions z-ai/glm-5.3-flash (12 frames, max_tokens=2600)
2026-09-03 04:50:01,773 - MainProcess - INFO - [AI->] https://openrouter.ai/api/v1/chat/completions z-ai/glm-5.3-flash (1 frames, max_tokens=40)
2026-09-03 04:50:02,147 - MainProcess - WARNING - [cam13_stream-13] Segment #112: frame seek failed, skipping
2026-09-03 04:50:02,147 - MainProcess - INFO - [cam13_stream-13] #112  20/627 (  3.2%) | seg   0.00s = seek 59.51 (0f, 59.51s/frame) + vlm   0.00 + azure  0.00 + embed  0.00 | avg  20.42s | elapsed 0:06:48 | ETA 3:26:32
2026-09-03 04:50:03,778 - MainProcess - INFO - [AI<-] z-ai/glm-5.3-flash ok in 21.5s | prompt_tok=7774 completion_tok=509 cost=$0.00049132 | 1820 chars returned
2026-09-03 04:50:03,778 - MainProcess - INFO - [cam14_stream-14] summary: condensing minutes 500-524 (21/29)
2026-09-03 04:50:03,778 - MainProcess - INFO - [AI->] https://openrouter.ai/api/v1/chat/completions z-ai/glm-5.3-flash (max_tokens=700, prompt=30942 chars)
2026-09-03 04:50:03,954 - MainProcess - INFO - [AI<-] z-ai/glm-5.3-flash ok in 2.2s | prompt_tok=1442 completion_tok=15 cost=$2.742e-05 | 22 chars
2026-09-03 04:50:05,521 - MainProcess - INFO - [AI->] https://openrouter.ai/api/v1/chat/completions z-ai/glm-5.3-flash (12 frames, max_tokens=2600)
2026-09-03 04:50:06,471 - MainProcess - INFO - [AI<-] z-ai/glm-5.3-flash ok in 70.9s | prompt_tok=15352 completion_tok=1192 cost=$0.00053164 | 3358 chars
2026-09-03 04:50:06,471 - MainProcess - INFO - [VLM] Response received. Content len: 3358, Thinking len: 1299

================================================================================
🤖 [cam15_stream-15] SEGMENT VLM - #661 - 2026-06-14 08:00:57
================================================================================
Recorded 14-06-2026 (Sunday) 08:00:57 to 08:01:27 at Suvidhapark, camera cam15_stream-15. 1. SCENE The camera overlooks a signal-controlled road intersection at Suvidhapark (camera label 'Suvidhapark P3 RLVD' visible bottom-right). Zebra crossings span the approach and exit sides; a traffic signal head is visible at the top-right showing red/amber throughout, with a striped bollard and_keep-left sign on the right island. Footpaths and a building with greenery are visible top-left. Lighting is natural daylight, overcast/hazy - daytime conditions. 2. TRAFFIC AND PEOPLE Across the clip: 4 green-and-yellow auto rickshaws (one at 0s, one at 21s, two at 31s), 1 white goods carrier truck (19s), 1 white tipper truck loaded with sand/gravel (44s), 1 red car (37s), roughly 6-7 scooters/motorcycles with riders (0s, 11s, 29s, 44s, 46s x2), 1 cyclist (55s), and 2 people on foot pushing/accompanying a produce handcart (55s). Riders appear helmeted where resolvable. Traffic is light and free-flowing throughout. 3. VEHICLES IDENTIFIED CONFIRMED: None identified. PROBABLE (unconfirmed): - Green-and-yellow auto rickshaw, Bajaj RE class (unconfirmed), 0s, crossing intersection leftward - angle and motion blur prevent confirmation. - White goods carrier / small delivery truck, Bolero Maxx/ Canter class (unconfirmed), 19s, traversing intersection - rear-only blurred view. - White tipper truck loaded with sand, small commercial tipper class (unconfirmed), 44s, moving away from camera - rear angle only, no badge visible. - Red compact car, hatchback/sedan class (unconfirmed), 37s, top-left edge of frame, partially cut off. - Blue scooter with rider, Activa/Jupiter class (unconfirmed), 46-55s, entering from right. 4. REGISTRATIONS READ None legible. (No registration plate on any vehicle is resolvable at this angle, distance and resolution; all above are single automatic observations, not verified against any registry.) 5. NOTABLE EVENTS None observed. All vehicles move normally through the intersection under the red signal for this approach; no collisions, near-misses or suspicious behaviour seen. 6. CROWD AND CONGESTION None observed. Traffic remains light and dispersed throughout; no queues or build-ups at any point. 7. TRAFFIC VIOLATIONS Possible red-signal violation: the red/amber signal for this approach is displayed throughout, yet vehicles including an auto rickshaw (0s), a scooter (11s), the white goods truck (19s) and the tipper truck (44s) cross the intersection. Whether these are violations or permitted cross-street movements cannot be determined from this camera alone. No helmetless riders, wrong-way driving or footpath riding observed. 8. PATTERN OF ACTIVITY The dominant traffic is light two-wheeler and auto-rickshaw movement, mostly crossing the junction laterally (leftward across the frame) or passing away from the camera toward the far side. Early frames show isolated crossers at intervals; mid-clip the junction is nearly empty at times (around 29-37s only single vehicles appear at the frame edges); the late frames (44-55s) show slightly more mixed activity - a loaded tipper, scooters, a cyclist and a handcart with vendors crossing. No single direction dominates strongly; volume is low throughout. 9. QUIET PERIODS Approximately 29s to 37s the junction is essentially empty, with only vehicles at the extreme frame edges; otherwise traffic is intermittent but never fully absent for long.
================================================================================

Batches:   0%|          | 0/1 [00:00<?, ?it/s]Batches: 100%|██████████| 1/1 [00:00<00:00, 25.91it/s]
2026-09-03 04:50:07,406 - MainProcess - INFO - ✅ Segment #661 stored in MongoDB
✅ Segment #661 from Camera cam15_stream-15 stored in MongoDB
2026-09-03 04:50:07,407 - MainProcess - INFO - [cam15_stream-15] segment 661 looks alert-worthy - asking z-ai/glm-5.3-flash
2026-09-03 04:50:07,407 - MainProcess - INFO - [AI->] https://openrouter.ai/api/v1/chat/completions z-ai/glm-5.3-flash (max_tokens=2000, prompt=4730 chars)
2026-09-03 04:50:10,447 - MainProcess - WARNING - [cam13_stream-13] Segment #113: frame seek failed, skipping
2026-09-03 04:50:10,447 - MainProcess - INFO - [cam13_stream-13] #113  21/627 (  3.3%) | seg   0.00s = seek 50.53 (0f, 50.53s/frame) + vlm   0.00 + azure  0.00 + embed  0.00 | avg  19.84s | elapsed 0:06:56 | ETA 3:20:22
2026-09-03 04:50:25,318 - MainProcess - INFO - [AI<-] z-ai/glm-5.3-flash ok in 17.9s | prompt_tok=1190 completion_tok=84 cost=$0.00011025 | 14 chars returned
2026-09-03 04:50:25,319 - MainProcess - INFO - [cam15_stream-15] ✅ Segment #661 complete
2026-09-03 04:50:26,676 - MainProcess - INFO - [AI<-] z-ai/glm-5.3-flash ok in 22.9s | prompt_tok=7644 completion_tok=679 cost=$0.00028609 | 2461 chars returned
2026-09-03 04:50:26,676 - MainProcess - INFO - [cam14_stream-14] summary: condensing minutes 525-549 (22/29)
2026-09-03 04:50:26,676 - MainProcess - INFO - [AI->] https://openrouter.ai/api/v1/chat/completions z-ai/glm-5.3-flash (max_tokens=700, prompt=30942 chars)
2026-09-03 04:50:27,221 - MainProcess - INFO - [Memory] RAM: 12.9% | Process: 2.13GB | GPU: 7533/24564MB (30.7%)
2026-09-03 04:50:27,221 - MainProcess - INFO - [cam15_stream-15] #661  6/64 (  9.4%) | seg 162.68s = seek 71.65 (12f, 5.97s/frame) + vlm  71.48 + azure  1.03 + embed  0.43 | avg  72.03s | elapsed 0:07:12 | ETA 1:09:37
2026-09-03 04:50:30,271 - MainProcess - INFO - [AI<-] z-ai/glm-5.3-flash ok in 29.4s | prompt_tok=15352 completion_tok=867 cost=$0.0027363 | 3583 chars
2026-09-03 04:50:30,271 - MainProcess - INFO - [VLM] Response received. Content len: 3583, Thinking len: 0

================================================================================
🤖 [cam17_17_Rajkot_Bus_Port_CCTV] SEGMENT VLM - #592 - 2026-06-13 22:20:17
================================================================================
Recorded 13-06-2026 (Saturday) 22:20:17 to 22:20:47 at Rajkot Bus Port, camera cam17_17_Rajkot_Bus_Port_CCTV. 1. SCENE The camera ("1 CENTER") overlooks a paved forecourt/parking area beside a building with closed metal shutters, at the edge of a road near Rajkot Bus Port. Illuminated signage is visible: "HOTEL JK" (2nd floor, AC/non-AC rooms, rooms from 799/-), a "BUS EXIT ONLY" sign, and a yellow/red advertisement board reading "COTTON" with a mobile number 87339 29701 / 702. It is night; lighting is artificial (streetlight and sign glow) with heavy glare and lens flare from a bright light source on the left, and the footage has a hazy, low-contrast night quality. 2. TRAFFIC AND PEOPLE - Parked two-wheelers: approximately 8-10 motorcycles/scooters, mostly black/dark, plus one white scooter, stationary throughout the clip. - One person in a dark top and light blue jeans with a pale blue/white bag, standing near the parked bikes on the left from the start; shifts position slightly and remains through the clip. - Two people crouched/sitting on a low ledge on the right side throughout: one in a pale pink/salmon shirt, one in dark clothing with a backpack; a pair of sandals lies on the ground beside them. They appear to be looking at a mobile phone screen. They remain in the same spot for the full 55 seconds. - On the road (left of frame): a motorcycle with headlight passes left-to-right around 0-5s; a pedestrian in dark clothing crosses the road around 27-32s; an auto-rickshaw passes left-to-right around 42-47s; two cars with headlights on pass around 47-52s; a pedestrian in a light shirt walks along the far pavement around 47-52s. - Around 45-55s a small group of pedestrians (roughly 4-5, some in light/blue shirts, one with a backpack) enters from the left and walks across the foreground toward the right. 3. VEHICLES IDENTIFIED CONFIRMED: None identified. PROBABLE (unconfirmed): - Auto-rickshaw (three-wheeler), dark colour, moving left to right on the road, ~45s silhouette clear but too far/small and glare-affected to confirm any model. - Two cars with headlights on, moving left to right on the road, ~47-52s only headlight glare and vague silhouettes visible; body style not determinable. 4. REGISTRATIONS READ None legible. (Any plates present on parked two-wheelers are at too great an angle/distance and resolution to read; these would be single automatic reads only, not verified against any registry.) 5. NOTABLE EVENTS - Two individuals remain crouched together in the same spot by the ledge for the entire 55 seconds, focused on a phone; this is consistent with ordinary waiting but is noted as prolonged loitering in a dimly lit area adjacent to closed shop shutters. - Nothing else alert-worthy observed. 6. CROWD AND CONGESTION None observed. Pedestrian numbers stay low; the largest group (4-5 people) passes around 45-55s without any build-up. 7. TRAFFIC VIOLATIONS None observed. 8. PATTERN OF ACTIVITY The scene is dominated by a static parked two-wheeler bay and a small number of people resting/waiting at the frame's edge. Road traffic is light and intermittent a motorcycle early, then an auto-rickshaw and two cars in the latter half all travelling left to right. The main change across the clip is pedestrian: the first half has only one or two individuals near the bikes, while the final 10 seconds bring a small group of walkers through the foreground, suggesting a modest pickup in foot traffic toward the end. 9. QUIET PERIODS Roughly 5s to 25s: no moving vehicles or new pedestrians; the only visible change is minor shifting by the people already in frame. Otherwise the clip has intermittent activity throughout.
================================================================================

Batches:   0%|          | 0/1 [00:00<?, ?it/s]Batches: 100%|██████████| 1/1 [00:00<00:00, 24.30it/s]
2026-09-03 04:50:31,214 - MainProcess - INFO - ✅ Segment #592 stored in MongoDB
✅ Segment #592 from Camera cam17_17_Rajkot_Bus_Port_CCTV stored in MongoDB
2026-09-03 04:50:31,215 - MainProcess - INFO - [cam17_17_Rajkot_Bus_Port_CCTV] segment 592 looks alert-worthy - asking z-ai/glm-5.3-flash
2026-09-03 04:50:31,215 - MainProcess - INFO - [AI->] https://openrouter.ai/api/v1/chat/completions z-ai/glm-5.3-flash (max_tokens=2000, prompt=4985 chars)
2026-09-03 04:50:35,311 - MainProcess - INFO - [AI<-] z-ai/glm-5.3-flash ok in 4.1s | prompt_tok=1260 completion_tok=61 cost=$0.0002195 | 131 chars returned
2026-09-03 04:50:35,311 - MainProcess - INFO - [cam17_17_Rajkot_Bus_Port_CCTV] segment 592 alert suppressed (cooldown): Two individuals loitering 55s by ledge near closed shutters, dimly lit area
2026-09-03 04:50:35,312 - MainProcess - INFO - [cam17_17_Rajkot_Bus_Port_CCTV] ✅ Segment #592 complete
2026-09-03 04:50:36,753 - MainProcess - INFO - [Memory] RAM: 13.0% | Process: 1.97GB | GPU: 9152/24564MB (37.3%)
2026-09-03 04:50:36,753 - MainProcess - INFO - [cam17_17_Rajkot_Bus_Port_CCTV] #592  10/135 (  7.4%) | seg  96.26s = seek 53.56 (12f, 4.46s/frame) + vlm  29.88 + azure  1.21 + embed  0.44 | avg  44.24s | elapsed 0:07:22 | ETA 1:32:09
2026-09-03 04:50:36,951 - MainProcess - INFO - [AI->] https://openrouter.ai/api/v1/chat/completions z-ai/glm-5.3-flash (12 frames, max_tokens=2600)
2026-09-03 04:50:43,280 - MainProcess - INFO - [AI<-] z-ai/glm-5.3-flash ok in 82.5s | prompt_tok=15352 completion_tok=1454 cost=$0.00059714 | 4501 chars
2026-09-03 04:50:43,280 - MainProcess - INFO - [VLM] Response received. Content len: 4501, Thinking len: 1316

================================================================================
🤖 [cam15_stream-15] SEGMENT VLM - #662 - 2026-06-14 08:01:57
================================================================================
Recorded 14-06-2026 (Sunday) 08:01:57 to 08:02:27 at Suvidhapark, camera cam15_stream-15. 1. SCENE The camera overlooks a four-way road junction at Suvidhapark (overlay text 'Suvidhapark P3 RLVD'), with marked zebra crossings on all visible arms, a traffic signal pole on the right showing an amber/orange aspect, and a red-and-white bollard at the corner. Daytime, overcast/hazy natural light; the road surface is dry. Buildings, a blue awning and trees are visible on the far left. 2. TRAFFIC AND PEOPLE Two-wheelers dominate: roughly 10 12 motorcycles/scooters across the clip, most riders in dark clothing. One white scooter carrying two riders (one in pink) crosses the upper part of the frame early (0 8s) moving left to right. One man in a white t-shirt and dark trousers carrying an orange/red box crosses the near zebra on foot, 0 5s, moving down-right. A blue-shirt motorcyclist rides away from camera up the right-hand lane around 5s. A group of several pedestrians with a cart crosses the far arm around 8s, blurred. Around 24s a man in a checkered shirt pushes a bicycle across the near zebra from bottom-left, alongside a green-and-yellow auto-rickshaw heading up the junction and a motorcycle. At 30s a white hatchback and a black car pass the far left arm; a white scooter with a dark-clothed rider and a cyclist are near the left crossing. At 35 37s a yellow-and-green auto-rickshaw and a scooter with a red-shirted rider move along the left arm, with a motorcycle on the far right arm. At 37s a dark blue/black car enters from the bottom edge. At 47 55s a green-and-yellow auto-rickshaw crosses the junction moving left to right, and a motorcyclist in a white shirt rides up the left lane. 3. VEHICLES IDENTIFIED CONFIRMED: None identified. PROBABLE (unconfirmed): - White tall-boy hatchback, Wagonr class (unconfirmed), crossing the far left arm left to right, 30s angle and small size prevent badge/plate reading. - Dark sedan, unspecified family (unconfirmed), following the white hatchback on the far arm, 30s distant, rear-only view. - Yellow-and-green auto-rickshaw (unconfirmed), multiple: 0s top-right, 24s centre, 35 37s left arm, 47 55s crossing right body type clear but no make/plate legible. - Dark blue/black compact car (unconfirmed), entering from bottom, 37s partially out of frame, blurred. - White scooter (unconfirmed), left arm, 30s; and white scooter with two riders (unconfirmed), 0 8s no plates readable. 4. REGISTRATIONS READ None legible. (Any plates visible are too small/blurred; all are single unverified automatic views and none could be read.) 5. NOTABLE EVENTS - Throughout the clip the traffic signal on the right shows an amber/orange aspect while mixed traffic continues to move through the junction; vehicles are seen passing the crossing under this signal state (e.g. hatchback at 30s, auto-rickshaw at 55s). This may indicate the amber phase or a fault and is flagged for review. - At 24s heavy pixelation/compression artifacts obscure the centre of the junction, coinciding with an auto-rickshaw, motorcycle and a handcart-type object in the crossing the obstruction itself is not fully resolvable. - Otherwise none observed. 6. CROWD AND CONGESTION None observed. Traffic flows freely; the closest to a build-up is a small group of pedestrians crossing together around 8s. 7. TRAFFIC VIOLATIONS - Possible signal violation: traffic proceeding through the junction while the visible signal head shows amber (throughout, e.g. white hatchback 30s, auto-rickshaw 55s). Cannot confirm the opposing phase from this angle. - Several riders appear helmetless (e.g. scooter riders at 0s, motorcyclist at 5s), though image resolution limits certainty. 8. PATTERN OF ACTIVITY The clip shows light, free-flowing mixed traffic mostly two-wheelers and auto-rickshaws moving in all directions through the junction, with no single dominant direction though the left arm sees the most movement. The early portion (0 10s) has the most pedestrian activity, including a man carrying a box across the near zebra and a group with a cart on the far arm. The middle of the clip (roughly 14 17s) is almost empty, after which vehicle traffic resumes: the hatchback and sedan at 30s, the auto-rickshaws at 24s and 35 37s, and the dark car at 37s. By the final frames the scene has returned to occasional two-wheelers and one auto-rickshaw crossing rightward. The amber signal state persists across the whole sequence. 9. QUIET PERIODS Approximately 14s to 17s, and again around 47s, the junction is essentially empty of moving traffic.
================================================================================

Batches:   0%|          | 0/1 [00:00<?, ?it/s]Batches: 100%|██████████| 1/1 [00:00<00:00, 27.81it/s]
2026-09-03 04:50:44,203 - MainProcess - INFO - ✅ Segment #662 stored in MongoDB
✅ Segment #662 from Camera cam15_stream-15 stored in MongoDB
2026-09-03 04:50:44,204 - MainProcess - INFO - [cam15_stream-15] segment 662 looks alert-worthy - asking z-ai/glm-5.3-flash
2026-09-03 04:50:44,205 - MainProcess - INFO - [AI->] https://openrouter.ai/api/v1/chat/completions z-ai/glm-5.3-flash (max_tokens=2000, prompt=5291 chars)
2026-09-03 04:50:45,174 - MainProcess - INFO - [AI<-] z-ai/glm-5.3-flash ok in 18.5s | prompt_tok=7901 completion_tok=541 cost=$0.00051101 | 1887 chars returned
2026-09-03 04:50:45,174 - MainProcess - INFO - [cam14_stream-14] summary: condensing minutes 550-574 (23/29)
2026-09-03 04:50:45,174 - MainProcess - INFO - [AI->] https://openrouter.ai/api/v1/chat/completions z-ai/glm-5.3-flash (max_tokens=700, prompt=30942 chars)
2026-09-03 04:50:47,121 - MainProcess - WARNING - [cam13_stream-13] Segment #114: frame seek failed, skipping
2026-09-03 04:50:47,860 - MainProcess - INFO - [Memory] RAM: 12.6% | Process: 2.01GB | GPU: 6723/24564MB (27.4%)
2026-09-03 04:50:47,860 - MainProcess - INFO - [cam13_stream-13] #114  22/627 (  3.5%) | seg   0.00s = seek 62.78 (0f, 62.78s/frame) + vlm   0.00 + azure  0.00 + embed  0.00 | avg  20.64s | elapsed 0:07:34 | ETA 3:28:06
2026-09-03 04:50:50,917 - MainProcess - INFO - [AI<-] z-ai/glm-5.3-flash ok in 6.7s | prompt_tok=1335 completion_tok=62 cost=$0.00023125 | 14 chars returned
2026-09-03 04:50:50,917 - MainProcess - INFO - [cam15_stream-15] ✅ Segment #662 complete
2026-09-03 04:50:50,918 - MainProcess - INFO - [cam15_stream-15] #662  7/64 ( 10.9%) | seg 167.54s = seek 75.57 (12f, 6.30s/frame) + vlm  83.05 + azure  1.29 + embed  0.42 | avg  65.13s | elapsed 0:07:35 | ETA 1:01:52
2026-09-03 04:50:53,901 - MainProcess - INFO - [AI->] https://openrouter.ai/api/v1/chat/completions z-ai/glm-5.3-flash (1 frames, max_tokens=40)
2026-09-03 04:50:54,720 - MainProcess - WARNING - [cam13_stream-13] Segment #115: frame seek failed, skipping
2026-09-03 04:50:54,721 - MainProcess - INFO - [cam13_stream-13] #115  23/627 (  3.7%) | seg   0.00s = seek 52.57 (0f, 52.57s/frame) + vlm   0.00 + azure  0.00 + embed  0.00 | avg  20.04s | elapsed 0:07:40 | ETA 3:21:43
2026-09-03 04:50:59,188 - MainProcess - INFO - [AI<-] z-ai/glm-5.3-flash ok in 5.3s | prompt_tok=1442 completion_tok=15 cost=$2.742e-05 | 22 chars
2026-09-03 04:51:00,517 - MainProcess - INFO - [AI->] https://openrouter.ai/api/v1/chat/completions z-ai/glm-5.3-flash (12 frames, max_tokens=2600)
2026-09-03 04:51:03,244 - MainProcess - WARNING - [cam13_stream-13] Segment #116: frame seek failed, skipping
2026-09-03 04:51:03,245 - MainProcess - INFO - [cam13_stream-13] #116  24/627 (  3.8%) | seg   0.00s = seek 52.80 (0f, 52.80s/frame) + vlm   0.00 + azure  0.00 + embed  0.00 | avg  19.56s | elapsed 0:07:49 | ETA 3:16:34
2026-09-03 04:51:06,405 - MainProcess - INFO - [AI<-] z-ai/glm-5.3-flash ok in 21.2s | prompt_tok=7901 completion_tok=700 cost=$0.000295255 | 2255 chars returned
2026-09-03 04:51:06,405 - MainProcess - INFO - [cam14_stream-14] summary: condensing minutes 575-599 (24/29)
2026-09-03 04:51:06,405 - MainProcess - INFO - [AI->] https://openrouter.ai/api/v1/chat/completions z-ai/glm-5.3-flash (max_tokens=700, prompt=30942 chars)
2026-09-03 04:51:18,020 - MainProcess - INFO - [AI<-] z-ai/glm-5.3-flash ok in 41.1s | prompt_tok=15352 completion_tok=675 cost=$0.0026403 | 2642 chars
2026-09-03 04:51:18,020 - MainProcess - INFO - [VLM] Response received. Content len: 2642, Thinking len: 0

================================================================================
🤖 [cam15_stream-15] SEGMENT VLM - #663 - 2026-06-14 08:02:57
================================================================================
Recorded 14-06-2026 (Sunday) 08:02:57 to 08:03:27 at Suvidhapark, camera cam15_stream-15. 1. SCENE The camera overlooks a signalised road junction at Suvidhapark (camera legend "Suvidhapark P3 RLVD"), with zebra crossings on multiple arms, a traffic signal pole on the right kerb island, and a footpath with a small shop/shelter on the left. Daylight, overcast/hazy conditions; the scene is evenly lit, consistent with morning. 2. TRAFFIC AND PEOPLE Light, free-flowing traffic throughout. Visible: at least 4 auto-rickshaws (green-and-yellow livery), 1 black sedan, 1 black compact SUV, 2 white vans (one small van-type, one ambulance-type van), 1 white hatchback, 1 white sedan, roughly 8 10 two-wheelers (motorcycles and scooters, various riders in white, orange, red and dark clothing), 1 bicycle, and 1 2 pedestrians on the far footpath. No crowds. 3. VEHICLES IDENTIFIED CONFIRMED: None identified. PROBABLE (unconfirmed): - black sedan, City/Verna class (unconfirmed), crossing left-to-right across the junction, ~10s rear three-quarter angle, plate not legible. - yellow-green auto-rickshaw, standard Bajre/Ape class (unconfirmed), ~10s and again ~55s livery only, no badge legible. - black compact SUV, Creta/Seltos class (unconfirmed), crossing right-to-left, ~25s motion blur and oblique angle; plate unreadable. - white van, Omni/Eeco class (unconfirmed), left-to-right, ~25 30s small van silhouette, no badging visible. - white hatchback, i20/Baleno class (unconfirmed), top of frame, ~30s distance only. - white sedan, Dzire/Aura class (unconfirmed), top-right, ~55s rear angle, plate not legible. 4. REGISTRATIONS READ None legible. (No plate in any frame is readable at this resolution/angle; any such single automatic reads would not be verified against any registry.) 5. NOTABLE EVENTS None observed. Traffic flows normally; no collisions, near-misses, stops in live lanes or loitering. Some frames (~2s, ~28s, ~40s) show compression/pixelation artefacts, not incidents. 6. CROWD AND CONGESTION None observed. 7. TRAFFIC VIOLATIONS None observed. All riders appear helmeted where discernible; no wrong-way movement or red-light jumping evident. 8. PATTERN OF ACTIVITY Steady, light morning traffic moving through the junction in all directions with no signal-related queuing. Early frames show autos and two-wheelers clearing the crossing; mid-clip a black sedan, black SUV and white vans pass through; late frames return to scattered two-wheelers and an auto. Nothing accumulates vehicles enter, cross and exit within seconds. 9. QUIET PERIODS Approximately 13 20s and 44 50s the junction is nearly empty, with only isolated two-wheelers moving through; otherwise continuous light movement.
================================================================================

Batches:   0%|          | 0/1 [00:00<?, ?it/s]Batches: 100%|██████████| 1/1 [00:00<00:00, 10.97it/s]
2026-09-03 04:51:18,812 - MainProcess - INFO - ✅ Segment #663 stored in MongoDB
✅ Segment #663 from Camera cam15_stream-15 stored in MongoDB
2026-09-03 04:51:18,813 - MainProcess - INFO - [cam15_stream-15] segment 663 looks alert-worthy - asking z-ai/glm-5.3-flash
2026-09-03 04:51:18,813 - MainProcess - INFO - [AI->] https://openrouter.ai/api/v1/chat/completions z-ai/glm-5.3-flash (max_tokens=2000, prompt=4000 chars)
2026-09-03 04:51:20,919 - MainProcess - INFO - [AI<-] z-ai/glm-5.3-flash ok in 2.1s | prompt_tok=1050 completion_tok=7 cost=$7.666e-05 | 14 chars returned
2026-09-03 04:51:20,919 - MainProcess - INFO - [cam15_stream-15] ✅ Segment #663 complete
2026-09-03 04:51:21,586 - MainProcess - INFO - [Memory] RAM: 12.6% | Process: 2.00GB | GPU: 7091/24564MB (28.9%)
2026-09-03 04:51:21,586 - MainProcess - INFO - [cam15_stream-15] #663  8/64 ( 12.5%) | seg 101.56s = seek 56.36 (12f, 4.70s/frame) + vlm  41.57 + azure  1.07 + embed  0.29 | avg  60.82s | elapsed 0:08:06 | ETA 0:56:45
2026-09-03 04:51:29,589 - MainProcess - INFO - [AI<-] z-ai/glm-5.3-flash ok in 23.2s | prompt_tok=7975 completion_tok=533 cost=$0.00146275 | 1730 chars returned
2026-09-03 04:51:29,589 - MainProcess - INFO - [cam14_stream-14] summary: condensing minutes 600-624 (25/29)
2026-09-03 04:51:29,589 - MainProcess - INFO - [AI->] https://openrouter.ai/api/v1/chat/completions z-ai/glm-5.3-flash (max_tokens=700, prompt=30942 chars)
2026-09-03 04:51:35,727 - MainProcess - INFO - [AI->] https://openrouter.ai/api/v1/chat/completions z-ai/glm-5.3-flash (1 frames, max_tokens=40)
2026-09-03 04:51:35,845 - MainProcess - INFO - [AI->] https://openrouter.ai/api/v1/chat/completions z-ai/glm-5.3-flash (12 frames, max_tokens=2600)
2026-09-03 04:51:37,821 - MainProcess - INFO - [AI<-] z-ai/glm-5.3-flash ok in 2.1s | prompt_tok=1442 completion_tok=15 cost=$2.742e-05 | 22 chars
2026-09-03 04:51:39,227 - MainProcess - INFO - [AI->] https://openrouter.ai/api/v1/chat/completions z-ai/glm-5.3-flash (12 frames, max_tokens=2600)
2026-09-03 04:51:44,363 - MainProcess - WARNING - [cam13_stream-13] Segment #117: frame seek failed, skipping
2026-09-03 04:51:45,227 - MainProcess - INFO - [AI->] https://openrouter.ai/api/v1/chat/completions z-ai/glm-5.3-flash (12 frames, max_tokens=2600)
2026-09-03 04:51:45,758 - MainProcess - INFO - [Memory] RAM: 12.6% | Process: 2.10GB | GPU: 9608/24564MB (39.1%)
2026-09-03 04:51:45,758 - MainProcess - INFO - [cam13_stream-13] #117  25/627 (  4.0%) | seg   0.00s = seek 57.24 (0f, 57.24s/frame) + vlm   0.00 + azure  0.00 + embed  0.00 | avg  20.48s | elapsed 0:08:31 | ETA 3:25:27
2026-09-03 04:51:51,822 - MainProcess - WARNING - [cam13_stream-13] Segment #118: frame seek failed, skipping
2026-09-03 04:51:51,823 - MainProcess - INFO - [cam13_stream-13] #118  26/627 (  4.1%) | seg   0.00s = seek 57.10 (0f, 57.10s/frame) + vlm   0.00 + azure  0.00 + embed  0.00 | avg  19.92s | elapsed 0:08:38 | ETA 3:19:33
2026-09-03 04:51:52,629 - MainProcess - INFO - [AI<-] z-ai/glm-5.3-flash ok in 23.0s | prompt_tok=7841 completion_tok=668 cost=$0.000755075 | 2174 chars returned
2026-09-03 04:51:52,630 - MainProcess - INFO - [cam14_stream-14] summary: condensing minutes 625-649 (26/29)
2026-09-03 04:51:52,630 - MainProcess - INFO - [AI->] https://openrouter.ai/api/v1/chat/completions z-ai/glm-5.3-flash (max_tokens=700, prompt=30942 chars)
2026-09-03 04:51:58,261 - MainProcess - INFO - [AI<-] z-ai/glm-5.3-flash ok in 5.6s | prompt_tok=7981 completion_tok=660 cost=$0.00152715 | 2337 chars returned
2026-09-03 04:51:58,261 - MainProcess - INFO - [cam14_stream-14] summary: condensing minutes 650-674 (27/29)
2026-09-03 04:51:58,261 - MainProcess - INFO - [AI->] https://openrouter.ai/api/v1/chat/completions z-ai/glm-5.3-flash (max_tokens=700, prompt=30942 chars)
2026-09-03 04:52:07,382 - MainProcess - INFO - [AI<-] z-ai/glm-5.3-flash ok in 28.2s | prompt_tok=15352 completion_tok=756 cost=$0.0025656 | 3115 chars
2026-09-03 04:52:07,382 - MainProcess - INFO - [VLM] Response received. Content len: 3115, Thinking len: 0

================================================================================
🤖 [cam17_17_Rajkot_Bus_Port_CCTV] SEGMENT VLM - #595 - 2026-06-13 22:23:17
================================================================================
Recorded 13-06-2026 (Saturday) 22:23:17 to 22:23:47 at Rajkot Bus Port, camera cam17_17_Rajkot_Bus_Port_CCTV. 1. SCENE The camera ("1 CENTER") overlooks a two-wheeler parking bay and covered walkway at Rajkot Bus Port, with the public road and bus exit visible to the left. Night-time, lit by a bright streetlight and illuminated shop signage ("HOTEL JK", "COTTON", "BUS EXIT ONLY"). Road surface appears wet/reflective, suggesting recent rain. A closed shop shutter occupies the right of frame. 2. TRAFFIC AND PEOPLE - Approximately 10 12 parked two-wheelers (motorcycles and scooters, mostly black, one white scooter, one yellow-green motorcycle) in the foreground, stationary throughout. - Two to three people seated/crouched on a low ledge centre-right for the full clip, one wearing a pale pink/salmon shirt, one in dark clothing with a backpack; they appear to be looking at a mobile phone. - A man in a dark shirt and light trousers enters from the left among the parked bikes around 40s, moving right, and stops near the bikes, handling a phone (visible lit screen ~50s). - Road traffic left: a large bus (white/blue livery) exiting left at 0 5s; multiple motorcycles with headlights on passing on the road at 10 25s; a white car and other vehicles at 20 35s; a motorcycle rider in white shirt passing left at ~45s; a blue-and-white GSRTC bus entering from the left and crossing the frame at ~50 55s. - Pedestrians on the far pavement at 10 20s, including one in a white shirt at ~30s. 3. VEHICLES IDENTIFIED CONFIRMED: - GSRTC bus, blue and white, registration not legible, entering from left and travelling right across the road, ~50 55s (GSRTC livery/text on body legible). PROBABLE (unconfirmed): - Large white/blue intercity bus, ordinary bus class (unconfirmed), 0 5s rear/side angle, motion, plate not legible. - White compact car, hatchback/sedan class (unconfirmed), ~20 30s distance and headlight glare. - Multiple motorcycles on the road, various colours (unconfirmed), 10 45s darkness, motion blur, headlight glare. 4. REGISTRATIONS READ None legible. (Any plates present are too distant, angled or blurred; all reads would be single automatic reads, not verified against any registry.) 5. NOTABLE EVENTS - A pair of sandals/shoes lies unattended on the walkway next to the seated group throughout the clip likely belonging to them, noted for completeness. - None observed otherwise. 6. CROWD AND CONGESTION None observed. The seated group (2 3 people) is static and small; no queues or build-ups. 7. TRAFFIC VIOLATIONS None observed. 8. PATTERN OF ACTIVITY The clip is dominated by static parked two-wheelers and a small stationary group on the ledge, with light through-traffic on the road to the left. Early frames show a large bus departing the port area; mid-clip sees steady motorcycle and car traffic on the wet road; the late frames show a GSRTC bus entering. The only change among the people is the arrival of a man into the parking bay around 40s who then stands using a phone. Overall a quiet night scene with normal bus-port egress traffic. 9. QUIET PERIODS None observed road traffic and headlight movement continue throughout, though the foreground remains largely static.
================================================================================

Batches:   0%|          | 0/1 [00:00<?, ?it/s]Batches: 100%|██████████| 1/1 [00:00<00:00, 17.64it/s]
2026-09-03 04:52:08,328 - MainProcess - INFO - ✅ Segment #595 stored in MongoDB
✅ Segment #595 from Camera cam17_17_Rajkot_Bus_Port_CCTV stored in MongoDB
2026-09-03 04:52:08,329 - MainProcess - INFO - [cam17_17_Rajkot_Bus_Port_CCTV] segment 595 looks alert-worthy - asking z-ai/glm-5.3-flash
2026-09-03 04:52:08,329 - MainProcess - INFO - [AI->] https://openrouter.ai/api/v1/chat/completions z-ai/glm-5.3-flash (max_tokens=2000, prompt=4515 chars)
2026-09-03 04:52:09,300 - MainProcess - INFO - [AI<-] z-ai/glm-5.3-flash ok in 68.8s | prompt_tok=15352 completion_tok=1093 cost=$0.0027341 | 4523 chars
2026-09-03 04:52:09,300 - MainProcess - INFO - [VLM] Response received. Content len: 4523, Thinking len: 0

================================================================================
🤖 [cam17_17_Rajkot_Bus_Port_CCTV] SEGMENT VLM - #594 - 2026-06-13 22:22:17
================================================================================
Recorded 13-06-2026 (Saturday) 22:22:17 to 22:22:47 at Rajkot Bus Port, camera cam17_17_Rajkot_Bus_Port_CCTV. 1. SCENE The camera ("1 CENTER") overlooks a covered walkway/veranda beside a closed shop shutter at Rajkot Bus Port, with a view onto the street and a two-wheeler parking bay to the left. Illuminated signage is visible: "HOTEL JK" (A/C, Non A/C Rooms, Rooms start from 799/- only), a "BUS EXIT ONLY" sign, and a "COTTON" advertisement board with Gujarati text and a mobile number. It is night; the scene is lit by street lighting and vehicle headlights, with noticeable glare and haze. The road surface appears damp, suggesting recent rain. 2. TRAFFIC AND PEOPLE - Parked two-wheelers: approximately 8-10 motorcycles and scooters, mostly black, plus one white scooter and one white-and-black scooter, stationary in the bay throughout the clip. - One person in a pink/salmon long-sleeve top, crouched or kneeling on the kerb beside a planter on the walkway, present from the start to the end of the clip, with a pair of dark slippers on the ground nearby. - A second person in dark clothing crouched beside them, also present throughout. - Around 0-10s: a man in a dark shirt with a backpack walks from the parking area toward the left edge and exits. - Around 20-25s: a man in a light/white shirt walks through the parking bay from left to right. - Around 25-40s: a man in a grey shirt enters the parking bay, handles a black motorcycle/scooter, appearing to park or retrieve it; he remains in the bay at the end of the clip. - Around 25-30s: a man in a white shirt and dark trousers walks along the road on the far left. - Around 30-35s: a man in dark clothing walks along the road left of frame. - Street traffic: several motorcycles with headlights on pass on the road (0-20s), a white car passes left-to-right around 5-10s, and a red car passes around 30-35s. - Around 40-50s: a large pink/white GSRTC bus with "SLEEPER COACH" text on its destination board enters from the left and moves slowly right along the road, exiting around 50-55s. A second white bus follows behind it, partially visible around 50-55s. 3. VEHICLES IDENTIFIED CONFIRMED: - GSRTC bus (Gujarat State Road Transport Corporation livery, pink/white, "GSRTC" and "SLEEPER COACH" legible on body/destination board), travelling left to right on the road, seen from about 40s to 50s. Plate not legible. PROBABLE (unconfirmed): - White compact car, hatchback/sedan class (unconfirmed), passing left to right on the road around 5-10s; distance, headlight glare and motion blur prevent confirmation. - Red compact car (unconfirmed), passing left to right around 30-35s; rear-only view and darkness prevent confirmation. - White bus following the GSRTC bus (unconfirmed), around 50-55s; partially obscured and rear-angle only. - Black motorcycle with alloy wheels handled by the man in grey in the parking bay (unconfirmed), 25-55s; darkness and angle prevent model identification. 4. REGISTRATIONS READ None legible. (Any registration text visible on parked two-wheelers or passing vehicles is too small, blurred or glare-obscured to read; all above are single automatic reads only, not verified against any registry.) 5. NOTABLE EVENTS - Two people crouch for the full 55 seconds in a dark corner of the walkway beside a planter, near a pair of discarded slippers, with what appears to be a bag or bundle between them. They remain in the same spot the entire clip without approaching the parking bay or road. This prolonged loitering in a dim, sheltered spot is flagged as alert-worthy (from 0s throughout). - No collisions, altercations or theft observed. 6. CROWD AND CONGESTION None observed. Pedestrian numbers remain low; the parking bay holds stationary vehicles only. 7. TRAFFIC VIOLATIONS None observed. 8. PATTERN OF ACTIVITY The dominant activity is static: parked two-wheelers and the two crouched figures on the walkway do not change position across the clip. Moving traffic on the road is light and flows left to right, building from scattered motorcycles and cars in the first half to two full-size buses passing in the final 15 seconds - the GSRTC sleeper coach being the largest movement of the clip. The only human activity in the parking bay is a man in grey attending to a black motorcycle from around 25s onward. Between early and late frames the main change is the passage of the buses and the departure of the early pedestrians; the crouched pair remain unchanged. 9. QUIET PERIODS None observed - there is continuous street traffic or pedestrian movement throughout, and the two crouched figures are present in every frame.
================================================================================

Batches:   0%|          | 0/1 [00:00<?, ?it/s]Batches: 100%|██████████| 1/1 [00:00<00:00, 30.17it/s]
2026-09-03 04:52:10,228 - MainProcess - INFO - ✅ Segment #594 stored in MongoDB
✅ Segment #594 from Camera cam17_17_Rajkot_Bus_Port_CCTV stored in MongoDB
2026-09-03 04:52:10,229 - MainProcess - INFO - [cam17_17_Rajkot_Bus_Port_CCTV] segment 594 looks alert-worthy - asking z-ai/glm-5.3-flash
2026-09-03 04:52:10,229 - MainProcess - INFO - [AI->] https://openrouter.ai/api/v1/chat/completions z-ai/glm-5.3-flash (max_tokens=2000, prompt=5309 chars)
2026-09-03 04:52:10,689 - MainProcess - INFO - [AI<-] z-ai/glm-5.3-flash ok in 2.4s | prompt_tok=1149 completion_tok=17 cost=$8.6585e-05 | 14 chars returned
2026-09-03 04:52:10,689 - MainProcess - INFO - [cam17_17_Rajkot_Bus_Port_CCTV] ✅ Segment #595 complete
2026-09-03 04:52:12,320 - MainProcess - INFO - [Memory] RAM: 12.7% | Process: 2.01GB | GPU: 7690/24564MB (31.3%)
2026-09-03 04:52:12,320 - MainProcess - INFO - [cam17_17_Rajkot_Bus_Port_CCTV] #595  11/135 (  8.1%) | seg  95.37s = seek 60.32 (12f, 5.03s/frame) + vlm  28.66 + azure  1.24 + embed  0.44 | avg  48.90s | elapsed 0:08:57 | ETA 1:41:04
2026-09-03 04:52:13,139 - MainProcess - INFO - [AI<-] z-ai/glm-5.3-flash ok in 2.9s | prompt_tok=1364 completion_tok=44 cost=$0.0002266 | 144 chars returned
2026-09-03 04:52:13,139 - MainProcess - INFO - [cam17_17_Rajkot_Bus_Port_CCTV] segment 594 alert suppressed (cooldown): Two people crouched 55s in dark walkway corner beside planter with bag/bundle; loitering
2026-09-03 04:52:13,139 - MainProcess - INFO - [cam17_17_Rajkot_Bus_Port_CCTV] ✅ Segment #594 complete
2026-09-03 04:52:13,140 - MainProcess - INFO - [cam17_17_Rajkot_Bus_Port_CCTV] #594  12/135 (  8.9%) | seg 142.90s = seek 63.65 (12f, 5.30s/frame) + vlm  69.29 + azure  1.17 + embed  0.43 | avg  44.90s | elapsed 0:08:58 | ETA 1:32:02
2026-09-03 04:52:15,876 - MainProcess - INFO - [AI<-] z-ai/glm-5.3-flash ok in 30.6s | prompt_tok=15352 completion_tok=1057 cost=$0.0028313 | 3637 chars
2026-09-03 04:52:15,876 - MainProcess - INFO - [VLM] Response received. Content len: 3637, Thinking len: 502
2026-09-03 04:52:15,943 - MainProcess - WARNING - [cam13_stream-13] Segment #119: frame seek failed, skipping

================================================================================
🤖 [cam15_stream-15] SEGMENT VLM - #665 - 2026-06-14 08:04:57
================================================================================
Recorded 14-06-2026 (Sunday) 08:04:57 to 08:05:27 at Suvidhapark, camera cam15_stream-15. 1. SCENE The camera overlooks a signalised road junction at Suvidhapark (camera label "Suvidhapark P3 RLVD" visible on the overlay), with zebra crossings on multiple arms, a traffic signal pole on the right, and a side road entering from the left. Conditions are daylight, dry road, light traffic. 2. TRAFFIC AND PEOPLE - Auto-rickshaws: three green-and-yellow auto-rickshaws visible at the start (0s) one crossing the junction centre, two grouped at the top right; a further yellow-and-green auto-rickshaw enters from the bottom of frame around 39s moving away from camera. - Cars: one white sedan top right (0 3s); one dark hatchback crossing right side (10s); one white compact SUV entering from the left (10s) and crossing to the right (15 16s); one dark SUV/minivan moving away from camera top right (55s). - Two-wheelers: a scooter with rider in dark clothing at the bottom right crossing the zebra (0s, exiting right by 3s); a motorcycle with rider in teal top crossing away (3s); a scooter crossing left-to-right (10s); a motorcycle crossing (13s); a scooter with rider in white shirt entering from the left over the zebra (35s); a motorcycle moving away from camera centre (35s); a motorcycle with rider in red top moving away (39s); several scooters/motorcycles in a group crossing left-to-right (46 50s); a scooter moving away (55s). - Pedestrians: one person in white trousers, dark-and-white striped shirt, carrying a black backpack, walking across the junction away from camera (0 3s, gone by 10s). 3. VEHICLES IDENTIFIED CONFIRMED: None identified. PROBABLE (unconfirmed): - White compact sedan, Honda City/Ciaz class (unconfirmed), top right crossing out of frame, 0 3s front angle only, badge not legible at this distance. - Dark compact hatchback, Swift/i10 class (unconfirmed), crossing right side of junction, 10s motion blur, small in frame. - White compact SUV, Creta/Seltos class (unconfirmed), enters from left 10s, crosses junction right 15 16s front grille shape suggestive but badge unreadable. - Dark SUV/MPV, Ertiga/XL6 class (unconfirmed), moving away from camera top right, 55s rear angle, plate not legible. 4. REGISTRATIONS READ None legible. (Any plates present are too distant or blurred; all entries above are single automatic reads, not verified against any registry.) 5. NOTABLE EVENTS None observed. Traffic flows normally; no collisions, near-misses or suspicious behaviour seen. Minor pixelation/compression artefacts appear in frames around 13s, 46s and 50s but no incident is discernible within them. 6. CROWD AND CONGESTION None observed. Traffic is free-flowing throughout; the loose group of two-wheelers crossing left-to-right around 46 50s (roughly 4 5 riders) moves without queueing. 7. TRAFFIC VIOLATIONS None observed. No helmetless riders clearly identifiable, no wrong-way movement and no vehicles stopped in the crossing. 8. PATTERN OF ACTIVITY Light, free-flowing morning traffic at a signalised junction. Early frames show crossing movements in several directions (autos, a pedestrian and a scooter clearing the junction), the middle of the clip is nearly empty with only isolated two-wheelers, and the later frames show renewed crossing traffic a yellow-green auto-rickshaw moving away from camera (39s) and a cluster of scooters and motorcycles crossing left-to-right (46 55s) followed by a dark SUV. No single dominant direction; movements alternate with the signal phases. 9. QUIET PERIODS The junction is completely clear of traffic and pedestrians around 28s, and again briefly around 42 44s between the auto-rickshaw and the later group of two-wheelers.
================================================================================

Batches:   0%|          | 0/1 [00:00<?, ?it/s]Batches: 100%|██████████| 1/1 [00:00<00:00, 25.41it/s]
2026-09-03 04:52:16,803 - MainProcess - INFO - ✅ Segment #665 stored in MongoDB
✅ Segment #665 from Camera cam15_stream-15 stored in MongoDB
2026-09-03 04:52:16,803 - MainProcess - INFO - [cam15_stream-15] segment 665 looks alert-worthy - asking z-ai/glm-5.3-flash
2026-09-03 04:52:16,803 - MainProcess - INFO - [AI->] https://openrouter.ai/api/v1/chat/completions z-ai/glm-5.3-flash (max_tokens=2000, prompt=4997 chars)
2026-09-03 04:52:17,063 - MainProcess - INFO - [Memory] RAM: 12.8% | Process: 2.03GB | GPU: 8852/24564MB (36.0%)
2026-09-03 04:52:17,063 - MainProcess - INFO - [cam13_stream-13] #119  27/627 (  4.3%) | seg   0.00s = seek 72.70 (0f, 72.70s/frame) + vlm   0.00 + azure  0.00 + embed  0.00 | avg  20.12s | elapsed 0:09:03 | ETA 3:21:12
2026-09-03 04:52:19,863 - MainProcess - INFO - [AI<-] z-ai/glm-5.3-flash ok in 3.1s | prompt_tok=1260 completion_tok=7 cost=$9.241e-05 | 14 chars returned
2026-09-03 04:52:19,863 - MainProcess - INFO - [cam15_stream-15] ✅ Segment #665 complete
2026-09-03 04:52:21,647 - MainProcess - INFO - [Memory] RAM: 12.9% | Process: 1.97GB | GPU: 9423/24564MB (38.4%)
2026-09-03 04:52:21,647 - MainProcess - INFO - [cam15_stream-15] #665  9/64 ( 14.1%) | seg  88.95s = seek 52.87 (12f, 4.41s/frame) + vlm  31.15 + azure  1.08 + embed  0.42 | avg  60.74s | elapsed 0:09:06 | ETA 0:55:40
2026-09-03 04:52:22,040 - MainProcess - INFO - [AI<-] z-ai/glm-5.3-flash ok in 23.8s | prompt_tok=7816 completion_tok=628 cost=$0.0014864 | 2103 chars returned
2026-09-03 04:52:22,041 - MainProcess - INFO - [cam14_stream-14] summary: condensing minutes 675-699 (28/29)
2026-09-03 04:52:22,041 - MainProcess - INFO - [AI->] https://openrouter.ai/api/v1/chat/completions z-ai/glm-5.3-flash (max_tokens=700, prompt=30942 chars)
2026-09-03 04:52:23,726 - MainProcess - INFO - [AI->] https://openrouter.ai/api/v1/chat/completions z-ai/glm-5.3-flash (12 frames, max_tokens=2600)
2026-09-03 04:52:31,635 - MainProcess - WARNING - [cam13_stream-13] Segment #120: frame seek failed, skipping
2026-09-03 04:52:31,636 - MainProcess - INFO - [cam13_stream-13] #120  28/627 (  4.5%) | seg   0.00s = seek 47.27 (0f, 47.27s/frame) + vlm   0.00 + azure  0.00 + embed  0.00 | avg  19.92s | elapsed 0:09:17 | ETA 3:18:53
2026-09-03 04:52:39,159 - MainProcess - INFO - [AI<-] z-ai/glm-5.3-flash ok in 17.1s | prompt_tok=7849 completion_tok=700 cost=$0.000295195 | 2456 chars returned
2026-09-03 04:52:39,159 - MainProcess - INFO - [cam14_stream-14] summary: condensing minutes 700-719 (29/29)
2026-09-03 04:52:39,160 - MainProcess - INFO - [AI->] https://openrouter.ai/api/v1/chat/completions z-ai/glm-5.3-flash (max_tokens=700, prompt=24867 chars)
2026-09-03 04:52:40,854 - MainProcess - WARNING - [cam13_stream-13] Segment #121: frame seek failed, skipping
2026-09-03 04:52:40,855 - MainProcess - INFO - [cam13_stream-13] #121  29/627 (  4.6%) | seg   0.00s = seek 49.03 (0f, 49.03s/frame) + vlm   0.00 + azure  0.00 + embed  0.00 | avg  19.55s | elapsed 0:09:27 | ETA 3:14:52
2026-09-03 04:52:59,270 - MainProcess - INFO - [AI<-] z-ai/glm-5.3-flash ok in 83.4s | prompt_tok=15352 completion_tok=1289 cost=$0.00055589 | 5122 chars
2026-09-03 04:52:59,270 - MainProcess - INFO - [VLM] Response received. Content len: 5122, Thinking len: 59

================================================================================
🤖 [cam15_stream-15] SEGMENT VLM - #664 - 2026-06-14 08:03:57
================================================================================
Recorded 14-06-2026 (Sunday) 08:03:57 to 08:04:27 at Suvidhapark, camera cam15_stream-15. 1. SCENE The camera overlooks a signalised road junction at Suvidhapark (camera label "Suvidhapark P3 RLVD" on the overlay). Wide view of a four-arm intersection with zebra crossings on both sides, a traffic signal mast on the right island with a red/amber head visible on later frames, and buildings/footpaths on the left. Conditions are daylight with clear shadows, indicating morning. Traffic is free-flowing in both directions throughout. 2. TRAFFIC AND PEOPLE - 0s: a two-wheeler (scooter) with two riders, one carrying a floral/pink item, waiting at the right-side stop line facing the crossing; it moves off and is gone by ~5s. - 0 5s: a green-and-yellow auto-rickshaw crosses from left to right; a white van moves away top-right; a silver scooter with a helmeted rider crosses the middle of the junction left-to-right at 5s. - 10s: a grey/dark scooter with rider in white shirt crosses toward the left exit; a dark sedan and a scooter with two riders cross top-left; another scooter enters top-right. - 15s: a black SUV crosses left-of-centre; a cyclist in light clothing rides on the far left footpath area. - 20s: white MPV/van and a white SUV (rear-facing, crossing) plus a white car top-left; digital pixelation/artefacts corrupt parts of this frame. - 25s: white sedan crossing right-of-centre; green-yellow auto-rickshaw centre; white scooter riders; a male pedestrian in dark checked shirt and light trousers, carrying a white bag, walks across the carriageway (not on the zebra). - 30s: the same pedestrian mid-crossing; red scooter with rider crosses right; white scooter top-left. - 34s: black sedan crossing toward the camera across the near zebra (frame heavily pixelated); white/silver cars top-right. - 39s: a blue-and-white tractor with a green tanker trailer enters from the bottom-left and crosses the junction; black sedan continues across; yellow-green auto-rickshaw top-right. - 44s: the tractor-tanker continues across the junction centre; white scooter and auto-rickshaw at left. - 49s: black compact SUV crossing right-of-centre; cluster of two-wheelers and a yellow-green auto-rickshaw near the top-left crossing. - 54s: frame heavily corrupted by pixelation; vehicles indistinct top-left, a yellow three-wheeler visible top-right. 3. VEHICLES IDENTIFIED CONFIRMED None identified. (No badge is legible on any frame; no body shape is distinctive enough to confirm a make and model.) PROBABLE (unconfirmed) - Green-and-yellow three-wheeler, auto-rickshaw type (unconfirmed), 0s, 25s, 44s, 49s class obvious but no maker visible. - White van/MPV (unconfirmed), 0s and 20s rear/oblique angle, distance. - Black compact SUV (unconfirmed), 15s front angle, motion, no badge legible. - White compact SUV (unconfirmed), 20s rear angle at speed, frame artefacts. - White compact sedan (unconfirmed), 25s oblique crossing angle. - Black compact sedan (unconfirmed), 34s and 39s rear view, heavy pixelation on 34s. - Blue tractor with green tanker trailer (unconfirmed), 39s 44s agricultural type clear, no maker legible. - Black compact SUV (unconfirmed), 49s oblique moving angle. 4. REGISTRATIONS READ None legible. (All plates are either too distant, motion-blurred or obscured by pixelation. Any partially visible plate is a single automatic read only, not verified against any registry.) 5. NOTABLE EVENTS - A male pedestrian in a dark checked shirt carrying a white bag crosses the carriageway diagonally, off the zebra, between about 25s and 34s, walking between moving vehicles. - 54s (and to a lesser extent 20s and 34s): severe digital pixelation/corruption of the recording a recording-integrity concern worth flagging. No collisions, near-misses, fires or unattended items observed. 6. CROWD AND CONGESTION None observed. Traffic remains free-flowing; the largest gathering is about four two-wheelers plus an auto-rickshaw waiting near the top-left crossing around 49s, dispersing immediately. 7. TRAFFIC VIOLATIONS - Jaywalking: pedestrian crossing off the zebra through live traffic, ~25s 34s. - The camera label reads "RLVD" (red-light violation detection): vehicles are seen crossing while the signal head on the right shows amber/red on later frames (e.g. black sedan over the near zebra at 34s; black SUV at 49s), but the signal state for each arm cannot be confirmed from these frames alone. 8. PATTERN OF ACTIVITY Steady morning cross-traffic at a signalised junction, dominated by two-wheelers and auto-rickshaws, with cars and one tractor-tanker mixed in. Movement runs in all four arms with no single dominant direction, each movement clearing in five to ten seconds. Early frames show lighter, two-wheeler-heavy movement; the middle of the clip brings cars (white sedans/SUVs, black sedans), and the final third is notable for the slow tractor with tanker trailer occupying the junction centre and a second black SUV crossing, with image quality degrading toward the end. 9. QUIET PERIODS None observed the junction is in continuous use throughout the 55 seconds, though individual frames at 20s and 54s are too corrupted to show detail reliably.
================================================================================

Batches:   0%|          | 0/1 [00:00<?, ?it/s]Batches: 100%|██████████| 1/1 [00:00<00:00, 19.64it/s]
2026-09-03 04:53:00,237 - MainProcess - INFO - ✅ Segment #664 stored in MongoDB
✅ Segment #664 from Camera cam15_stream-15 stored in MongoDB
2026-09-03 04:53:00,238 - MainProcess - INFO - [cam15_stream-15] segment 664 looks alert-worthy - asking z-ai/glm-5.3-flash
2026-09-03 04:53:00,238 - MainProcess - INFO - [AI->] https://openrouter.ai/api/v1/chat/completions z-ai/glm-5.3-flash (max_tokens=2000, prompt=5291 chars)
2026-09-03 04:53:00,393 - MainProcess - INFO - [AI<-] z-ai/glm-5.3-flash ok in 21.2s | prompt_tok=6221 completion_tok=700 cost=$0.000269095 | 2625 chars returned
2026-09-03 04:53:00,393 - MainProcess - INFO - [AI->] https://openrouter.ai/api/v1/chat/completions z-ai/glm-5.3-flash (max_tokens=6000, prompt=60804 chars)
2026-09-03 04:53:00,746 - MainProcess - INFO - [AI->] https://openrouter.ai/api/v1/chat/completions z-ai/glm-5.3-flash (1 frames, max_tokens=40)
2026-09-03 04:53:03,692 - MainProcess - INFO - [AI<-] z-ai/glm-5.3-flash ok in 2.9s | prompt_tok=1442 completion_tok=15 cost=$2.742e-05 | 22 chars
2026-09-03 04:53:04,297 - MainProcess - INFO - [AI<-] z-ai/glm-5.3-flash ok in 40.6s | prompt_tok=15352 completion_tok=1090 cost=$0.0028478 | 4216 chars
2026-09-03 04:53:04,297 - MainProcess - INFO - [VLM] Response received. Content len: 4216, Thinking len: 241

================================================================================
🤖 [cam15_stream-15] SEGMENT VLM - #666 - 2026-06-14 08:05:57
================================================================================
Recorded 14-06-2026 (Sunday) 08:05:57 to 08:06:27 at Suvidhapark, camera cam15_stream-15. 1. SCENE The camera overlooks a signalised road junction at Suvidhapark (camera label "Suvidhapark P3 RLVD" visible bottom-right). Zebra crossings mark all approaches; a traffic signal pole with a red/amber aspect stands on the right, and a pedestrian bollard with a red-and-white striped post is at the right kerb. Daytime, clear daylight with strong shadows; lighting is good. 2. TRAFFIC AND PEOPLE - 0s: one rider in a white shirt on a dark scooter, moving away from camera toward the far side; a second scooter visible at the top of frame. - ~6s: a woman in a green outfit with a white head covering enters from the left and crosses the near zebra crossing left-to-right, still mid-crossing at ~11s and ~16s. - ~11s: a white bus with "BHARAT BENZ" text on its rear and an advertisement panel crosses the junction; a green-and-yellow auto-rickshaw crosses left of it; another green auto at top-right. - ~16s: a rider in a blue shirt on a blue motorcycle moves away from camera; a green three-wheeler goods carrier crosses left; a scooter with rider at lower-left crossing. - ~20s: a white scooter carrying two people (both in light tops) crosses left-to-right; a yellow-and-green auto-rickshaw on the right; several pedestrians on the right footpath, one with a backpack walking away; a grey car at top-right. - ~25s: multiple scooters (white, red, dark) crossing the junction in different directions. - ~31s: a cluster of motorcycles and scooters crossing, including a blue motorcycle and a rider in a light shirt on a motorcycle; some compression artefacting in this frame. - ~33s: a white van/ambulance-type vehicle (boxy, white with markings) crosses left-to-right; a scooter behind it. - ~40s: a dark (black/dark grey) sedan enters from the bottom-right and moves away from camera through the junction; yellow-and-green auto-rickshaw at top-right. - ~46s: the same dark sedan further ahead; a motorcycle carrying two people in white clothing (pillion in white dress, helmeted rider) moves away from camera; a green goods three-wheeler with red cylinders crosses left; several motorcycles at the far side. - ~51s: the white-dressed pillion pair continues away; two yellow-and-green auto-rickshaws cross left-to-right on the left side. - ~53s: a white scooter with rider crosses left; a white car at top-right; a rider in pink at the very bottom of frame entering. 3. VEHICLES IDENTIFIED CONFIRMED: None identified. PROBABLE (unconfirmed): - White bus, rear "BHARAT BENZ" lettering visible but badge/plate not readable, moving away from camera, ~11s (rear-only angle, distance). - White boxy van, ambulance-type silhouette (unconfirmed), left-to-right, ~33s (motion blur, oblique angle). - Dark sedan, mid-size, sedan silhouette (unconfirmed), moving away from camera, ~40s and ~46s (rear-only angle, distance; plate partially visible but not reliably readable). - Green three-wheeler goods carrier with red cylinders (unconfirmed), left-to-right, ~16s and ~46s (distance, motion blur). 4. REGISTRATIONS READ None legible. (A plate is visible on the dark sedan at ~40s but is too small/blurry to read reliably; these would be single automatic reads, not verified against any registry.) 5. NOTABLE EVENTS None observed. Traffic flows normally; the pedestrian in green crosses on the zebra without conflict. 6. CROWD AND CONGESTION None observed. A loose cluster of several two-wheelers crosses together around ~31s but no queue or jam forms. 7. TRAFFIC VIOLATIONS None observed. No helmetless riders could be confirmed at this distance; no wrong-way or red-light jumping seen. 8. PATTERN OF ACTIVITY Steady, free-flowing mixed traffic through a signalised junction, dominated by two-wheelers and yellow-and-green auto-rickshaws, with occasional cars, a bus and a van. Movement is multi-directional with no single dominant flow, though a good share travels away from the camera toward the far side. Early frames are sparse (a single scooter, then a lone pedestrian); mid-clip the junction is busiest (~20s 33s); late frames return to lighter, scattered flow. The only pedestrian crossing occurs early (~6s 16s). 9. QUIET PERIODS None observed. Some vehicle or person is in motion in every sampled frame.
================================================================================

Batches:   0%|          | 0/1 [00:00<?, ?it/s]Batches: 100%|██████████| 1/1 [00:00<00:00, 31.15it/s]
2026-09-03 04:53:05,155 - MainProcess - INFO - [AI->] https://openrouter.ai/api/v1/chat/completions z-ai/glm-5.3-flash (1 frames, max_tokens=40)
2026-09-03 04:53:05,223 - MainProcess - INFO - ✅ Segment #666 stored in MongoDB
✅ Segment #666 from Camera cam15_stream-15 stored in MongoDB
2026-09-03 04:53:05,224 - MainProcess - INFO - [cam15_stream-15] segment 666 looks alert-worthy - asking z-ai/glm-5.3-flash
2026-09-03 04:53:05,224 - MainProcess - INFO - [AI->] https://openrouter.ai/api/v1/chat/completions z-ai/glm-5.3-flash (max_tokens=2000, prompt=5291 chars)
2026-09-03 04:53:05,260 - MainProcess - INFO - [AI->] https://openrouter.ai/api/v1/chat/completions z-ai/glm-5.3-flash (12 frames, max_tokens=2600)
2026-09-03 04:53:06,315 - MainProcess - INFO - [AI<-] z-ai/glm-5.3-flash ok in 1.1s | prompt_tok=1332 completion_tok=7 cost=$0.0002033 | 14 chars returned
2026-09-03 04:53:06,315 - MainProcess - INFO - [cam15_stream-15] ✅ Segment #666 complete
2026-09-03 04:53:07,251 - MainProcess - INFO - [Memory] RAM: 12.6% | Process: 2.04GB | GPU: 9268/24564MB (37.7%)
2026-09-03 04:53:07,251 - MainProcess - INFO - [cam15_stream-15] #666  10/64 ( 15.6%) | seg 105.39s = seek 60.99 (12f, 5.08s/frame) + vlm  41.08 + azure  1.49 + embed  0.42 | avg  59.22s | elapsed 0:09:52 | ETA 0:53:18
2026-09-03 04:53:07,859 - MainProcess - INFO - [AI<-] z-ai/glm-5.3-flash ok in 7.6s | prompt_tok=1360 completion_tok=40 cost=$0.000224 | 128 chars returned
2026-09-03 04:53:07,859 - MainProcess - INFO - [cam15_stream-15] segment 664 -> 1 alert(s)
2026-09-03 04:53:07,859 - MainProcess - WARNING - [cam15_stream-15] no VMS device id in camera_did_map.json - alert skipped: Pedestrian crossing carriageway off zebra between moving vehicles, ~25-34s
2026-09-03 04:53:07,860 - MainProcess - INFO - [cam15_stream-15] ✅ Segment #664 complete
2026-09-03 04:53:07,860 - MainProcess - INFO - [cam15_stream-15] #664  11/64 ( 17.2%) | seg 162.54s = seek 69.00 (12f, 5.75s/frame) + vlm  83.93 + azure  1.09 + embed  0.46 | avg  53.89s | elapsed 0:09:52 | ETA 0:47:36
2026-09-03 04:53:13,347 - MainProcess - WARNING - [cam13_stream-13] Segment #122: frame seek failed, skipping
2026-09-03 04:53:14,789 - MainProcess - INFO - [Memory] RAM: 12.6% | Process: 2.04GB | GPU: 7035/24564MB (28.6%)
2026-09-03 04:53:14,789 - MainProcess - INFO - [cam13_stream-13] #122  30/627 (  4.8%) | seg   0.00s = seek 57.40 (0f, 57.40s/frame) + vlm   0.00 + azure  0.00 + embed  0.00 | avg  20.03s | elapsed 0:10:00 | ETA 3:19:19
2026-09-03 04:53:17,579 - MainProcess - INFO - [AI<-] z-ai/glm-5.3-flash ok in 12.4s | prompt_tok=1442 completion_tok=15 cost=$0.0002238 | 22 chars
2026-09-03 04:53:19,117 - MainProcess - INFO - [AI->] https://openrouter.ai/api/v1/chat/completions z-ai/glm-5.3-flash (12 frames, max_tokens=2600)
2026-09-03 04:53:23,281 - MainProcess - INFO - [AI->] https://openrouter.ai/api/v1/chat/completions z-ai/glm-5.3-flash (12 frames, max_tokens=2600)
2026-09-03 04:53:31,338 - MainProcess - WARNING - [cam13_stream-13] Segment #123: frame seek failed, skipping
2026-09-03 04:53:31,338 - MainProcess - INFO - [cam13_stream-13] #123  31/627 (  4.9%) | seg   0.00s = seek 59.70 (0f, 59.70s/frame) + vlm   0.00 + azure  0.00 + embed  0.00 | avg  19.92s | elapsed 0:10:17 | ETA 3:17:52
2026-09-03 04:53:40,636 - MainProcess - INFO - [AI<-] z-ai/glm-5.3-flash ok in 35.4s | prompt_tok=15352 completion_tok=990 cost=$0.0026826 | 4035 chars
2026-09-03 04:53:40,636 - MainProcess - INFO - [VLM] Response received. Content len: 4035, Thinking len: 0
2026-09-03 04:53:40,919 - MainProcess - INFO - [AI<-] z-ai/glm-5.3-flash ok in 215.4s | prompt_tok=15352 completion_tok=1129 cost=$0.0027521 | 4425 chars
2026-09-03 04:53:40,920 - MainProcess - INFO - [VLM] Response received. Content len: 4425, Thinking len: 111

================================================================================
🤖 [cam17_17_Rajkot_Bus_Port_CCTV] SEGMENT VLM - #596 - 2026-06-13 22:24:17
================================================================================
Recorded 13-06-2026 (Saturday) 22:24:17 to 22:24:47 at Rajkot Bus Port, camera cam17_17_Rajkot_Bus_Port_CCTV. 1. SCENE The camera ("1 CENTER") overlooks a covered walkway/pavement area at Rajkot Bus Port, adjacent to a row of parked two-wheelers, with a view out onto a public road to the left. Illuminated signage is visible: "HOTEL JK" (2nd floor, AC/non-AC rooms, dormitory, rooms from 799/-), a "BUS EXIT ONLY" sign, and a yellow/red advertisement board reading "COTTON" with a phone number "Mo. 87339 29701 / 702" and Gujarati text. A closed shop shutter occupies the right of frame. It is night; lighting is artificial (street lamp and signboards), with heavy glare/bloom from the lamp and a hazy, possibly misty or damp atmosphere. The road surface appears reflective/wet. 2. TRAFFIC AND PEOPLE - Approximately 10 12 parked motorcycles/scooters in the foreground, mostly dark-coloured, plus at least one white scooter (left, bottom) and one white/pale scooter among the row. They remain stationary throughout. - One person in a pink/salmon long-sleeve top, crouched/sitting on the kerb beside a planter near the shutter, present from the start to the end of the clip, with a pair of dark footwear on the ground beside them. - A second person in dark clothing seated/crouched immediately beside them, also present throughout. - A person in dark clothing walking through the parked two-wheelers from right to left, visible around 15s 20s, exiting frame left by about 20s. - On the road: an auto-rickshaw passing left to right around 5s 10s; a motorcycle with headlight on around 25s; a white GSRTC bus entering from the left around 30s and moving slowly right, its rear (with "GSRTC" livery text) visible until about 45s; a second white bus entering from the left around 50s 55s; several distant motorcycles and cars with headlights on throughout. 3. VEHICLES IDENTIFIED CONFIRMED: - GSRTC state transport bus, white with blue/red livery, "GSRTC" legible on the body, entering from the left and travelling right along the bus exit road, seen from about 30s to 45s. Registration not legible. PROBABLE (unconfirmed): - White single-deck bus, second similar vehicle, entering from the left around 50s 55s (unconfirmed) only the front/side is visible in glare and motion blur; no livery text readable. - Auto-rickshaw (three-wheeler), dark colour, crossing left to right around 5s 10s (unconfirmed) small, distant and backlit. - Multiple motorcycles on the road at 25s and 50s 55s (unconfirmed) headlight glare and distance prevent any detail. 4. REGISTRATIONS READ None legible. (Any plate-shaped marks on the parked two-wheelers are too small, angled or glare-obscured to read; these would be single automatic reads only, not verified against any registry.) 5. NOTABLE EVENTS - Two people remain crouched/seated in the same spot beside the planter for the entire 55 seconds, in a dim area at the edge of the walkway, without any apparent activity. This is consistent with loitering and is flagged for review, though it may be innocent resting. - No collisions, altercations, unattended bags or other alert-worthy events observed. 6. CROWD AND CONGESTION None observed. The walkway is nearly empty apart from the two seated/crouched individuals; road traffic is light and free-flowing. 7. TRAFFIC VIOLATIONS None observed. 8. PATTERN OF ACTIVITY This is a quiet night-time scene dominated by a static row of parked two-wheelers and minimal pedestrian presence. The only movement is light passing traffic on the road to the left an auto-rickshaw early in the clip, then buses mid-clip (consistent with the "BUS EXIT ONLY" signage), followed by more two-wheelers and a second bus toward the end. The two figures by the planter do not move at any point. Between the early and late frames the scene changes only in the composition of passing road traffic; the walkway itself is unchanged. 9. QUIET PERIODS The walkway area is effectively still throughout, but the road carries passing traffic in most segments. The quietest stretch is roughly 35s 50s, when no road vehicle is prominently in frame and nothing on the walkway moves.
================================================================================

Batches:   0%|          | 0/1 [00:00<?, ?it/s]Batches: 100%|██████████| 1/1 [00:00<00:00, 13.01it/s]

================================================================================
🤖 [cam17_17_Rajkot_Bus_Port_CCTV] SEGMENT VLM - #593 - 2026-06-13 22:21:17
================================================================================
Recorded 13-06-2026 (Saturday) 22:21:17 to 22:21:47 at Rajkot Bus Port, camera cam17_17_Rajkot_Bus_Port_CCTV. 1. SCENE The camera ("1 CENTER") overlooks a paved forecourt and footpath area at Rajkot Bus Port at night, adjacent to a road on the left. Illumination is from a bright streetlight/lamp post and illuminated signage, including a large "HOTEL JK" sign (A/C, Non A/C Rooms & Dormitory, rooms from 799/-), a "BUS EXIT ONLY" sign, and hoardings including one reading "COTTON" with Gujarati text and a mobile number. A closed shop shutter occupies the right of frame. Conditions are dark with some glare and motion blur; the road surface appears damp/reflective. 2. TRAFFIC AND PEOPLE - Approximately 8 10 parked two-wheelers (motorcycles and scooters) in the foreground, mostly black/dark, one white scooter, one with yellow accents; these remain stationary throughout. - Two to three people crouched/sitting at a low planter wall on the right side of the footpath for the whole clip: one wearing a pale pink/salmon long-sleeve top, one in dark clothing, one in a white/light top. They remain in the same spot, bent over something, throughout. - A person with a light blue/white backpack standing near the parked bikes on the left, present from the start to the end of the clip. - Pedestrians on the road/footpath to the left: several walking past in the early seconds (0 15s), including a person in a light patterned shirt moving quickly through the bike area around 0 5s; a person in a light shirt walking away up the footpath around 5 10s; two or three pedestrians crossing/walking left around 10 20s; a man in a white shirt and a woman walking toward the camera around 40 45s; two people standing near the left edge around 50 55s. - Road traffic on the left: a dark car with headlights on passing left to right around 5 10s; an auto-rickshaw around 10 15s; a red/dark auto-rickshaw around 15 20s; a dark van/tempo around 25 30s; a large blue and white bus (letters "...TC" visible on its rear/side) passing left to right around 40 45s; another bus visible in the distance around 45 50s; a motorcycle with headlight around 45 50s; an auto-rickshaw around 50 55s. 3. VEHICLES IDENTIFIED CONFIRMED: None identified. PROBABLE (unconfirmed): - Blue and white large bus, ST/state-carrier class (unconfirmed), passing left to right, 40 45s partial lettering "...TC" visible but full identity not legible; night glare and motion blur. - Dark compact van/tempo (unconfirmed), 25 30s rear angle, darkness. - Red/dark auto-rickshaw (unconfirmed), 15 20s distance and blur. - Dark car, hatchback/sedan class (unconfirmed), 5 10s headlights only, distance. 4. REGISTRATIONS READ None legible. (Any plates present are too distant, blurred or angled to read; all above would be single automatic reads only, not verified against any registry.) 5. NOTABLE EVENTS - Throughout the clip, a small group of people remain crouched at the planter wall on the right footpath, bent over an object on the ground, in the same position for the full 55 seconds. This prolonged stationary loitering in a dimly lit area away from the main flow may warrant attention, though no offence is visible. - A person in a light patterned shirt moves quickly and blurrily through the parked motorcycle area around 0 5s; movement is too fast/blurred to characterise further. - No collision, assault, theft or unattended-bag event is visible. 6. CROWD AND CONGESTION None observed. Pedestrian numbers remain low (under six at any moment); no queues or build-ups form. 7. TRAFFIC VIOLATIONS None observed. All road traffic moves in the expected direction; no riders are clearly helmetless at this resolution and no vehicle stops in a live lane. 8. PATTERN OF ACTIVITY The dominant activity is static: parked two-wheelers and the small group at the planter define the scene, with light through-traffic on the road to the left. Early in the clip there is more pedestrian movement along the footpath and road (several walkers, a car, auto-rickshaws); mid-clip traffic thens to a lull with only the van passing; late in the clip a large blue-and-white bus passes, consistent with bus-port exit traffic, followed by a motorcycle and another auto-rickshaw. The group at the planter and the person with the backpack never move, so the scene changes only in the background traffic. 9. QUIET PERIODS None observed background road traffic and pedestrian movement continue throughout, even during the mid-clip lull (roughly 25 40s) when only one vehicle passes.
================================================================================

Batches:   0%|          | 0/1 [00:00<?, ?it/s]Batches: 100%|██████████| 1/1 [00:00<00:00, 30.52it/s]
2026-09-03 04:53:41,614 - MainProcess - INFO - ✅ Segment #596 stored in MongoDB
✅ Segment #596 from Camera cam17_17_Rajkot_Bus_Port_CCTV stored in MongoDB
2026-09-03 04:53:41,615 - MainProcess - INFO - [cam17_17_Rajkot_Bus_Port_CCTV] segment 596 looks alert-worthy - asking z-ai/glm-5.3-flash
2026-09-03 04:53:41,615 - MainProcess - INFO - [AI->] https://openrouter.ai/api/v1/chat/completions z-ai/glm-5.3-flash (max_tokens=2000, prompt=5309 chars)
2026-09-03 04:53:41,811 - MainProcess - INFO - ✅ Segment #593 stored in MongoDB
✅ Segment #593 from Camera cam17_17_Rajkot_Bus_Port_CCTV stored in MongoDB
2026-09-03 04:53:41,812 - MainProcess - INFO - [cam17_17_Rajkot_Bus_Port_CCTV] segment 593 looks alert-worthy - asking z-ai/glm-5.3-flash
2026-09-03 04:53:41,812 - MainProcess - INFO - [AI->] https://openrouter.ai/api/v1/chat/completions z-ai/glm-5.3-flash (max_tokens=2000, prompt=5309 chars)
2026-09-03 04:53:44,277 - MainProcess - INFO - [AI<-] z-ai/glm-5.3-flash ok in 2.7s | prompt_tok=1355 completion_tok=41 cost=$0.000108035 | 140 chars returned
2026-09-03 04:53:44,277 - MainProcess - INFO - [cam17_17_Rajkot_Bus_Port_CCTV] segment 596 alert suppressed (cooldown): Two people crouched/seated by planter in dim walkway area for full clip, no activity
2026-09-03 04:53:44,277 - MainProcess - INFO - [cam17_17_Rajkot_Bus_Port_CCTV] ✅ Segment #596 complete
2026-09-03 04:53:44,448 - MainProcess - INFO - [AI<-] z-ai/glm-5.3-flash ok in 2.6s | prompt_tok=1374 completion_tok=41 cost=$0.00010946 | 140 chars returned
2026-09-03 04:53:44,448 - MainProcess - INFO - [cam17_17_Rajkot_Bus_Port_CCTV] segment 593 -> 1 alert(s)
2026-09-03 04:53:44,448 - MainProcess - WARNING - [cam17_17_Rajkot_Bus_Port_CCTV] no VMS device id in camera_did_map.json - alert skipped: Group crouched at planter wall on footpath for full clip, bent over object, dim area
2026-09-03 04:53:44,449 - MainProcess - INFO - [cam17_17_Rajkot_Bus_Port_CCTV] ✅ Segment #593 complete
2026-09-03 04:53:46,428 - MainProcess - INFO - [Memory] RAM: 12.9% | Process: 2.13GB | GPU: 8393/24564MB (34.2%)
2026-09-03 04:53:46,428 - MainProcess - INFO - [cam17_17_Rajkot_Bus_Port_CCTV] #596  13/135 (  9.6%) | seg  93.58s = seek 50.04 (12f, 4.17s/frame) + vlm  35.89 + azure  1.38 + embed  0.48 | avg  48.62s | elapsed 0:10:32 | ETA 1:38:51
2026-09-03 04:53:46,428 - MainProcess - INFO - [cam17_17_Rajkot_Bus_Port_CCTV] #593  14/135 ( 10.4%) | seg 272.98s = seek 50.29 (12f, 4.19s/frame) + vlm 215.90 + azure  1.40 + embed  0.39 | avg  45.15s | elapsed 0:10:32 | ETA 1:31:02
2026-09-03 04:53:46,731 - MainProcess - INFO - [AI<-] z-ai/glm-5.3-flash ok in 27.6s | prompt_tok=15352 completion_tok=861 cost=$0.0027333 | 3591 chars
2026-09-03 04:53:46,731 - MainProcess - INFO - [VLM] Response received. Content len: 3591, Thinking len: 0

================================================================================
🤖 [cam17_17_Rajkot_Bus_Port_CCTV] SEGMENT VLM - #597 - 2026-06-13 22:25:17
================================================================================
Recorded 13-06-2026 (Saturday) 22:25:17 to 22:25:47 at Rajkot Bus Port, camera cam17_17_Rajkot_Bus_Port_CCTV. 1. SCENE The camera ("1 CENTER") overlooks a covered walkway and two-wheeler parking bay at Rajkot Bus Port, with a view out onto the public road and bus bay to the left. Illuminated signage is visible: "HOTEL JK" (A/C, Non A/C rooms, dormitory, rooms from 799/-), a "BUS EXIT ONLY" sign, and a yellow advertisement board reading "COTTON" with a mobile number 87339 29701 / 702. Conditions are night-time, lit by street lighting and vehicle headlights; the road surface appears wet/reflective, suggesting recent rain. A closed metal shutter occupies the right of frame. 2. TRAFFIC AND PEOPLE - Approximately 10 12 parked motorcycles/scooters in the foreground bay, mostly black, plus one white scooter and one white-and-black scooter; these remain static throughout. - Two to three people crouched/sitting at the planter edge on the walkway throughout the clip: one wearing a pale pink/salmon long-sleeve shirt, one in dark clothing with a backpack, and a third partially obscured. They remain in the same spot for the full 55 seconds, handling something at the planter. - A pair of dark slippers left on the walkway beside them. - On the road: a red/cream ST-style bus moving left to right early in the clip (0 10s), a white bus passing right to left around 30 35s, several motorcycles with headlights on, an auto-rickshaw around 30s, and a car with headlights on around 40 45s. - A man in a light blue shirt and dark trousers walks along the road edge from left toward the parking area, visible around 15 35s, at times standing near the bikes. - Another man in a white shirt and dark trousers enters from the left around 40s and walks toward the parked two-wheelers. 3. VEHICLES IDENTIFIED CONFIRMED: None identified. PROBABLE (unconfirmed): - Red/cream livery bus, state-transport ST class (unconfirmed), 0 10s, moving left to right on the road distance and headlight glare prevent reading livery text. - White full-size bus (unconfirmed), 30 35s, moving right to left rear/side angle and motion blur. - One parked motorcycle shows "RIDER"-style tank branding but it is not legible enough to confirm a model; all parked two-wheelers are unidentifiable to model. 4. REGISTRATIONS READ None legible. All vehicles are either too distant, angled away, or affected by headlight glare and motion blur; any registration reads would be single automatic reads, not verified against any registry. 5. NOTABLE EVENTS - Throughout the clip (0 55s), a small group of people remains crouched at the planter/wall edge on the walkway in near-darkness, away from the lit road, continuously handling something at ground level. Their prolonged, concealed position in a corner of the premises is loitering of possible interest. - A pair of slippers is left unattended on the walkway beside them throughout. 6. CROWD AND CONGESTION None observed. Road traffic flows freely; the only grouping is the 2 3 people at the planter. 7. TRAFFIC VIOLATIONS None observed. 8. PATTERN OF ACTIVITY The dominant activity is steady night-time road traffic on the left of frame buses, motorcycles and an auto-rickshaw passing in both directions while the foreground parking bay is entirely static. The constant across all 55 seconds is the group at the planter, which never moves or disperses. Early frames show the red/cream bus and brighter activity on the road; later frames show lighter, sparser traffic (motorcycles, a car) with the walkway scene unchanged. 9. QUIET PERIODS None observed road traffic and headlight movement continue throughout, and the group at the planter is present in every frame.
================================================================================

Batches:   0%|          | 0/1 [00:00<?, ?it/s]Batches: 100%|██████████| 1/1 [00:00<00:00, 39.31it/s]
2026-09-03 04:53:47,613 - MainProcess - INFO - ✅ Segment #597 stored in MongoDB
✅ Segment #597 from Camera cam17_17_Rajkot_Bus_Port_CCTV stored in MongoDB
2026-09-03 04:53:47,614 - MainProcess - INFO - [cam17_17_Rajkot_Bus_Port_CCTV] segment 597 looks alert-worthy - asking z-ai/glm-5.3-flash
2026-09-03 04:53:47,614 - MainProcess - INFO - [AI->] https://openrouter.ai/api/v1/chat/completions z-ai/glm-5.3-flash (max_tokens=2000, prompt=4991 chars)
2026-09-03 04:53:50,343 - MainProcess - INFO - [AI<-] z-ai/glm-5.3-flash ok in 2.7s | prompt_tok=1254 completion_tok=46 cost=$0.0002111 | 145 chars returned
2026-09-03 04:53:50,343 - MainProcess - INFO - [cam17_17_Rajkot_Bus_Port_CCTV] segment 597 -> 1 alert(s)
2026-09-03 04:53:50,344 - MainProcess - WARNING - [cam17_17_Rajkot_Bus_Port_CCTV] no VMS device id in camera_did_map.json - alert skipped: 2-3 people crouched at planter in dark walkway corner, handling something, 55s+ loitering
2026-09-03 04:53:50,344 - MainProcess - INFO - [cam17_17_Rajkot_Bus_Port_CCTV] ✅ Segment #597 complete
2026-09-03 04:53:50,345 - MainProcess - INFO - [cam17_17_Rajkot_Bus_Port_CCTV] #597  15/135 ( 11.1%) | seg  97.21s = seek 52.00 (12f, 4.33s/frame) + vlm  28.12 + azure  1.38 + embed  0.38 | avg  42.40s | elapsed 0:10:35 | ETA 1:24:47
2026-09-03 04:53:52,983 - MainProcess - WARNING - [cam13_stream-13] Segment #124: frame seek failed, skipping
2026-09-03 04:53:54,623 - MainProcess - INFO - [Memory] RAM: 12.9% | Process: 2.13GB | GPU: 8616/24564MB (35.1%)
2026-09-03 04:53:54,624 - MainProcess - INFO - [cam13_stream-13] #124  32/627 (  5.1%) | seg   0.00s = seek 72.13 (0f, 72.13s/frame) + vlm   0.00 + azure  0.00 + embed  0.00 | avg  20.03s | elapsed 0:10:40 | ETA 3:18:34
2026-09-03 04:53:58,747 - MainProcess - INFO - [AI->] https://openrouter.ai/api/v1/chat/completions z-ai/glm-5.3-flash (12 frames, max_tokens=2600)
2026-09-03 04:54:06,662 - MainProcess - INFO - [AI->] https://openrouter.ai/api/v1/chat/completions z-ai/glm-5.3-flash (12 frames, max_tokens=2600)
2026-09-03 04:54:15,241 - MainProcess - WARNING - [cam13_stream-13] Segment #125: frame seek failed, skipping
2026-09-03 04:54:15,242 - MainProcess - INFO - [cam13_stream-13] #125  33/627 (  5.3%) | seg   0.00s = seek 61.89 (0f, 61.89s/frame) + vlm   0.00 + azure  0.00 + embed  0.00 | avg  20.04s | elapsed 0:11:01 | ETA 3:18:25
2026-09-03 04:54:23,545 - MainProcess - WARNING - [cam13_stream-13] Segment #126: frame seek failed, skipping
2026-09-03 04:54:24,773 - MainProcess - INFO - [AI<-] z-ai/glm-5.3-flash ok in 18.1s | prompt_tok=15352 completion_tok=983 cost=$0.0026791 | 3044 chars
2026-09-03 04:54:24,773 - MainProcess - INFO - [VLM] Response received. Content len: 3044, Thinking len: 761
2026-09-03 04:54:24,976 - MainProcess - INFO - [Memory] RAM: 12.5% | Process: 2.23GB | GPU: 7221/24564MB (29.4%)
2026-09-03 04:54:24,977 - MainProcess - INFO - [cam13_stream-13] #126  34/627 (  5.4%) | seg   0.00s = seek 52.21 (0f, 52.21s/frame) + vlm   0.00 + azure  0.00 + embed  0.00 | avg  19.74s | elapsed 0:11:11 | ETA 3:15:05

================================================================================
🤖 [cam15_stream-15] SEGMENT VLM - #669 - 2026-06-14 08:08:57
================================================================================
Recorded 14-06-2026 (Sunday) 08:08:57 to 08:09:27 at Suvidhapark, camera cam15_stream-15. 1. SCENE The camera overlooks a signalised road junction at Suvidhapark (camera label "Suvidhapark P3 RLVD" on the overlay). Zebra crossings span the foreground and left approach; a traffic signal pole stands at the right kerb with a red-and-white bollard. Daylight, overcast/hazy conditions, even lighting across the carriageway. 2. TRAFFIC AND PEOPLE Light-to-moderate mixed traffic throughout. Visible across the clip: one white car, one white goods-body pickup, one red minibus/van, one large white coach, one white SUV, one dark SUV, at least three green-and-yellow auto-rickshaws, one blue scooter, several black/dark scooters and motorcycles, and three cyclists (one in dark clothing ~7s, one in a red shirt ~52s). Riders number roughly 10 12 in total; no pedestrians on the crossings. 3. VEHICLES IDENTIFIED CONFIRMED None identified. PROBABLE (unconfirmed) - White goods-body pickup with green canvas tilt, Bolero Maxx Truck class (unconfirmed), crossing right-to-left ~7s front badge not readable at this angle/distance. - White mid-size SUV, Safari/XUV700 class (unconfirmed), moving right-to-left ~32s rear three-quarter angle, badge and plate not legible. - Dark compact SUV, Creta/Seltos class (unconfirmed), moving away from camera ~52s rear-only view, motion blur. - Red minibus with white roof, Force Traveller/Marazzo-type tourer class (unconfirmed), turning left ~17 29s text on side not fully legible. - Large white private coach, "PATEL" / "WWW.PTTBUS.IN" on rear (unconfirmed make), passing under camera ~38s rear view only, plate obscured. 4. REGISTRATIONS READ None legible. (Plates on the dark SUV ~52s and the bus ~38s are visible as objects but the characters cannot be read; these are single automatic reads at best and not verified against any registry.) 5. NOTABLE EVENTS None observed. All traffic flows through the junction without conflict; no stops, near-misses or collisions. 6. CROWD AND CONGESTION None observed. Vehicles cross the junction singly or in loose pairs; no queuing at any point. 7. TRAFFIC VIOLATIONS - Helmetless riders: the motorcyclist with a pillion (~44s) and several scooter/motorcycle riders (~7s, ~12s, ~52s) appear to be riding without helmets. - No wrong-way driving, red-light jumping or footpath riding observed. 8. PATTERN OF ACTIVITY This is a free-flowing signalised junction dominated by two-wheelers and auto-rickshaws, with occasional cars, a goods pickup, a minibus and one large coach. Movement is multi-directional: traffic crosses both right-to-left and left-to-right, with the red minibus (~17 29s) and the white coach (~38s) being the largest movements. Early frames show light, scattered traffic; mid-clip brings the two large passenger vehicles; late frames return to two-wheelers and a dark SUV. Nothing accumulates each vehicle clears the junction within seconds. 9. QUIET PERIODS The junction is briefly empty of moving traffic around ~2 5s and again around ~55s, but no period is fully static for long; otherwise traffic is present throughout.
================================================================================

Batches:   0%|          | 0/1 [00:00<?, ?it/s]Batches: 100%|██████████| 1/1 [00:00<00:00, 35.15it/s]
2026-09-03 04:54:25,661 - MainProcess - INFO - ✅ Segment #669 stored in MongoDB
✅ Segment #669 from Camera cam15_stream-15 stored in MongoDB
2026-09-03 04:54:25,662 - MainProcess - INFO - [cam15_stream-15] segment 669 looks alert-worthy - asking z-ai/glm-5.3-flash
2026-09-03 04:54:25,662 - MainProcess - INFO - [AI->] https://openrouter.ai/api/v1/chat/completions z-ai/glm-5.3-flash (max_tokens=2000, prompt=4404 chars)
2026-09-03 04:54:26,425 - MainProcess - INFO - [AI<-] z-ai/glm-5.3-flash ok in 63.1s | prompt_tok=15352 completion_tok=885 cost=$0.00131505 | 3628 chars
2026-09-03 04:54:26,425 - MainProcess - INFO - [VLM] Response received. Content len: 3628, Thinking len: 92

================================================================================
🤖 [cam15_stream-15] SEGMENT VLM - #667 - 2026-06-14 08:06:57
================================================================================
Recorded 14-06-2026 (Sunday) 08:06:57 to 08:07:27 at Suvidhapark, camera cam15_stream-15. 1. SCENE The camera overlooks a signalised four-way intersection with marked zebra crossings, kerbed traffic-island corners and an amber-lit traffic signal on the right. Daylight conditions, full daylight with long shadows. Overlay text reads "Suvidhapark P3 RLVD", indicating a red-light-violation camera at the Suvidhapark P3 approach. Some frames show heavy compression/pixelation artefacting (notably around 0s and near the end). 2. TRAFFIC AND PEOPLE Light to moderate traffic. Over the clip: multiple two-wheelers (scooters and motorcycles, various colours), one red and white ambulance-style van, one red tractor with a green-canopied tipping trailer, several white cars (hatchbacks and sedans), one silver/white compact SUV, at least two green-and-yellow auto-rickshaws, one three-wheeled goods carrier, and pedestrians including an adult pair (man in dark shirt, person in green clothing) crossing together, plus one man in a light shirt standing at the left kerb from about 19s onward. 3. VEHICLES IDENTIFIED CONFIRMED None identified. No badge or model marking is legible at this resolution and angle. PROBABLE (unconfirmed) - Silver compact SUV, Creta/Seltos class (unconfirmed), ~13s, entering from the right and crossing the far junction; rear-three-quarter angle and distance prevent confirmation. - White tall hatchback, Wagon R class (unconfirmed), ~44s, moving left across the junction; distance and motion blur. - White compact sedan, Dzire/Aura class (unconfirmed), ~48-54s, travelling away from camera toward the far junction; rear-only angle. - White sedan with light stripes, unloaded sedan class (unconfirmed), ~48s, crossing left to right; distance. 4. REGISTRATIONS READ None legible. Plates on the white sedan (~54s) and other vehicles are pixelated or beyond resolution. These would be single automatic reads, not verified against any registry. 5. NOTABLE EVENTS - Throughout the clip the signal on the right shows amber/red while cross traffic continually passes through the intersection; the "RLVD" designation suggests enforcement against red-light running, and several two-wheelers cross the stop line against the displayed signal (~9s, ~24-35s). - A red tractor with green-canopied trailer crosses the junction against the signal at ~38-44s. - A pair of pedestrians (man in dark clothing, person in green) cross the zebra from left to right at ~26-38s as the tractor passes near them; no contact observed. - No collisions, falls, or unattended items observed. 6. CROWD AND CONGESTION None observed. Traffic flows freely; no queues or jams at any point. 7. TRAFFIC VIOLATIONS - Red-light jumping by multiple two-wheelers at ~9s and ~24-35s (crossing while the signal shows amber/red). - Tractor with trailer crossing against the signal at ~38-44s. - No helmetless riders clearly distinguishable; rider headgear cannot be resolved with certainty. 8. PATTERN OF ACTIVITY This is a lightly-trafficked signalised junction dominated by two-wheelers moving diagonally in all directions, with occasional cars, an auto-rickshaw, an ambulance van and an agricultural tractor. Early frames (0-20s) show sparse, scattered crossings; the middle (26-44s) brings the pedestrian pair and heavier mixed traffic including the tractor; the late frames (44-60s) show a wave of white cars and three-wheeled goods vehicles passing through. The scene is busier at the end than at the start, with no single dominant direction of travel. 9. QUIET PERIODS Approximately 13-19s and 20-24s the carriageway is largely empty, with only isolated two-wheelers at the far edges; otherwise traffic is present throughout.
================================================================================

Batches:   0%|          | 0/1 [00:00<?, ?it/s]Batches: 100%|██████████| 1/1 [00:00<00:00, 37.89it/s]
2026-09-03 04:54:27,312 - MainProcess - INFO - ✅ Segment #667 stored in MongoDB
✅ Segment #667 from Camera cam15_stream-15 stored in MongoDB
2026-09-03 04:54:27,312 - MainProcess - INFO - [cam15_stream-15] segment 667 looks alert-worthy - asking z-ai/glm-5.3-flash
2026-09-03 04:54:27,313 - MainProcess - INFO - [AI->] https://openrouter.ai/api/v1/chat/completions z-ai/glm-5.3-flash (max_tokens=2000, prompt=5000 chars)
2026-09-03 04:54:28,223 - MainProcess - INFO - [AI<-] z-ai/glm-5.3-flash ok in 2.6s | prompt_tok=1127 completion_tok=55 cost=$9.4435e-05 | 147 chars returned
2026-09-03 04:54:28,224 - MainProcess - INFO - [cam15_stream-15] segment 669 -> 1 alert(s)
2026-09-03 04:54:28,224 - MainProcess - WARNING - [cam15_stream-15] no VMS device id in camera_did_map.json - alert skipped: Helmetless riders: motorcycle with pillion ~44s and scooter/motorcycle riders ~7s, ~12s, ~
2026-09-03 04:54:28,225 - MainProcess - INFO - [cam15_stream-15] ✅ Segment #669 complete
2026-09-03 04:54:29,942 - MainProcess - INFO - [AI<-] z-ai/glm-5.3-flash ok in 2.6s | prompt_tok=1229 completion_tok=42 cost=$9.8835e-05 | 138 chars returned
2026-09-03 04:54:29,942 - MainProcess - INFO - [cam15_stream-15] segment 667 -> 1 alert(s)
2026-09-03 04:54:29,942 - MainProcess - WARNING - [cam15_stream-15] no VMS device id in camera_did_map.json - alert skipped: Multiple two-wheelers and tractor-trailer crossing against red signal (~9s, ~24-44s)
2026-09-03 04:54:29,943 - MainProcess - INFO - [cam15_stream-15] ✅ Segment #667 complete
2026-09-03 04:54:30,899 - MainProcess - INFO - [Memory] RAM: 12.9% | Process: 2.10GB | GPU: 8609/24564MB (35.0%)
2026-09-03 04:54:30,899 - MainProcess - INFO - [cam15_stream-15] #669  12/64 ( 18.8%) | seg  80.37s = seek 57.08 (12f, 4.76s/frame) + vlm  18.62 + azure  1.31 + embed  0.39 | avg  56.32s | elapsed 0:11:15 | ETA 0:48:48
2026-09-03 04:54:30,899 - MainProcess - INFO - [cam15_stream-15] #667  13/64 ( 20.3%) | seg 130.08s = seek 62.08 (12f, 5.17s/frame) + vlm  63.65 + azure  1.19 + embed  0.39 | avg  51.99s | elapsed 0:11:15 | ETA 0:44:11
2026-09-03 04:54:36,564 - MainProcess - INFO - [AI<-] z-ai/glm-5.3-flash ok in 37.8s | prompt_tok=15352 completion_tok=784 cost=$0.0016196 | 3258 chars
2026-09-03 04:54:36,564 - MainProcess - INFO - [VLM] Response received. Content len: 3258, Thinking len: 0

================================================================================
🤖 [cam15_stream-15] SEGMENT VLM - #668 - 2026-06-14 08:07:57
================================================================================
Recorded 14-06-2026 (Sunday) 08:07:57 to 08:08:27 at Suvidhapark, camera cam15_stream-15. 1. SCENE The camera overlooks a signalised road junction at Suvidhapark (camera label "Suvidhapark P3 RLVD" visible bottom-right). Zebra crossings mark all approaches; a traffic signal head is visible at the right edge, showing amber/red throughout. Daylight, clear conditions, moderate morning traffic. A footpath, small shop awning and utility poles are visible on the left. 2. TRAFFIC AND PEOPLE Light-to-moderate traffic, dominated by two-wheelers. Visible across the clip: approximately 8-10 scooters/motorcycles (various colours - white, dark, one with two riders), 2-3 bicycles (one rider in white shirt, one in dark clothing), one yellow-and-green three-wheeled auto-rickshaw, one hand-pulled cycle cart loaded with sacks (puller in yellow shirt), one white car, and 2-3 pedestrians (one in light shirt crossing the left arm early in the clip). No buses or trucks observed. 3. VEHICLES IDENTIFIED CONFIRMED None identified. PROBABLE (unconfirmed) - White scooter, Activa/Access class (unconfirmed), crossing the junction left-to-right, 0s and again ~28s - rear/side angle and motion blur prevent confirmation. - Yellow-and-green three-wheeler auto-rickshaw, Bajaj RE class (unconfirmed), entering from the left and turning across the junction, ~22s - distance and angle prevent badge/plate reading. - White compact car, hatchback/sedan class (unconfirmed), entering from bottom of frame over the near crossing, ~55s - only roof and bonnet visible, plate not in view. 4. REGISTRATIONS READ None legible. (No plate in the clip is readable at this resolution and angle; any single automatic reads would be unverified against any registry.) 5. NOTABLE EVENTS - Throughout the clip the signal facing this approach shows amber/red, yet multiple two-wheelers and the auto-rickshaw are seen crossing the junction against it (e.g. scooters at 0s, 28s, 40s; auto-rickshaw at 22s). This is consistent with red-light violation activity (see section 7). - No collisions, near-misses, unattended objects or suspicious behaviour observed. 6. CROWD AND CONGESTION None observed. Traffic flows freely with no queues or build-ups at any point. 7. TRAFFIC VIOLATIONS - Red-light jumping: multiple two-wheelers cross the junction while the signal shows amber/red, at approximately 0s, 14s, 28s, 40s and 49s. - Helmetless riders: several riders and pillion passengers appear without visible helmets (e.g. scooter riders at 0s, 28s, 40s). - No wrong-way driving, three-on-a-two-wheeler or footpath driving observed. 8. PATTERN OF ACTIVITY The clip shows a steady trickle of two-wheelers and cyclists crossing the junction in all directions despite the red/amber signal facing the camera's approach - the dominant pattern is light, free-flowing two-wheeler traffic with frequent signal non-compliance. Early frames show a hand-cart and scooters clearing the junction; the middle of the clip is quieter with isolated cyclists and an auto-rickshaw; the late frames show a white car entering over the near crossing, the only four-wheeler in the clip. No congestion develops at any stage. 9. QUIET PERIODS The junction is briefly empty of moving traffic around 9s and again around 46-49s, but the clip is otherwise continuously active. No fully static period observed.
================================================================================

Batches:   0%|          | 0/1 [00:00<?, ?it/s]Batches: 100%|██████████| 1/1 [00:00<00:00, 39.01it/s]
2026-09-03 04:54:37,458 - MainProcess - INFO - ✅ Segment #668 stored in MongoDB
✅ Segment #668 from Camera cam15_stream-15 stored in MongoDB
2026-09-03 04:54:37,458 - MainProcess - INFO - [cam15_stream-15] segment 668 looks alert-worthy - asking z-ai/glm-5.3-flash
2026-09-03 04:54:37,458 - MainProcess - INFO - [AI->] https://openrouter.ai/api/v1/chat/completions z-ai/glm-5.3-flash (max_tokens=2000, prompt=4630 chars)
2026-09-03 04:54:40,554 - MainProcess - INFO - [AI<-] z-ai/glm-5.3-flash ok in 100.2s | prompt_tok=16284 completion_tok=4058 cost=$0.0022358 | 11424 chars returned
2026-09-03 04:54:40,554 - MainProcess - INFO - [cam14_stream-14] summary alert pass skipped - ALERT_MODE=realtime, alerts were raised per segment
Batches:   0%|          | 0/1 [00:00<?, ?it/s]Batches: 100%|██████████| 1/1 [00:00<00:00,  2.47it/s]Batches: 100%|██████████| 1/1 [00:00<00:00,  2.46it/s]
2026-09-03 04:54:41,051 - MainProcess - INFO - [AI<-] z-ai/glm-5.3-flash ok in 3.6s | prompt_tok=1167 completion_tok=39 cost=$9.3435e-05 | 152 chars returned
2026-09-03 04:54:41,051 - MainProcess - INFO - [cam15_stream-15] segment 668 -> 1 alert(s)
2026-09-03 04:54:41,051 - MainProcess - WARNING - [cam15_stream-15] no VMS device id in camera_did_map.json - alert skipped: Multiple red-light violations at junction: two-wheelers & auto-rickshaw crossing against a
2026-09-03 04:54:41,051 - MainProcess - INFO - [cam15_stream-15] ✅ Segment #668 complete
2026-09-03 04:54:41,121 - MainProcess - INFO - [cam15_stream-15] #668  14/64 ( 21.9%) | seg  94.80s = seek 51.10 (12f, 4.26s/frame) + vlm  38.32 + azure  1.10 + embed  0.39 | avg  49.01s | elapsed 0:11:26 | ETA 0:40:50
2026-09-03 04:54:41,419 - MainProcess - INFO - [cam14_stream-14] ✅ video summary stored (11424 chars over 720 minutes)
2026-09-03 04:54:41,421 - MainProcess - INFO - [cam14_stream-14] summary took 686.3s

==============================================================================
VIDEO SUMMARY — cam14_stream-14 (Unknown Location (cam14))
==============================================================================
# POLICE SUMMARY — CCTV cam14_stream-14 (Unknown Location, "cam14")
**Footage:** 720 minutes, 13-06-2026 ~20:59 to 14-06-2026 ~08:33 (minute 0 – minute 719). No alerts raised by the system at any point.

## 1. SCENE
The camera overlooks a large signalised urban junction (Delhi/Indian-style, with DTC-style buses, auto-rickshaws and a "DELIGHT P1 RLVD" red-light-enforcement overlay recurring). Shops with lit signage ("West Bank"/"WESTBANK") line the right footpath; a bus stand/shelter area and hoardings sit on the right side. The footage spans night (20:59 onward), pre-dawn darkness (approx. minutes 300–524), hazy dawn (approx. 525–599) and early morning (approx. 600–719). Road surface was repeatedly wet/reflective after rain — wet minutes noted at 15, 21, 23, 29–32, 50–51, 58, 67, 77, 81, 84, 92, 96, 108, 118, 120, 128, 133, 135, 143–145, 149, and damp/reflective conditions persisting through much of minutes 155–174, 225–249, 281 onward, 376–399, 435–449, 529–546, 625–649 and 700–719.

## 2. TRAFFIC AND PEOPLE
Traffic was continuous and mixed throughout. At night (minutes 0–299) it was busier: roughly 10–25 vehicles per minute at first (white hatchbacks recurring almost every minute, black sedans/SUVs, red cars, yellow/green/white/red/blue auto-rickshaws, buses — red, blue, orange, white, GSRTC and "Patel" coaches — vans, tipper and goods trucks, motorcycles with and without pillions). From roughly midnight (minutes 200+) two-wheelers dominated (est. 8–25 per minute, many apparently helmetless, often two-up, occasionally three), with green-and-yellow auto-rickshaws (2–12 per minute), predominantly white cars plus silver, black, red, maroon, blue and one lime-green car, and intermittent heavy vehicles (concrete mixers, tippers, box trucks, tarpaulin-covered goods trucks, tankers, coaches, double-deckers, refuse trucks, ambulances, police/emergency vehicles). A white hatchback entering from the left and exiting right around the 30s mark is a near-constant across minutes 2–170. Pedestrians were sparse overnight (individuals or pairs at zebras), but gathered in sizeable crowds (approx. 20–50 people) on the right footpath near the shops at minutes 188–190, 195, and through the 200s; activity thinned after about minute 300, with pedestrians rare (mostly single crossings) through the pre-dawn, and small groups returning toward dawn. Cyclists appeared at 207, 209, 212–213, 244, 365, 371, 391, 538, 549, 557, 568–571, 580, 583–584, 587, 590, 592–593, 608, 625, 629, 636, 644, 646, 653, 656, 658, 660, 668, 679, 683, 695. Dogs crossed the carriageway at 358, 466, 536, 592, 611 and 614.

## 3. VEHICLES IDENTIFIED
**CONFIRMED:**
- Bus, "Patel" model, red — turning right then continuing straight — minute 161. (The only make/model named as identified in the observations.)
- Coach marked "PATEL", light yellow/tan — minute 414.

**PROBABLE (unconfirmed):**
- White hatchback, Swift/i10 class (unconfirmed) — minute 269.
- White compact SUV, Creta/Seltos class (unconfirmed) — minute 273.
- White sedan, Dzire/Aura class (unconfirmed) — minute 273.
- White compact SUV, Creta/Seltos class (unconfirmed) — minute 276.
- White hatchback, Swift/i10 class (unconfirmed) — minute 278.
- White compact sedan, Swift/Dzire class (unconfirmed) — minute 290.
- White compact SUV, Creta/Seltos class (unconfirmed) — minute 389.
- White/silver SUV, Creta/Seltos class (unconfirmed) — minute 559.
- White SUV, Brezza class (unconfirmed) — minute 562.
- Boxy MPV/van, Eeco class (unconfirmed) — minute 562.
- White MPV, Innova-type — minute 242.
- White compact hatchback, Maruti Suzuki family (unconfirmed) — minute 614.
- Silver/white compact car, Renault Kwid family (unconfirmed) — minute 614.
- White/silver compact SUV, Creta/Seltos class (unconfirmed) — minute 710.
- White hatchback, Wagon-R class (unconfirmed) — minute 713.

All other vehicles remained generic type/colour descriptions; night, distance and motion blur prevented identification.

## 4. REGISTRATIONS READ
All reads below are single automatic reads from the video and were NOT verified against any registry; partial/garbled digits are likely misreads.
- "123456" (partial) — minute 24, white hatchback/sedan.
- "123456" (partial) — minute 35, white hatchback.
- "123456" (partial) — minute 41, white hatchback.
- "W12345" (partial) — minute 43, white hatchback.
- Ending "79" (partial) — minute 51, white hatchback.
- "123456" (partial) — minute 66, white mid-sized sedan.
- "123456" (partial) — minute 117, white hatchback; same minute, a yellow auto-rickshaw.
- "1234" (partial) — minute 155, white car.
- "1234" (partial) — minute 162, white car.

(Note: "DELIGHT P1 RLVD" is a red-light-enforcement watermark, not a registration; "TAM1" is a bus destination display.)

## 5. NOTABLE EVENTS
- Minute 42: person in dark jacket crossed in front of a parked red van (right side, rear lights on).
- Minute 52: one motorcyclist stopped twice near the intersection centre.
- Minute 119: two individuals exited an auto-rickshaw on the right and walked away across the crosswalk.
- Minute 138: black car with blue lights turned into a side street.
- Minutes 185, 197, 198: footage could not be processed (no image data).
- Minute 206: police vehicle with flashing blue lights noted.
- Minute 210: white ambulance-type van with rear doors open, near right side.
- Minute 215: person in bright orange/red clothing walking on the carriageway among moving traffic (~15s) — most significant pedestrian-safety event.
- Minute 266: large dark red/maroon van with rear doors open and interior light on, travelling toward camera.
- Minute 269: red fire tender with flashing blue/purple lights crossing the junction.
- Minute 304: group of two or three people standing around a stopped two-wheeler mid-junction (~70s).
- Minutes 350–351: vehicle with flashing red/blue lights on the far left approach; minute 353, white SUV with blue roof light (possible emergency vehicle) entering from the right; minute 361, a vehicle passed so close beneath the camera only a dark blur was visible, and a loose cable/wire hung across the road near the island.
- Minutes 361, 427, 429, 446: loose cable/wire sagging across the carriageway near the central island.
- Minutes 483–487: yellow backhoe loader parked in a roadworks area on the right, driving off ~10–15s into minute 487; a small yellow backhoe/wheeled loader also at minute 319 (~55s).
- Minutes 286–287: large green refuse truck entered ~50s in minute 286 and remained stationary in the foreground before moving away.
- Minute 424: two people pushed a street-food cart signposted "SAHU CHINESE" across the zebra (0–36s).
- Minute 496: persistent white headlight flare near the central island; man with dark backpack crossed the carriageway left-to-right.
- Minute 536: dog crossed the near zebra ~25s; minute 538: several vehicles (white car, dark car, autos) ran the red/amber signal.
- Minute 558: white MPV stopped at the stop line with front-left door open and a person in dark clothing nearby.
- Minute 599: apparent collision involving a white SUV at ~14s.
- Minute 654: ambulance with beacon running.
- Minutes 650, 672: white pickup/mini-truck carrying passengers in open beds.
- Minute 666: person in red shirt carrying a large red sack across the near zebra.
- Minute 718–719: large blue open-body tipper truck stationary in centre-foreground/at the signal.
- Branded/liveried vehicles noted: "FS COURIERS & CARGO SERVICE" van (85); buses "JAMIA" (362–363), "JALARAM" (578), "SALUJA BUS SERVICE" (582), "GURUDEV/GUILDFORD TRAVELS" (684), "HUMAN" advert (690), "AMER" LED lettering (287), "PUNJAB" livery coach (605), "TANNA"/"ANNA" (616), destination "401 Chandni" (620), "SAI" coach (644), "BALA JI ...JAIPUR" container truck (626), "AMC 15" municipal tipper (631), "ON DUTY" mini truck (629), Bharat Petroleum-type tanker (637), "R.K.M. LOGISTICS" truck (647), "PORTER" auto (659), "DELHI" coach (639), "ANC" bus text (183), GSRTC bus (36, 634).

## 6. CROWD AND CONGESTION
- Pedestrian crowds of roughly 20–50 on the right footpath near the shops: minutes 188, 189, 190, 195, and 200–215 generally (approx. 20–50 per minute); approx. 20–30 at minute 235; crowd on the right shop side at 174.
- Traffic queues at the near stop line: minutes 667, 669, 671, and from ~35s in minute 713.
- Stationary buses holding at the near stop line for whole clips: minutes 692–693 (orange/cream or yellow-orange city bus), 705 (red/pink-roofed bus), 674 (blue-and-white bus stopping in the near lane).
- Later minutes (171–173) carried approx. 15–25 vehicles and 20+ riders/pedestrians per clip. No jams or blockages otherwise; a dark bus blocked the view momentarily at minute 319.

## 7. TRAFFIC VIOLATIONS
- Minute 538: white car, dark car and several auto-rickshaws ran a red/amber signal.
- Minutes 225–249: signals showed amber/red throughout "with no signal discipline evident" among free-flowing traffic.
- Helmetless riders: repeatedly apparent (e.g. minutes 155–174 "many without visible helmets", 200–316 "mostly unhelmeted or indistinct", 355, 369, 553, 566, 575–599), though darkness prevented confirmation.
- Minute 326: two-rider motorcycle stopped on the zebra.
- Minute 441: two pedestrians crossed the carriageway off the zebra (right side).
- Minutes 709 and 719: pedestrian crossing the carriageway informally (not at a crossing).
- White SUV/police-type vehicle with blue beacon (463), emergency sedan with red/blue beacons (466) and other beacon-equipped vehicles as listed above were on duty, not violations.

## 8. PATTERN OF ACTIVITY
The scene is a permanently busy signalised city junction whose character changes mainly with the light. Evening (minutes 0–199) shows steady moderate traffic with a near-ritualistic white hatchback crossing left-to-right around the 30s mark of almost every minute, alongside buses, autos and regular rain-wet roads. After midnight (minutes 200–299) the mix shifts decisively toward two-wheelers and green-and-yellow auto-rickshaws with large pedestrian crowds idling by the right-side shops. The quietest stretch is the pre-dawn (roughly minutes 300–524): very light, free-flowing traffic, almost no pedestrians, heavy vehicles (mixers, tippers, goods lorries, intercity coaches) forming a large share of what moves. From dawn (approx. 525 onward) traffic and pedestrian activity rebuild gradually, with city buses (DTC-style red/blue-and-white), delivery three-wheelers and commuter two-wheelers increasingly dominant, and by minutes 650–719 queues begin forming at red signals. The "DELIGHT P1 RLVD" red-light-enforcement overlay recurs across the whole period, as do amber/red signal phases facing the camera, wet/reflective roads after periodic rain, dogs on the carriageway, and occasional emergency/official vehicles with beacons. Only one incident of any substance appears — the apparent collision at minute 599 — and the system raised no alerts in 720 minutes.

## 9. QUIET PERIODS
- Minutes 185, 197, 198: no observations (footage unprocessed).
- Minutes 300–524 (approx. 01:39–05:43): consistently light free-flowing overnight traffic, pedestrians almost absent, no incidents of note; quietest sustained stretch of the recording.
- Minutes 375–399, 425–474, 500–524: particularly sparse traffic and near-zero pedestrian activity.
- No minute in the entire period recorded an alert, a second collision, or any sustained obstruction.
==============================================================================

2026-09-03 04:54:41,421 - MainProcess - INFO - [cam14_stream-14] Done: {'camera_id': 'cam14_stream-14', 'segments': 0, 'failed': 0, 'skipped': 720, 'wall_seconds': 0.0, 'mean_segment_seconds': 0.0, 'mean_seek_seconds': 0.0, 'mean_vlm_seconds': 0.0, 'mean_azure_seconds': 0.0, 'mean_embed_seconds': 0.0, 'frames_sampled': 0, 'summary_seconds': 686.3, 'anchor': '2026-06-13T20:59:20.800000', 'anchor_confidence': 'ocr_verified'}
2026-09-03 04:54:49,571 - MainProcess - INFO - [AI->] https://openrouter.ai/api/v1/chat/completions z-ai/glm-5.3-flash (1 frames, max_tokens=40)
2026-09-03 04:54:49,743 - MainProcess - INFO - [AI->] https://openrouter.ai/api/v1/chat/completions z-ai/glm-5.3-flash (1 frames, max_tokens=40)
2026-09-03 04:54:52,159 - MainProcess - INFO - [AI<-] z-ai/glm-5.3-flash ok in 2.4s | prompt_tok=1442 completion_tok=15 cost=$2.742e-05 | 22 chars
2026-09-03 04:54:52,355 - MainProcess - INFO - [AI<-] z-ai/glm-5.3-flash ok in 2.8s | prompt_tok=1442 completion_tok=15 cost=$0.0002238 | 22 chars
2026-09-03 04:54:53,707 - MainProcess - INFO - [AI->] https://openrouter.ai/api/v1/chat/completions z-ai/glm-5.3-flash (12 frames, max_tokens=2600)
2026-09-03 04:54:54,664 - MainProcess - INFO - [AI->] https://openrouter.ai/api/v1/chat/completions z-ai/glm-5.3-flash (12 frames, max_tokens=2600)
2026-09-03 04:55:07,959 - MainProcess - INFO - [AI->] https://openrouter.ai/api/v1/chat/completions z-ai/glm-5.3-flash (1 frames, max_tokens=40)
2026-09-03 04:55:09,918 - MainProcess - WARNING - [cam13_stream-13] Segment #127: frame seek failed, skipping
2026-09-03 04:55:10,669 - MainProcess - INFO - [Memory] RAM: 12.6% | Process: 1.99GB | GPU: 9384/24564MB (38.2%)
2026-09-03 04:55:10,669 - MainProcess - INFO - [cam13_stream-13] #127  35/627 (  5.6%) | seg   0.00s = seek 76.93 (0f, 76.93s/frame) + vlm   0.00 + azure  0.00 + embed  0.00 | avg  20.48s | elapsed 0:11:56 | ETA 3:22:05
2026-09-03 04:55:10,942 - MainProcess - INFO - [AI<-] z-ai/glm-5.3-flash ok in 3.0s | prompt_tok=1442 completion_tok=15 cost=$0.0001119 | 22 chars
2026-09-03 04:55:12,638 - MainProcess - INFO - [AI->] https://openrouter.ai/api/v1/chat/completions z-ai/glm-5.3-flash (12 frames, max_tokens=2600)
2026-09-03 04:55:18,643 - MainProcess - WARNING - [cam13_stream-13] Segment #128: frame seek failed, skipping
2026-09-03 04:55:18,644 - MainProcess - INFO - [cam13_stream-13] #128  36/627 (  5.7%) | seg   0.00s = seek 63.40 (0f, 63.40s/frame) + vlm   0.00 + azure  0.00 + embed  0.00 | avg  20.13s | elapsed 0:12:04 | ETA 3:18:19
2026-09-03 04:55:19,467 - MainProcess - INFO - [AI<-] z-ai/glm-5.3-flash ok in 25.8s | prompt_tok=15352 completion_tok=769 cost=$0.0025721 | 3282 chars
2026-09-03 04:55:19,467 - MainProcess - INFO - [VLM] Response received. Content len: 3282, Thinking len: 0

================================================================================
🤖 [cam17_17_Rajkot_Bus_Port_CCTV] SEGMENT VLM - #599 - 2026-06-13 22:27:17
================================================================================
Recorded 13-06-2026 (Saturday) 22:27:17 to 22:27:47 at Rajkot Bus Port, camera cam17_17_Rajkot_Bus_Port_CCTV. 1. SCENE The camera ("1 CENTER") overlooks a two-wheeler parking bay and covered walkway at Rajkot Bus Port at night, lit by artificial street and shop lighting. A shuttered shop front occupies the right of frame; a lit "HOTEL JK" advertising board, a "BUS EXIT ONLY" sign and a "COTTON" shop hoarding stand at the centre. The road and bus exit are visible to the left. Road surface appears damp, suggesting recent rain. 2. TRAFFIC AND PEOPLE - Approximately 12 15 parked two-wheelers (motorcycles and scooters, mostly black, plus one white scooter and one white-and-black scooter) remain stationary in the foreground throughout the clip. - Two pedestrians (one in a light blue shirt and dark trousers, one in dark clothing) enter from the left around 30s, walk along the road edge past the parked bikes, and remain near the bike bay until the end of the clip. - On the road: a truck with headlights on (0 15s), several motorcycles with headlights on moving left to right (throughout), an orange/red GSRTC-style bus passing left to right around 35 50s, a white bus visible in the background from about 40s onward, and assorted cars and auto-rickshaws in the distance. 3. VEHICLES IDENTIFIED CONFIRMED - None identified. No badge or model marking is legible on any moving vehicle; the parked bikes' branding is not readable at this angle and lighting. PROBABLE (unconfirmed) - Orange/red state transport bus, GSRTC class (unconfirmed), passing left to right across the bus exit, ~35 50s. Lettering on its side resembles GSRTC livery but is not legible due to distance and motion blur. - White bus/coach, background left, stationary or slow-moving, ~40s to end (unconfirmed) rear/side angle, distance and darkness prevent confirmation. - Medium goods truck, dark colour, headlights on, moving left to right, ~0 15s (unconfirmed) headlight glare and motion blur. - Multiple motorcycles with headlights on, road traffic, throughout (unconfirmed) night glare. 4. REGISTRATIONS READ None legible. All plates on parked and moving vehicles are too distant, angled or glare-affected; any reads would be single automatic reads, not verified against any registry. 5. NOTABLE EVENTS None observed. Traffic flows normally; no collisions, stops in live lanes, altercations or unattended items seen. A single pair of footwear lies on the walkway near the shutter throughout, consistent with the bike-bay area and not in itself alert-worthy. 6. CROWD AND CONGESTION None observed. Pedestrian presence is light (two to four people at most at any moment); no queues or build-ups. 7. TRAFFIC VIOLATIONS None observed. 8. PATTERN OF ACTIVITY This is a quiet night-time stretch at the bus port. The dominant activity is steady road traffic moving left to right past the bus exit motorcycles, a truck, and mid-clip a large orange/red bus. The foreground bike bay is static, with no bikes parked or removed during the clip. The only change over the 55 seconds is pedestrian: two men arrive on foot around 30s and settle near the parked two-wheelers, while the bus traffic in the background shifts from a truck early on to a bus in the latter half. 9. QUIET PERIODS None observed there is continuous vehicle movement on the road throughout, even when the walkway itself is empty (0 30s).
================================================================================

Batches:   0%|          | 0/1 [00:00<?, ?it/s]Batches: 100%|██████████| 1/1 [00:00<00:00, 30.81it/s]
2026-09-03 04:55:20,359 - MainProcess - INFO - ✅ Segment #599 stored in MongoDB
✅ Segment #599 from Camera cam17_17_Rajkot_Bus_Port_CCTV stored in MongoDB
2026-09-03 04:55:20,359 - MainProcess - INFO - [cam17_17_Rajkot_Bus_Port_CCTV] segment 599 looks alert-worthy - asking z-ai/glm-5.3-flash
2026-09-03 04:55:20,359 - MainProcess - INFO - [AI->] https://openrouter.ai/api/v1/chat/completions z-ai/glm-5.3-flash (max_tokens=2000, prompt=4682 chars)
2026-09-03 04:55:22,339 - MainProcess - INFO - [AI<-] z-ai/glm-5.3-flash ok in 2.0s | prompt_tok=1161 completion_tok=7 cost=$0.00017765 | 14 chars returned
2026-09-03 04:55:22,339 - MainProcess - INFO - [cam17_17_Rajkot_Bus_Port_CCTV] ✅ Segment #599 complete
2026-09-03 04:55:25,105 - MainProcess - INFO - [Memory] RAM: 12.9% | Process: 1.92GB | GPU: 9081/24564MB (37.0%)
2026-09-03 04:55:25,105 - MainProcess - INFO - [cam17_17_Rajkot_Bus_Port_CCTV] #599  16/135 ( 11.9%) | seg  97.90s = seek 65.28 (12f, 5.44s/frame) + vlm  26.27 + azure  1.37 + embed  0.39 | avg  45.67s | elapsed 0:12:10 | ETA 1:30:34
2026-09-03 04:55:28,400 - MainProcess - INFO - [AI<-] z-ai/glm-5.3-flash ok in 33.7s | prompt_tok=15352 completion_tok=927 cost=$0.0026511 | 3787 chars
2026-09-03 04:55:28,400 - MainProcess - INFO - [VLM] Response received. Content len: 3787, Thinking len: 0

================================================================================
🤖 [cam17_17_Rajkot_Bus_Port_CCTV] SEGMENT VLM - #598 - 2026-06-13 22:26:17
================================================================================
Recorded 13-06-2026 (Saturday) 22:26:17 to 22:26:47 at Rajkot Bus Port, camera cam17_17_Rajkot_Bus_Port_CCTV. 1. SCENE The camera ("1 CENTER") overlooks a two-wheeler parking bay and covered walkway at Rajkot Bus Port at night, lit by artificial street and shop lighting. Illuminated signage is visible: "HOTEL JK" (A/C, Non A/C Rooms, Rooms start from 799/- only), a "BUS EXIT ONLY" sign, and a yellow/red advertisement board reading "COTTON" with a phone number "Mo. 87339 29701 / 702" and Gujarati text. A closed shop shutter occupies the right of frame. The road surface appears damp, suggesting recent rain. Traffic passes on the road to the left. 2. TRAFFIC AND PEOPLE - Approximately 10 12 parked motorcycles/scooters in the foreground bay, mostly black, plus one white scooter and one yellow/black motorcycle. These remain stationary throughout. - Two men crouched at the planter edge near the walkway at the start: one in a pink/salmon shirt, one in dark clothing with a backpack. The man in pink stands around 15 20s in, walks left through the parked bikes and exits toward the road by ~30s. - A man in a light shirt with a dark backpack appears near the bikes around 10s, moves left, and by ~35s stands at the roadside kerb. He remains at the kerb, apparently waiting or flagging traffic, from ~35s to the end of the clip. - A woman in a light top and dark pants walks left along the road past the parking bay around 10 15s. - A man in a dark t-shirt walks through the bike bay leftward around 20 25s. - Road traffic throughout: a bus with headlights on approaching from the left in the early seconds; a large blue/red bus passing left-to-right across the background around 10 20s; several motorcycles with headlights on; a white car around 25 30s; an auto-rickshaw (yellow/green) passing around 40 50s; another auto-rickshaw around 50 55s. 3. VEHICLES IDENTIFIED CONFIRMED: None identified. PROBABLE (unconfirmed): - Blue/white city bus, rear-only view in motion, lighting too poor to read markings (unconfirmed), ~10 20s. - Yellow/green auto-rickshaw, standard silhouette, night glare (unconfirmed), ~40 50s. - White hatchback/car, headlight glare and distance prevent confirmation (unconfirmed), ~25 30s. 4. REGISTRATIONS READ None legible. (Any plates on parked two-wheelers are at too oblique an angle and too low-resolution; these would be single automatic reads only, not verified against any registry.) 5. NOTABLE EVENTS - A pair of sandals/slippers lies abandoned on the walkway near the planter throughout the entire clip, with no owner seen returning for them. Possibly noteworthy. - The two men crouched at the planter edge in the first ~15 seconds are handling something at ground level; the man in pink then leaves and the other remains briefly before also moving off. Behaviour is not clearly explained but no offence is visible. - A man loiters at the kerb edge from ~35s to the end, close to passing traffic, appearing to wait or hail vehicles. Not itself an offence. 6. CROWD AND CONGESTION None observed. Pedestrian numbers remain low (never more than 3 4 in frame); road traffic flows freely. 7. TRAFFIC VIOLATIONS None observed. 8. PATTERN OF ACTIVITY The clip is dominated by the static parked two-wheeler bay, with light through-traffic on the road to the left buses, cars, motorcycles and auto-rickshaws all travelling left to right. Early in the clip there is brief pedestrian activity around the planter and bike bay (two crouched men, a woman and another man passing through); by the second half this has ceased and the scene settles to a single man waiting at the kerb while traffic continues to pass. No build-up or change in traffic direction is seen. 9. QUIET PERIODS None observed road traffic and at least one pedestrian are present in every sampled frame, though the walkway itself is still from ~35s onward apart from the man at the kerb.
================================================================================

Batches:   0%|          | 0/1 [00:00<?, ?it/s]Batches: 100%|██████████| 1/1 [00:00<00:00, 30.21it/s]
2026-09-03 04:55:29,291 - MainProcess - INFO - ✅ Segment #598 stored in MongoDB
✅ Segment #598 from Camera cam17_17_Rajkot_Bus_Port_CCTV stored in MongoDB
2026-09-03 04:55:29,292 - MainProcess - INFO - [cam17_17_Rajkot_Bus_Port_CCTV] segment 598 looks alert-worthy - asking z-ai/glm-5.3-flash
2026-09-03 04:55:29,292 - MainProcess - INFO - [AI->] https://openrouter.ai/api/v1/chat/completions z-ai/glm-5.3-flash (max_tokens=2000, prompt=5193 chars)
2026-09-03 04:55:30,982 - MainProcess - INFO - [AI<-] z-ai/glm-5.3-flash ok in 1.7s | prompt_tok=1323 completion_tok=35 cost=$0.000104135 | 127 chars returned
2026-09-03 04:55:30,983 - MainProcess - INFO - [cam17_17_Rajkot_Bus_Port_CCTV] segment 598 -> 1 alert(s)
2026-09-03 04:55:30,983 - MainProcess - WARNING - [cam17_17_Rajkot_Bus_Port_CCTV] no VMS device id in camera_did_map.json - alert skipped: Pair of sandals abandoned on walkway near planter, no owner seen all clip
2026-09-03 04:55:30,983 - MainProcess - INFO - [cam17_17_Rajkot_Bus_Port_CCTV] ✅ Segment #598 complete
2026-09-03 04:55:30,986 - MainProcess - INFO - [cam17_17_Rajkot_Bus_Port_CCTV] #598  17/135 ( 12.6%) | seg 106.71s = seek 65.28 (12f, 5.44s/frame) + vlm  34.24 + azure  2.16 + embed  0.39 | avg  43.33s | elapsed 0:12:16 | ETA 1:25:13
2026-09-03 04:55:43,422 - MainProcess - INFO - [AI<-] z-ai/glm-5.3-flash ok in 30.8s | prompt_tok=15352 completion_tok=972 cost=$0.00095328 | 3949 chars
2026-09-03 04:55:43,422 - MainProcess - INFO - [VLM] Response received. Content len: 3949, Thinking len: 0

================================================================================
🤖 [cam17_17_Rajkot_Bus_Port_CCTV] SEGMENT VLM - #600 - 2026-06-13 22:28:17
================================================================================
Recorded 13-06-2026 (Saturday) 22:28:17 to 22:28:47 at Rajkot Bus Port, camera cam17_17_Rajkot_Bus_Port_CCTV. 1. SCENE Camera "1 CENTER" overlooks a two-wheeler parking bay and covered walkway at Rajkot Bus Port, with a view out onto the adjoining public road. Illuminated signage is visible: "HOTEL JK" (A/C, Non A/C Rooms, Rooms start from 799/- only), a "BUS EXIT ONLY" sign, a yellow "COTTON" shop hoarding with Gujarati text and mobile numbers, and a bus-stop sign in Gujarati. It is night; the scene is lit by streetlights, shop signage and vehicle headlights, with some glare and motion blur on the road. 2. TRAFFIC AND PEOPLE - Approximately 12 15 parked two-wheelers (motorcycles and scooters, mostly black/dark, one white scooter, one with yellow accents) filling the parking bay in the foreground; stationary throughout. - A pair of slippers/footwear lying unattended on the walkway near the shutter, present throughout. - Pedestrians: a group of 3 4 men near the parking edge at the start (0 5s), including one in a light blue shirt and one in a white t-shirt; the man in the light blue shirt remains near the parked bikes for most of the clip, at times looking at a phone. A man in a white shirt walks right along the planter around 5 15s. A person in dark clothing stands near the planter/shutter edge through much of the clip. Around 40 55s, two or three men (white t-shirt, blue shirt) stand near the bus talking. - Road traffic: an auto-rickshaw (green/dark) travels away from camera on the road around 10 20s; a motorcycle with headlight on passes left to right around 20 25s; a yellow auto-rickshaw crosses around 30s; a white bus with red/orange livery enters from the left around 40s and moves slowly rightward, its side showing "GSRTC" text by 45 55s, still in frame at the end. 3. VEHICLES IDENTIFIED CONFIRMED: - GSRTC public transport bus, white with red/orange stripe livery, "GSRTC" legible on the side, entering from left and moving slowly right along the bus exit lane, ~40s to end of clip. PROBABLE (unconfirmed): - Green/dark three-wheeler auto-rickshaw, moving away from camera on the road, ~10 20s (unconfirmed) small size, darkness and angle prevent further detail. - Yellow three-wheeler auto-rickshaw, crossing the road left of frame, ~30s (unconfirmed) motion blur and headlight glare. - Motorcycle with rider, headlight on, travelling left to right on the road, ~20 25s (unconfirmed) night glare, no readable markings. 4. REGISTRATIONS READ None legible. (Any plates on parked two-wheelers are too small, angled or dark to read; these would be single automatic reads in any case, not verified against any registry.) 5. NOTABLE EVENTS - A pair of slippers lies unattended on the walkway near the closed shutter for the entire clip (~0 55s); possibly abandoned property, worth noting. - A person in dark clothing loiters at the edge of the parking bay/planter area for a large part of the clip (~0 40s) without obvious purpose, before moving off toward the bus area. - No collisions, altercations or restricted-area breaches observed. 6. CROWD AND CONGESTION None observed. Pedestrian numbers remain low (under 6 at any time); road traffic flows freely. 7. TRAFFIC VIOLATIONS None observed. 8. PATTERN OF ACTIVITY The clip is dominated by a static, full two-wheeler parking bay in the foreground and light, free-flowing road traffic in the background, mostly three-wheelers and two-wheelers moving left to right. The main change across the 55 seconds is the arrival of a GSRTC bus around 40s, which enters slowly from the left along the bus exit lane and remains in frame at the end, drawing two or three pedestrians toward it consistent with a bus arrival and boarding/alighting activity late in the clip. Early frames show a small group of men dispersing from the parking edge; late frames show activity concentrated near the bus. 9. QUIET PERIODS None observed there is continuous pedestrian or vehicle movement on the road throughout, though the walkway itself is still apart from passing individuals.
================================================================================

Batches:   0%|          | 0/1 [00:00<?, ?it/s]Batches: 100%|██████████| 1/1 [00:00<00:00, 11.08it/s]
2026-09-03 04:55:44,375 - MainProcess - INFO - ✅ Segment #600 stored in MongoDB
✅ Segment #600 from Camera cam17_17_Rajkot_Bus_Port_CCTV stored in MongoDB
2026-09-03 04:55:44,376 - MainProcess - INFO - [cam17_17_Rajkot_Bus_Port_CCTV] segment 600 looks alert-worthy - asking z-ai/glm-5.3-flash
2026-09-03 04:55:44,376 - MainProcess - INFO - [AI->] https://openrouter.ai/api/v1/chat/completions z-ai/glm-5.3-flash (max_tokens=2000, prompt=5309 chars)
2026-09-03 04:55:44,732 - MainProcess - WARNING - [cam13_stream-13] Segment #129: frame seek failed, skipping
2026-09-03 04:55:45,227 - MainProcess - INFO - [AI->] https://openrouter.ai/api/v1/chat/completions z-ai/glm-5.3-flash (12 frames, max_tokens=2600)
2026-09-03 04:55:45,839 - MainProcess - INFO - [Memory] RAM: 12.7% | Process: 1.98GB | GPU: 9641/24564MB (39.2%)
2026-09-03 04:55:45,840 - MainProcess - INFO - [cam13_stream-13] #129  37/627 (  5.9%) | seg   0.00s = seek 81.19 (0f, 81.19s/frame) + vlm   0.00 + azure  0.00 + embed  0.00 | avg  20.32s | elapsed 0:12:32 | ETA 3:19:51
2026-09-03 04:55:47,550 - MainProcess - INFO - [AI<-] z-ai/glm-5.3-flash ok in 3.2s | prompt_tok=1359 completion_tok=79 cost=$0.000117835 | 122 chars returned
2026-09-03 04:55:47,550 - MainProcess - INFO - [cam17_17_Rajkot_Bus_Port_CCTV] segment 600 -> 1 alert(s)
2026-09-03 04:55:47,550 - MainProcess - WARNING - [cam17_17_Rajkot_Bus_Port_CCTV] no VMS device id in camera_did_map.json - alert skipped: Person in dark clothing loitering at parking bay/planter edge ~40s
2026-09-03 04:55:47,551 - MainProcess - INFO - [cam17_17_Rajkot_Bus_Port_CCTV] ✅ Segment #600 complete
2026-09-03 04:55:47,555 - MainProcess - INFO - [cam17_17_Rajkot_Bus_Port_CCTV] #600  18/135 ( 13.3%) | seg 117.21s = seek 77.60 (12f, 6.47s/frame) + vlm  31.29 + azure  1.53 + embed  0.45 | avg  41.84s | elapsed 0:12:33 | ETA 1:21:35
2026-09-03 04:55:52,339 - MainProcess - INFO - [AI->] https://openrouter.ai/api/v1/chat/completions z-ai/glm-5.3-flash (12 frames, max_tokens=2600)
2026-09-03 04:56:02,775 - MainProcess - INFO - [AI->] https://openrouter.ai/api/v1/chat/completions z-ai/glm-5.3-flash (12 frames, max_tokens=2600)
2026-09-03 04:56:06,694 - MainProcess - INFO - [AI<-] z-ai/glm-5.3-flash ok in 14.4s | prompt_tok=15352 completion_tok=1165 cost=$0.0028853 | 4108 chars
2026-09-03 04:56:06,694 - MainProcess - INFO - [VLM] Response received. Content len: 4108, Thinking len: 373

================================================================================
🤖 [cam15_stream-15] SEGMENT VLM - #671 - 2026-06-14 08:10:57
================================================================================
Recorded 14-06-2026 (Sunday) 08:10:57 to 08:11:27 at Suvidhapark, camera cam15_stream-15. 1. SCENE The camera overlooks a signalised road junction at Suvidhapark (camera label "Suvidhapark P3 RLVD" visible bottom right), with zebra crossings on all approaches, a traffic signal pole on the right, and a footpath/building line on the left. Conditions are daylight, dry road, clear shadows indicating morning. Signal heads show amber at several points in the clip. 2. TRAFFIC AND PEOPLE Light-to-moderate mixed traffic throughout: approximately 10 12 two-wheelers (scooters and motorcycles, various colours), 3 4 yellow-and-green auto-rickshaws, one grey hatchback, one white MPV, one black SUV, one white MPV/minivan, one white three-wheeled goods carrier, and 2 3 cyclists. Two pedestrians: one in a light green top and dark trousers crossing from the right footpath toward the left across the junction around 7s 14s, and one person in a white shirt riding a white scooter. Riders are mostly single; one scooter at 46s carries two people (rider in white, pillion in a beige/tan outfit). 3. VEHICLES IDENTIFIED CONFIRMED: None identified. No badges are legible at this resolution and angle. PROBABLE (unconfirmed): - Grey compact hatchback, i20/Baleno class (unconfirmed), crossing right-to-left across the junction, 7s 14s rear/side angle and motion blur prevent badge reading. - White MPV, Innova/Ertiga class (unconfirmed), entering from the right and turning across the junction, 7s 14s distance and angle. - Black compact SUV, Creta/Seltos class (unconfirmed), approaching from the bottom of frame and crossing away, 14s rear-only view. - White MPV, Marazzo/Ertiga class (unconfirmed), crossing right-to-left, 21s side profile only, no badge visible. - White scooter with rider in white shirt, helmetless, crossing the near zebra, 0s and again 41s (possibly the same rider type, cannot confirm identity). 4. REGISTRATIONS READ GJ 01 WK 6978 (read as a single automatic read, not verified against any registry) black SUV, rear plate, at 14s. Plate is small and partially soft; characters should be treated as provisional. No other plates are legible; auto-rickshaw and scooter plates are too small or blurred. 5. NOTABLE EVENTS - A pedestrian in a light green top walks across the main carriageway of the junction on foot (not on the marked crossing for part of the path) between roughly 7s and 14s, passing in front of moving traffic including the grey hatchback no collision, but a potential conflict worth noting. - At 8s the grey hatchback is seen passing very close to the crossing pedestrian; no contact observed. - Occasional digital compression artefacts (blocky ghosting) appear around 8s, 32s and 56s; these are recording artefacts, not smoke or objects. - No collisions, stops in live lanes, unattended items or altercations observed. 6. CROWD AND CONGESTION None observed. Traffic flows freely in all directions throughout; no queues or build-ups at any point. 7. TRAFFIC VIOLATIONS - Helmetless riders observed on multiple two-wheelers, including the white-scooter rider at 0s and the motorcycle rider at 31s. - The pedestrian crossing partially off the marked zebra between 7s and 14s as noted above. - Vehicles appear to move through the junction while the signal shows amber (e.g. 21s, 49s); no clear red-light jump can be confirmed from these frames. 8. PATTERN OF ACTIVITY This is a free-flowing city junction in morning traffic. Movement is multi-directional two-wheelers and auto-rickshaws dominate, crossing the junction in all four directions with no single dominant flow, though the heaviest movement is across the frame from right to left. Early frames show scooters and a grey hatchback clearing the junction; the middle of the clip brings larger vehicles (black SUV, white MPVs, goods three-wheeler); the later frames return to scooters, auto-rickshaws and a cycle-mounted load carrier. Traffic never queues; the signal cycles with vehicles clearing on green/amber phases. 9. QUIET PERIODS The junction is nearly empty around 25s and again around 49s 52s, when only one or two distant vehicles are moving; otherwise traffic is present throughout.
================================================================================

Batches:   0%|          | 0/1 [00:00<?, ?it/s]Batches: 100%|██████████| 1/1 [00:00<00:00, 27.90it/s]
2026-09-03 04:56:07,586 - MainProcess - INFO - ✅ Segment #671 stored in MongoDB
✅ Segment #671 from Camera cam15_stream-15 stored in MongoDB
2026-09-03 04:56:07,587 - MainProcess - INFO - [cam15_stream-15] segment 671 looks alert-worthy - asking z-ai/glm-5.3-flash
2026-09-03 04:56:07,587 - MainProcess - INFO - [AI->] https://openrouter.ai/api/v1/chat/completions z-ai/glm-5.3-flash (max_tokens=2000, prompt=5291 chars)
2026-09-03 04:56:10,626 - MainProcess - WARNING - [cam13_stream-13] Segment #130: frame seek failed, skipping
2026-09-03 04:56:10,626 - MainProcess - INFO - [cam13_stream-13] #130  38/627 (  6.1%) | seg   0.00s = seek 60.71 (0f, 60.71s/frame) + vlm   0.00 + azure  0.00 + embed  0.00 | avg  20.44s | elapsed 0:12:56 | ETA 3:20:40
2026-09-03 04:56:13,346 - MainProcess - INFO - [AI<-] z-ai/glm-5.3-flash ok in 5.8s | prompt_tok=1328 completion_tok=146 cost=$0.00013226 | 325 chars returned
2026-09-03 04:56:13,347 - MainProcess - INFO - [cam15_stream-15] segment 671 -> 3 alert(s)
2026-09-03 04:56:13,347 - MainProcess - WARNING - [cam15_stream-15] no VMS device id in camera_did_map.json - alert skipped: Helmetless riders on multiple two-wheelers, incl. white scooter rider
2026-09-03 04:56:13,347 - MainProcess - WARNING - [cam15_stream-15] no VMS device id in camera_did_map.json - alert skipped: Pedestrian crossing partially off zebra, near-miss with grey hatchback
2026-09-03 04:56:13,347 - MainProcess - WARNING - [cam15_stream-15] no VMS device id in camera_did_map.json - alert skipped: Unconfirmed plate read GJ 01 WK 6978 on black SUV
2026-09-03 04:56:13,347 - MainProcess - INFO - [cam15_stream-15] ✅ Segment #671 complete
2026-09-03 04:56:13,773 - MainProcess - INFO - [AI<-] z-ai/glm-5.3-flash ok in 11.0s | prompt_tok=15352 completion_tok=1138 cost=$0.0028718 | 4727 chars
2026-09-03 04:56:13,774 - MainProcess - INFO - [VLM] Response received. Content len: 4727, Thinking len: 0

================================================================================
🤖 [cam15_stream-15] SEGMENT VLM - #670 - 2026-06-14 08:09:57
================================================================================
Recorded 14-06-2026 (Sunday) 08:09:57 to 08:10:27 at Suvidhapark, camera cam15_stream-15. 1. SCENE The camera overlooks a signalised road junction at Suvidhapark (camera label "Suvidhapark P3 RLVD" visible bottom right). Zebra crossings mark all approaches; a traffic signal pole with a red/amber aspect is visible on the right, together with a red-and-white bollard and a circular traffic sign on the right kerb. A small shelter/structure sits on the left. Daylight, overcast/hazy conditions; the junction is largely empty at the start and grows busier as the clip progresses. 2. TRAFFIC AND PEOPLE - At 0s: one motorcycle with three riders (light/white shirts, dark trousers) waiting at the right kerb near the stop line; it moves off right and exits by ~5s. - ~14s: a green-and-yellow auto-rickshaw crosses the junction centre travelling away from camera; a second green auto-rickshaw enters from the right and crosses leftward; a rider in white on a pink/red scooter travels away from camera; a white car is partially visible at the right edge. - ~19s: a silver/grey hatchback crosses the junction left to right; a white hatchback/MPV enters from the left crossing rightward; a white scooter with two riders crosses top right; a rider in blue on a motorcycle at the right. - ~24s: a white car crosses the far side of the junction; a man in a light blue shirt and dark trousers begins crossing the junction from the right kerb toward the left, on foot, off the zebra. - ~29s: a rider in a blue check shirt on a white scooter crosses the near zebra leftward; the walking man continues across the carriageway. - ~34s: the man in the light shirt continues left; a red motorcycle with two riders crosses the far left. - ~39s: a scooter with two riders (one in yellow/brown) crosses left to right; a man in a dark blue t-shirt and khaki trousers enters from the left footway and begins walking across the junction. - ~45s: a green-and-yellow auto-rickshaw crosses right to left at the top of frame; motorcycles at the top right; the man in the blue t-shirt mid-crossing. - ~49-53s: the man in the blue t-shirt continues rightward across the junction and reaches the right kerb by the end of the clip; a white scooter and a dark scooter cross the far approaches. Total: roughly 10-12 two/three-wheelers, 3-4 cars, 2 auto-rickshaws, and 2 pedestrians crossing on foot. 3. VEHICLES IDENTIFIED CONFIRMED None identified. PROBABLE (unconfirmed) - Silver/grey compact hatchback, Santro/i10 class (unconfirmed), ~19s - side angle, motion blur, no badge or plate legible. - White compact hatchback/MPV, Wagon-R class (unconfirmed), ~19s - rear three-quarter angle, distance. - Green-and-yellow auto-rickshaw (unconfirmed), ~14s and ~45s - rear/top angles only. - Pink/red scooter with rider in white (unconfirmed), ~14s - rear angle, motion blur. - White scooter with two riders (unconfirmed), ~29s - rear angle, distance. 4. REGISTRATIONS READ None legible. (Any plate-shaped marks are too small/blurred; these would be single automatic reads only, not verified against any registry.) 5. NOTABLE EVENTS - ~24-38s: a male pedestrian in a light blue shirt and dark trousers crosses the full width of the junction on foot, diagonally and not on a zebra crossing, walking between moving vehicles. - ~40-53s: a second male pedestrian in a dark blue t-shirt and khaki trousers likewise crosses the junction on foot away from the marked crossings, taking roughly 13 seconds to clear the carriageway. No collisions, near-misses, or other incidents observed. 6. CROWD AND CONGESTION None observed. Traffic remains free-flowing throughout; no queues or build-ups form at the stop lines. 7. TRAFFIC VIOLATIONS - ~24-38s and ~40-53s: two pedestrians crossing the carriageway off the designated zebra crossings (jaywalking). - ~0s: motorcycle at the right kerb carrying three occupants (rider plus two pillion), visible while stationary at the signal. No helmetless riders can be confirmed at this resolution; no wrong-way driving or signal jumping clearly observed. 8. PATTERN OF ACTIVITY The clip opens with an almost empty junction with a single three-rider motorcycle waiting at the right kerb. From ~14s onward the signal changes and traffic flows in mixed directions - autos, scooters and cars clearing the junction in small platoons. The dominant movement is across the junction on the far (top) axis, with lighter flow on the near approach. The later part of the clip is quieter for vehicles but features two pedestrians crossing the wide junction on foot outside the marked crossings, the second still clearing at the end of the footage. 9. QUIET PERIODS - ~5-13s: junction empty of moving traffic after the initial motorcycle departs. - ~55s to end: only the last pedestrian finishing his crossing; no vehicles in frame.
================================================================================

Batches:   0%|          | 0/1 [00:00<?, ?it/s]Batches: 100%|██████████| 1/1 [00:00<00:00, 18.09it/s]
2026-09-03 04:56:14,683 - MainProcess - INFO - ✅ Segment #670 stored in MongoDB
✅ Segment #670 from Camera cam15_stream-15 stored in MongoDB
2026-09-03 04:56:14,684 - MainProcess - INFO - [cam15_stream-15] segment 670 looks alert-worthy - asking z-ai/glm-5.3-flash
2026-09-03 04:56:14,684 - MainProcess - INFO - [AI->] https://openrouter.ai/api/v1/chat/completions z-ai/glm-5.3-flash (max_tokens=2000, prompt=5291 chars)
2026-09-03 04:56:15,853 - MainProcess - INFO - [Memory] RAM: 12.9% | Process: 1.94GB | GPU: 7431/24564MB (30.3%)
2026-09-03 04:56:15,853 - MainProcess - INFO - [cam15_stream-15] #671  15/64 ( 23.4%) | seg 103.40s = seek 80.75 (12f, 6.73s/frame) + vlm  14.86 + azure  1.20 + embed  0.39 | avg  52.06s | elapsed 0:13:00 | ETA 0:42:30
2026-09-03 04:56:18,739 - MainProcess - INFO - [AI<-] z-ai/glm-5.3-flash ok in 4.1s | prompt_tok=1349 completion_tok=98 cost=$0.00025135 | 295 chars returned
2026-09-03 04:56:18,739 - MainProcess - INFO - [cam15_stream-15] segment 670 alert suppressed (cooldown): Pedestrian crossing carriageway off zebra, ~24-38s
2026-09-03 04:56:18,739 - MainProcess - INFO - [cam15_stream-15] segment 670 -> 2 alert(s)
2026-09-03 04:56:18,739 - MainProcess - WARNING - [cam15_stream-15] no VMS device id in camera_did_map.json - alert skipped: Second pedestrian crossing junction off crossing, ~40-53s
2026-09-03 04:56:18,739 - MainProcess - WARNING - [cam15_stream-15] no VMS device id in camera_did_map.json - alert skipped: Motorcycle carrying three occupants at signal, ~0s
2026-09-03 04:56:18,740 - MainProcess - INFO - [cam15_stream-15] ✅ Segment #670 complete
2026-09-03 04:56:18,747 - MainProcess - INFO - [cam15_stream-15] #670  16/64 ( 25.0%) | seg 110.51s = seek 92.80 (12f, 7.73s/frame) + vlm  11.50 + azure  1.49 + embed  0.41 | avg  48.98s | elapsed 0:13:03 | ETA 0:39:11
2026-09-03 04:56:36,634 - MainProcess - INFO - [AI->] https://openrouter.ai/api/v1/chat/completions z-ai/glm-5.3-flash (1 frames, max_tokens=40)
2026-09-03 04:56:37,641 - MainProcess - WARNING - [cam13_stream-13] Segment #131: frame seek failed, skipping
2026-09-03 04:56:38,670 - MainProcess - INFO - [Memory] RAM: 12.6% | Process: 1.93GB | GPU: 9270/24564MB (37.7%)
2026-09-03 04:56:38,671 - MainProcess - INFO - [cam13_stream-13] #131  39/627 (  6.2%) | seg   0.00s = seek 79.00 (0f, 79.00s/frame) + vlm   0.00 + azure  0.00 + embed  0.00 | avg  20.64s | elapsed 0:13:24 | ETA 3:22:14
2026-09-03 04:56:44,106 - MainProcess - INFO - [AI->] https://openrouter.ai/api/v1/chat/completions z-ai/glm-5.3-flash (1 frames, max_tokens=40)
2026-09-03 04:56:46,895 - MainProcess - INFO - [AI<-] z-ai/glm-5.3-flash ok in 2.8s | prompt_tok=1442 completion_tok=15 cost=$0.0002238 | 22 chars
2026-09-03 04:56:48,442 - MainProcess - INFO - [AI->] https://openrouter.ai/api/v1/chat/completions z-ai/glm-5.3-flash (12 frames, max_tokens=2600)
2026-09-03 04:56:49,292 - MainProcess - INFO - [AI<-] z-ai/glm-5.3-flash ok in 12.7s | prompt_tok=1442 completion_tok=15 cost=$0.0002238 | 22 chars
2026-09-03 04:56:50,463 - MainProcess - INFO - [AI->] https://openrouter.ai/api/v1/chat/completions z-ai/glm-5.3-flash (12 frames, max_tokens=2600)
2026-09-03 04:57:01,631 - MainProcess - INFO - [AI->] https://openrouter.ai/api/v1/chat/completions z-ai/glm-5.3-flash (1 frames, max_tokens=40)
2026-09-03 04:57:02,175 - MainProcess - WARNING - [cam13_stream-13] Segment #132: frame seek failed, skipping
2026-09-03 04:57:02,175 - MainProcess - INFO - [cam13_stream-13] #132  40/627 (  6.4%) | seg   0.00s = seek 77.44 (0f, 77.44s/frame) + vlm   0.00 + azure  0.00 + embed  0.00 | avg  20.71s | elapsed 0:13:48 | ETA 3:22:36
2026-09-03 04:57:03,548 - MainProcess - INFO - [AI<-] z-ai/glm-5.3-flash ok in 1.9s | prompt_tok=1442 completion_tok=15 cost=$2.742e-05 | 22 chars
2026-09-03 04:57:05,099 - MainProcess - INFO - [AI->] https://openrouter.ai/api/v1/chat/completions z-ai/glm-5.3-flash (12 frames, max_tokens=2600)
2026-09-03 04:57:20,579 - MainProcess - INFO - [AI<-] z-ai/glm-5.3-flash ok in 30.1s | prompt_tok=15352 completion_tok=911 cost=$0.0026431 | 3740 chars
2026-09-03 04:57:20,579 - MainProcess - INFO - [VLM] Response received. Content len: 3740, Thinking len: 0
2026-09-03 04:57:20,581 - MainProcess - INFO - [AI<-] z-ai/glm-5.3-flash ok in 32.1s | prompt_tok=15352 completion_tok=917 cost=$0.00092578 | 3922 chars
2026-09-03 04:57:20,581 - MainProcess - INFO - [VLM] Response received. Content len: 3922, Thinking len: 0

================================================================================
🤖 [cam17_17_Rajkot_Bus_Port_CCTV] SEGMENT VLM - #601 - 2026-06-13 22:29:17
================================================================================
Recorded 13-06-2026 (Saturday) 22:29:17 to 22:29:47 at Rajkot Bus Port, camera cam17_17_Rajkot_Bus_Port_CCTV. 1. SCENE The camera ("1 CENTER") overlooks a covered walkway and two-wheeler parking bay at Rajkot Bus Port, with a view out onto the bus exit lane and the road beyond. Night-time footage under artificial lighting; the road surface appears wet, suggesting recent rain. Illuminated signage is visible: "HOTEL JK" (2nd floor, AC/non-AC rooms, rooms from 799), a "BUS EXIT ONLY" sign, a yellow "COTTON" advertisement board with Gujarati text and mobile numbers 87339 29701 / 702, and a shop with a closed metal shutter on the right. A pair of sandals lies unattended on the walkway floor throughout. 2. TRAFFIC AND PEOPLE - Parked two-wheelers: approximately 12 15 motorcycles and scooters, mostly black, plus at least one white scooter and one yellow/black motorcycle, stationary throughout the clip. - One GSRTC bus (pale blue/white livery) moving out through the exit lane early in the clip. - One orange/white GSRTC bus entering and stopping in the exit lane from about 35s onward. - A further blue/white GSRTC bus visible on the road behind, moving left to right around 20 40s. - People: a man in a blue shirt standing near the bus exit (0 15s), who raises a phone as if photographing/filming around 10s, then walks right and sits on the planter edge near the parked bikes from about 40s to the end. A man in a white shirt and dark trousers near the departing bus (0 5s). A helmeted rider on a motorcycle with headlight on passing through the exit lane around 20 30s. One or two figures partially visible at the bottom-left edge near the parked bikes throughout. 3. VEHICLES IDENTIFIED CONFIRMED: - GSRTC bus, pale blue/white livery, "GSRTC" legible on the side, moving away from camera through the bus exit, 0 15s. - GSRTC bus, orange/white livery, "GSRTC" legible on the side, entering from the right and stopping in the exit lane, from about 35s to end of clip. PROBABLE (unconfirmed): - Blue/white bus on the road behind the exit lane, GSRTC-type ST bus family (unconfirmed), 20 40s distance, motion blur and partial obstruction by signage prevent confirmation. - Motorcycle with rider, headlight on, moving through the exit lane (unconfirmed), 20 30s rear angle and darkness prevent any model identification. 4. REGISTRATIONS READ None legible. (Any registration plates present are too distant, angled or blurred; all reads would be single automatic reads, not verified against any registry.) 5. NOTABLE EVENTS - A pair of sandals lies unattended on the walkway near the shutter for the full 55 seconds with no owner visible nearby possibly innocuous, noted for completeness. - No collisions, altercations, or restricted-area access observed. 6. CROWD AND CONGESTION None observed. Pedestrian presence is light (roughly 3 4 individuals) and no queues or build-ups form. 7. TRAFFIC VIOLATIONS None observed. Buses move through the marked "BUS EXIT ONLY" lane in the intended direction. 8. PATTERN OF ACTIVITY This is routine night-time bus-port activity. The dominant traffic is GSRTC buses using the exit lane, moving from the stand out to the road (left to right in the upper portion of frame). Early in the clip a pale blue GSRTC bus departs; mid-clip the lane is briefly occupied by a passing motorcycle and a blue bus on the road behind; late in the clip an orange GSRTC bus enters and halts in the exit lane, where it remains at the end of the footage. The man in the blue shirt is the only persistent pedestrian, moving from the exit kerb to sit near the parked two-wheelers. The parked two-wheeler bay and the shuttered shop show no change throughout. 9. QUIET PERIODS None observed bus and pedestrian movement continues across the whole 55 seconds, and the parked-bike area is never fully empty of activity.
================================================================================

Batches:   0%|          | 0/1 [00:00<?, ?it/s]
================================================================================
🤖 [cam17_17_Rajkot_Bus_Port_CCTV] SEGMENT VLM - #602 - 2026-06-13 22:30:17
================================================================================
Recorded 13-06-2026 (Saturday) 22:30:17 to 22:30:47 at Rajkot Bus Port, camera cam17_17_Rajkot_Bus_Port_CCTV. 1. SCENE The camera ("1 CENTER") overlooks a covered walkway and two-wheeler parking bay at the edge of Rajkot Bus Port, with a view out onto the adjacent street and bus stand road. It is night; the scene is lit by street and shop lighting, and the road surface appears wet and reflective, suggesting recent rain. Illuminated signage is visible, including "HOTEL JK" (2nd floor, rooms from 799/-), a "BUS EXIT ONLY" sign, a yellow/red "COTTON" advertisement board with a phone number (87339 29701 / 702), and Gujarati-language parking signs. Shop shutters on the right are closed. 2. TRAFFIC AND PEOPLE - Parked two-wheelers: approximately 12 15 motorcycles and scooters, mostly black, plus at least two white scooters, stationary in the foreground throughout the clip. - One orange-and-white GSRTC bus, moving slowly along the bus stand road from left to right across the first ~45 seconds of the clip. - A second orange/white bus visible further back in the early frames, also moving right. - Around 40s in, a motorcycle with a bright headlight approaches from the left on the road, followed by an auto-rickshaw and a white car/light vehicle entering from the left about 45s in. - One man in a blue/grey shirt, seated on the kerb beside the parked bikes near the shrubs, present throughout the clip, occasionally shifting position and appearing to look at something in his hands (possibly a phone). - A person in a white shirt visible at the extreme bottom-left edge in the later frames, mostly out of frame. - A pair of sandals lies unattended on the walkway near the right, present throughout. 3. VEHICLES IDENTIFIED CONFIRMED: - GSRTC (Gujarat State Road Transport Corporation) orange-and-white livery bus, registration not legible, travelling left to right along the bus stand road, seen from 0s through roughly 45s. PROBABLE (unconfirmed): - Second orange/white bus, GSRTC-type livery (unconfirmed), rear three-quarter angle and distance prevent confirmation, 0s 20s. - White car/hatchback entering from the left on the road (unconfirmed), headlight glare and distance, ~45s 55s. - Auto-rickshaw, black/yellow type (unconfirmed), distance and darkness, ~45s 55s. - Motorcycle approaching from the left with high-beam headlight (unconfirmed), glare, ~40s 50s. 4. REGISTRATIONS READ None legible. (Any plate-shaped marks on the parked two-wheelers are too small, angled or blurred to read; these are single automatic reads at best and not verified against any registry.) 5. NOTABLE EVENTS - A pair of sandals remains unattended on the walkway near the right of frame for the full 55 seconds, with no owner seen near them. This may be innocent but is noted for completeness. - The seated man in the blue/grey shirt remains in the same spot by the parked bikes for the entire clip without any visible interaction; consistent with loitering/waiting but not in itself suspicious. - No collisions, near-misses, altercations or restricted-area access observed. 6. CROWD AND CONGESTION None observed. Pedestrian presence is minimal; the road traffic is light and free-flowing. 7. TRAFFIC VIOLATIONS None observed. 8. PATTERN OF ACTIVITY The clip is dominated by slow GSRTC bus movement along the bus stand road, travelling left to right, consistent with buses exiting the stand. The foreground is static: parked two-wheelers and one seated man do not change materially. In the final ~15 seconds the buses clear the frame and general road traffic (motorcycle, auto-rickshaw, car) begins to appear from the left, so activity shifts from bus movements to ordinary street traffic. The wet road suggests rain shortly before or during the period. 9. QUIET PERIODS None observed in the sense of total stillness the buses move continuously through the first ~45 seconds and road traffic follows. The foreground (parking bay, walkway) is quiet throughout, with the only movement there being minor shifts by the seated man.
================================================================================

Batches: 100%|██████████| 1/1 [00:00<00:00, 28.95it/s]
Batches:   0%|          | 0/1 [00:00<?, ?it/s]Batches: 100%|██████████| 1/1 [00:00<00:00, 29.77it/s]
2026-09-03 04:57:21,470 - MainProcess - INFO - ✅ Segment #601 stored in MongoDB
✅ Segment #601 from Camera cam17_17_Rajkot_Bus_Port_CCTV stored in MongoDB
2026-09-03 04:57:21,471 - MainProcess - INFO - [cam17_17_Rajkot_Bus_Port_CCTV] segment 601 looks alert-worthy - asking z-ai/glm-5.3-flash
2026-09-03 04:57:21,471 - MainProcess - INFO - [AI->] https://openrouter.ai/api/v1/chat/completions z-ai/glm-5.3-flash (max_tokens=2000, prompt=5141 chars)
2026-09-03 04:57:21,541 - MainProcess - INFO - ✅ Segment #602 stored in MongoDB
✅ Segment #602 from Camera cam17_17_Rajkot_Bus_Port_CCTV stored in MongoDB
2026-09-03 04:57:21,541 - MainProcess - INFO - [cam17_17_Rajkot_Bus_Port_CCTV] segment 602 looks alert-worthy - asking z-ai/glm-5.3-flash
2026-09-03 04:57:21,541 - MainProcess - INFO - [AI->] https://openrouter.ai/api/v1/chat/completions z-ai/glm-5.3-flash (max_tokens=2000, prompt=5309 chars)
2026-09-03 04:57:24,656 - MainProcess - INFO - [AI<-] z-ai/glm-5.3-flash ok in 3.1s | prompt_tok=1311 completion_tok=41 cost=$0.000108575 | 14 chars returned
2026-09-03 04:57:24,656 - MainProcess - INFO - [cam17_17_Rajkot_Bus_Port_CCTV] ✅ Segment #602 complete
2026-09-03 04:57:25,210 - MainProcess - INFO - [AI<-] z-ai/glm-5.3-flash ok in 3.7s | prompt_tok=1305 completion_tok=67 cost=$0.000114625 | 121 chars returned
2026-09-03 04:57:25,211 - MainProcess - INFO - [cam17_17_Rajkot_Bus_Port_CCTV] segment 601 -> 1 alert(s)
2026-09-03 04:57:25,211 - MainProcess - WARNING - [cam17_17_Rajkot_Bus_Port_CCTV] no VMS device id in camera_did_map.json - alert skipped: Pair of sandals left unattended on walkway, no owner visible nearby
2026-09-03 04:57:25,211 - MainProcess - INFO - [cam17_17_Rajkot_Bus_Port_CCTV] ✅ Segment #601 complete
2026-09-03 04:57:25,744 - MainProcess - INFO - [Memory] RAM: 12.8% | Process: 2.02GB | GPU: 9056/24564MB (36.9%)
2026-09-03 04:57:25,744 - MainProcess - INFO - [cam17_17_Rajkot_Bus_Port_CCTV] #602  19/135 ( 14.1%) | seg 113.67s = seek 73.11 (12f, 6.09s/frame) + vlm  32.65 + azure  1.39 + embed  0.46 | avg  44.81s | elapsed 0:14:11 | ETA 1:26:37
2026-09-03 04:57:25,744 - MainProcess - INFO - [cam17_17_Rajkot_Bus_Port_CCTV] #601  20/135 ( 14.8%) | seg 122.87s = seek 74.27 (12f, 6.19s/frame) + vlm  30.62 + azure  1.01 + embed  0.39 | avg  42.57s | elapsed 0:14:11 | ETA 1:21:35
2026-09-03 04:57:27,437 - MainProcess - WARNING - [cam13_stream-13] Segment #133: frame seek failed, skipping
2026-09-03 04:57:28,335 - MainProcess - INFO - [AI->] https://openrouter.ai/api/v1/chat/completions z-ai/glm-5.3-flash (12 frames, max_tokens=2600)
2026-09-03 04:57:28,717 - MainProcess - INFO - [Memory] RAM: 12.5% | Process: 1.97GB | GPU: 7641/24564MB (31.1%)
2026-09-03 04:57:28,718 - MainProcess - INFO - [cam13_stream-13] #133  41/627 (  6.5%) | seg   0.00s = seek 76.81 (0f, 76.81s/frame) + vlm   0.00 + azure  0.00 + embed  0.00 | avg  20.85s | elapsed 0:14:14 | ETA 3:23:38
2026-09-03 04:57:35,343 - MainProcess - INFO - [AI->] https://openrouter.ai/api/v1/chat/completions z-ai/glm-5.3-flash (12 frames, max_tokens=2600)
2026-09-03 04:57:40,839 - MainProcess - INFO - [AI<-] z-ai/glm-5.3-flash ok in 35.7s | prompt_tok=15352 completion_tok=912 cost=$0.0026436 | 3836 chars
2026-09-03 04:57:40,839 - MainProcess - INFO - [VLM] Response received. Content len: 3836, Thinking len: 0

================================================================================
🤖 [cam17_17_Rajkot_Bus_Port_CCTV] SEGMENT VLM - #603 - 2026-06-13 22:31:17
================================================================================
Recorded 13-06-2026 (Saturday) 22:31:17 to 22:31:47 at Rajkot Bus Port, camera cam17_17_Rajkot_Bus_Port_CCTV. 1. SCENE The camera ("1 CENTER") overlooks a paved forecourt/parking area beside a commercial building at Rajkot Bus Port, with a public road visible on the left. Illuminated signage reads "HOTEL JK" (A/C, Non A/C Rooms, Rooms start from 799/- only), "BUS EXIT ONLY", and a yellow advertisement board for "COTTON" with a mobile number 87339 29701 / 702. A closed metal shutter occupies the right of frame. Conditions are night-time, lit by street and shop lighting; the road surface appears wet/reflective, suggesting recent rain. A pair of sandals lies unattended on the pavement near the kerb throughout the clip. 2. TRAFFIC AND PEOPLE - Approximately 10 12 parked two-wheelers (motorcycles and scooters, mostly black, one white scooter) fill the foreground; they remain stationary throughout. - One man in a grey/blue shirt sits on the parking barrier using a mobile phone for the entire clip. - A man in a white t-shirt and dark trousers walks along the road from left toward the parking area around 0 5s. - A man in dark clothing stands near the kerb around 15 20s, then walks off left. - A man in a light shirt with a shoulder bag walks along the road around 25 30s. - From about 35s onward, footfall increases: several men (white, dark and patterned shirts) gather near the yellow-green auto-rickshaws at the left edge, appearing to board or negotiate. - Road traffic on the left includes auto-rickshaws (green/yellow), cars with headlights on, a white van/ambulance-type vehicle early in the clip, motorcycles, and a large blue-and-white GSRTC bus that enters around 40s and moves slowly left-to-right across the background, still present at the end. 3. VEHICLES IDENTIFIED CONFIRMED: - GSRTC state transport bus, blue and white livery, "GSRTC" legible on body, travelling left to right along the road, seen from ~40s to end of clip. PROBABLE (unconfirmed): - White van/ambulance-type vehicle with light bar, moving away from camera on the road, ~0 5s (unconfirmed) distance and headlight glare prevent confirmation. - Green-and-yellow auto-rickshaws, several, stationary then moving near left edge, ~35 55s (unconfirmed) rear/side angles and darkness prevent individual identification. - Dark sedan/car with headlights on, road traffic, ~10 20s (unconfirmed) motion blur and glare. - Motorcycle with rider, headlight on, passing left to right, ~45 50s (unconfirmed) night glare. 4. REGISTRATIONS READ None legible. (Any plates present are too distant, angled or glare-obscured; all reads would be single automatic reads, not verified against any registry.) 5. NOTABLE EVENTS - A pair of sandals lies unattended on the pavement near the kerb for the full 55 seconds with no owner seen returning possibly unattended property, alert-worthy. - No collisions, altercations or other incidents observed. 6. CROWD AND CONGESTION - A small group of roughly 4 6 men gathers around the auto-rickshaws at the left edge from about 40s to the end of the clip, consistent with passengers boarding; no significant congestion. 7. TRAFFIC VIOLATIONS None observed. 8. PATTERN OF ACTIVITY The clip shows routine night-time activity at the bus port forecourt. The dominant elements are static: parked two-wheelers and a seated man on the barrier. Road traffic on the left flows steadily left to right cars, auto-rickshaws and a white van early, building to a GSRTC bus passing through in the final 15 seconds. Pedestrian activity increases in the latter half, with a group forming around the auto-rickshaws, suggesting an arriving bus or departing passengers. The scene changes from light, scattered passing traffic early on to bus-related passenger activity late in the clip. 9. QUIET PERIODS None observed road traffic and pedestrian movement continue throughout, and the seated man remains in frame for the full duration.
================================================================================

Batches:   0%|          | 0/1 [00:00<?, ?it/s]Batches: 100%|██████████| 1/1 [00:00<00:00, 13.44it/s]
2026-09-03 04:57:41,805 - MainProcess - INFO - ✅ Segment #603 stored in MongoDB
✅ Segment #603 from Camera cam17_17_Rajkot_Bus_Port_CCTV stored in MongoDB
2026-09-03 04:57:41,806 - MainProcess - INFO - [cam17_17_Rajkot_Bus_Port_CCTV] segment 603 looks alert-worthy - asking z-ai/glm-5.3-flash
2026-09-03 04:57:41,806 - MainProcess - INFO - [AI->] https://openrouter.ai/api/v1/chat/completions z-ai/glm-5.3-flash (max_tokens=2000, prompt=5232 chars)
2026-09-03 04:57:42,547 - MainProcess - WARNING - [cam13_stream-13] Segment #134: frame seek failed, skipping
2026-09-03 04:57:42,547 - MainProcess - INFO - [cam13_stream-13] #134  42/627 (  6.7%) | seg   0.00s = seek 64.91 (0f, 64.91s/frame) + vlm   0.00 + azure  0.00 + embed  0.00 | avg  20.68s | elapsed 0:14:28 | ETA 3:21:40
2026-09-03 04:57:45,521 - MainProcess - INFO - [AI<-] z-ai/glm-5.3-flash ok in 3.7s | prompt_tok=1303 completion_tok=34 cost=$0.00021245 | 123 chars returned
2026-09-03 04:57:45,521 - MainProcess - INFO - [cam17_17_Rajkot_Bus_Port_CCTV] segment 603 -> 1 alert(s)
2026-09-03 04:57:45,521 - MainProcess - WARNING - [cam17_17_Rajkot_Bus_Port_CCTV] no VMS device id in camera_did_map.json - alert skipped: Unattended sandals on pavement near kerb, no owner seen for full clip
2026-09-03 04:57:45,522 - MainProcess - INFO - [cam17_17_Rajkot_Bus_Port_CCTV] ✅ Segment #603 complete
2026-09-03 04:57:45,522 - MainProcess - INFO - [cam17_17_Rajkot_Bus_Port_CCTV] #603  21/135 ( 15.6%) | seg 117.97s = seek 74.01 (12f, 6.17s/frame) + vlm  36.24 + azure  1.38 + embed  0.46 | avg  41.48s | elapsed 0:14:31 | ETA 1:18:49
2026-09-03 04:57:47,484 - MainProcess - INFO - [AI<-] z-ai/glm-5.3-flash ok in 19.1s | prompt_tok=15352 completion_tok=1149 cost=$0.0027621 | 4691 chars
2026-09-03 04:57:47,484 - MainProcess - INFO - [VLM] Response received. Content len: 4691, Thinking len: 0

================================================================================
🤖 [cam15_stream-15] SEGMENT VLM - #674 - 2026-06-14 08:13:57
================================================================================
Recorded 14-06-2026 (Sunday) 08:13:57 to 08:14:27 at Suvidhapark, camera cam15_stream-15. 1. SCENE The camera overlooks a signalised road junction with zebra crossings on all approaches, a traffic signal pole on the right, and a footpath with a small shop/awning on the left. Daylight, overcast/hazy conditions; the scene is evenly lit, consistent with morning. The signal facing this camera shows red/amber throughout the clip. 2. TRAFFIC AND PEOPLE - One woman in a red/pink patterned dress with a green head covering, standing at the left kerb near the crossing for the whole clip (0s to end), apparently waiting to cross. - One two-wheeler with two riders in pink/red tops crossing the junction away from camera at 0s, exiting top of frame by ~5s. - One white SUV entering from the left and turning across the junction at ~5s. - One dark car entering from the left at ~9s; one dark sedan crossing right side at ~9s. - One cyclist in a blue shirt riding across the junction right-to-left at ~9s. - One large red-and-green lorry/bus-type heavy vehicle passing directly under the camera ~13-15s, briefly blocking most of the frame. - One red goods truck (rear visible, hazard chevron markings) crossing right side at ~20s. - One white hatchback stopped on the near zebra approach at ~20s, rear to camera. - One yellow-and-green auto-rickshaw crossing the junction ~25-36s, moving left. - Several scooters/motorcycles: two-wheelers at ~20s (top left), ~25s (right side, one with rider in white shirt), ~46s (top right), ~50s (two motorcycles, one rider in white, one dark bike with rider in dark clothing). - One person in light/pinkish clothing walking across the middle of the junction on foot ~20-27s. - One woman in a light green/blue outfit with red dupatta crossing the road on foot from left to right ~50-56s. - One man in white shirt and dark trousers walking along the right side ~46-50s. - One cyclist on the far left ~46s. 3. VEHICLES IDENTIFIED CONFIRMED None identified. PROBABLE (unconfirmed) - white compact SUV, Creta/Seltos class (unconfirmed), ~5s - distant, side-on, no badge visible. - dark sedan, City/Verna class (unconfirmed), ~9s - rear three-quarter angle, motion blur, no badging legible. - white hatchback, Swift/i20 class (unconfirmed), ~20s - rear-only angle, plate area obscured by compression artefacts. - red medium goods truck (unconfirmed), ~20s - rear-only view, no maker's text legible. - yellow-and-green auto-rickshaw (unconfirmed), ~25s and ~56s - standard three-wheeler silhouette, no text legible. 4. REGISTRATIONS READ None legible. (Any plate-shaped marks are obscured by distance, angle and compression; these would be single automatic reads only, not verified against any registry.) 5. NOTABLE EVENTS - ~13-15s: a large heavy vehicle passes so close beneath the camera that it obscures the entire junction for several seconds; no collision observed. - ~20s: a white hatchback is stationary on the pedestrian crossing approach while the near signal shows red - possible stop-line overrun, but it may be queued at the signal. - ~20-27s: a pedestrian walks across the middle of the live junction between moving vehicles rather than using the zebra. - ~50-56s: a woman in light green crosses the carriageway diagonally, not on the zebra, passing close to a moving auto-rickshaw; no contact observed. No collisions, near-misses confirmed, or unattended objects observed. 6. CROWD AND CONGESTION None observed. Traffic is light and free-flowing throughout; only one vehicle (white hatchback, ~20s) is seen briefly stationary. 7. TRAFFIC VIOLATIONS - ~20-27s: pedestrian crossing the carriageway off the designated crossing, mid-junction. - ~50-56s: second pedestrian crossing diagonally off the zebra, in the path of an auto-rickshaw. - ~20s: white hatchback stationary at/over the crossing line while the approach signal shows red (possible stop-line violation; could be normal signal stopping). No helmetless riders or wrong-way driving confirmed. 8. PATTERN OF ACTIVITY This is a lightly trafficked signal junction in the morning. Early frames show crossing traffic (two-wheelers, cars, a cyclist) moving through on cross directions while a woman waits at the left kerb. Mid-clip, a heavy vehicle passes under the camera and a truck and hatchback pass on the near side. In the later frames the junction is quieter, dominated by two-wheelers, an auto-rickshaw and pedestrians crossing off the marked crossings. The waiting woman in red remains at the kerb for the full 55 seconds without crossing. 9. QUIET PERIODS - ~36-46s: junction largely empty apart from the waiting woman at the left kerb; a motorcycle and a pedestrian pass at the frame edges around 46s. - ~0-5s and ~30s: brief lulls with only one or two moving road users.
================================================================================

Batches:   0%|          | 0/1 [00:00<?, ?it/s]Batches: 100%|██████████| 1/1 [00:00<00:00, 15.89it/s]
2026-09-03 04:57:48,437 - MainProcess - INFO - ✅ Segment #674 stored in MongoDB
✅ Segment #674 from Camera cam15_stream-15 stored in MongoDB
2026-09-03 04:57:48,438 - MainProcess - INFO - [cam15_stream-15] segment 674 looks alert-worthy - asking z-ai/glm-5.3-flash
2026-09-03 04:57:48,438 - MainProcess - INFO - [AI->] https://openrouter.ai/api/v1/chat/completions z-ai/glm-5.3-flash (max_tokens=2000, prompt=5291 chars)
2026-09-03 04:57:50,299 - MainProcess - INFO - [AI<-] z-ai/glm-5.3-flash ok in 1.9s | prompt_tok=1350 completion_tok=55 cost=$0.00023 | 132 chars returned
2026-09-03 04:57:50,299 - MainProcess - INFO - [cam15_stream-15] segment 674 -> 1 alert(s)
2026-09-03 04:57:50,299 - MainProcess - WARNING - [cam15_stream-15] no VMS device id in camera_did_map.json - alert skipped: Pedestrians crossing mid-junction off zebra, one close to moving auto-rickshaw
2026-09-03 04:57:50,300 - MainProcess - INFO - [cam15_stream-15] ✅ Segment #674 complete
2026-09-03 04:57:51,421 - MainProcess - WARNING - [cam13_stream-13] Segment #135: frame seek failed, skipping
2026-09-03 04:57:51,421 - MainProcess - INFO - [cam13_stream-13] #135  43/627 (  6.9%) | seg   0.00s = seek 49.25 (0f, 49.25s/frame) + vlm   0.00 + azure  0.00 + embed  0.00 | avg  20.41s | elapsed 0:14:37 | ETA 3:18:39
2026-09-03 04:57:51,646 - MainProcess - INFO - [Memory] RAM: 12.6% | Process: 1.97GB | GPU: 8435/24564MB (34.3%)
2026-09-03 04:57:51,646 - MainProcess - INFO - [cam15_stream-15] #674  17/64 ( 26.6%) | seg  91.56s = seek 67.81 (12f, 5.65s/frame) + vlm  19.65 + azure  1.41 + embed  0.45 | avg  51.57s | elapsed 0:14:36 | ETA 0:40:23
2026-09-03 04:57:54,827 - MainProcess - INFO - [AI<-] z-ai/glm-5.3-flash ok in 19.5s | prompt_tok=15352 completion_tok=1298 cost=$0.0028366 | 4595 chars
2026-09-03 04:57:54,827 - MainProcess - INFO - [VLM] Response received. Content len: 4595, Thinking len: 237

================================================================================
🤖 [cam15_stream-15] SEGMENT VLM - #673 - 2026-06-14 08:12:57
================================================================================
Recorded 14-06-2026 (Sunday) 08:12:57 to 08:13:27 at Suvidhapark, camera cam15_stream-15. 1. SCENE The camera overlooks a signalised road junction at Suvidhapark (camera label 'Suvidhapark P3 RLVD' visible on the overlay). Zebra crossings cross the carriageway in the foreground and left side; a traffic signal pole stands at the right kerb, and a small shop/awning is visible at the left edge. Daylight, overcast/hazy conditions; the scene is evenly lit, consistent with morning. 2. TRAFFIC AND PEOPLE - One female pedestrian in a red/pink patterned dress with a green head covering, present at the left crossing throughout the clip, waiting at the kerb and not crossing. - One male pedestrian in light shirt and dark trousers crossing the right side of the carriageway around 54s. - One younger person in a light green t-shirt and dark leggings crossing the left zebra around 39 41s. - Multiple two-wheelers: a scooter with rider in light kurta stopped at the left crossing at 14 25s; a scooter carrying a large load of goods (appears to be bread trays/racks) crossing mid-junction at 29s; a scooter with rider in white raincoat/cape at 34s; a scooter with two riders (both unhelmeted) at bottom-left at 29s; a scooter with female rider in white at right at 39 41s; a scooter with male rider in maroon shirt at 41s; several distant two-wheelers throughout. - A white compact SUV crossing the junction left-to-right at 8s. - A white sedan entering from the left at 14s, followed by a red tractor with trailer crossing the top of the frame at 14 25s. - A dark grey hatchback and a dark SUV crossing at 25s, plus a large brown/yellow tipper truck on the right at 25s. - A silver/grey sedan at the right at 29s. - A green-and-yellow auto-rickshaw crossing at 34s; a white sedan at 41s; a white sedan and a white SUV at 50s; two green-and-yellow auto-rickshaws at 54s, one of which stops near the waiting woman at the left by 60s. - A cyclist near the top of the frame at 8s. 3. VEHICLES IDENTIFIED CONFIRMED None identified. PROBABLE (unconfirmed) - White compact SUV, Creta/Brezza class (unconfirmed), 8s rear three-quarter angle, no badge legible. - White compact sedan, Dzire/Aura class (unconfirmed), 14s and 41s distance and angle, no badge or plate readable. - Dark grey hatchback, i20/Baleno class (unconfirmed), 25s rear view, motion blur. - Dark compact SUV, Creta/Seltos class (unconfirmed), 25s distance, no visible badging. - White large SUV, Scorpio-N/XUV700 class (unconfirmed), 50s rear angle, motion blur. - Red agricultural tractor with trailer (unconfirmed), 14 25s type clear from silhouette but make not legible. 4. REGISTRATIONS READ None legible. (Plates are visible on some vehicles but too small/blurred to read; all entries would be single automatic reads, not verified against any registry.) 5. NOTABLE EVENTS - At 29s a heavily laden goods scooter (carrying stacked racks, apparently bread trays) crosses the junction; the load appears unstable/overhanging but no items are seen to fall. - At 25s a large tipper truck occupies the right side of the junction close to the crossing while crossing traffic passes; no contact observed. - Otherwise none observed. 6. CROWD AND CONGESTION None observed. Traffic flows freely; no queues form at any point. 7. TRAFFIC VIOLATIONS - At 29s, two riders on a scooter at the bottom-left appear to be riding without helmets. - At 41s, the rider of the maroon-shirt scooter appears helmetless. - The signal head at the right shows an amber/red indication at 0s and again around 54 60s while vehicles are still moving through the junction; possible signal jumping around 54s by the auto-rickshaws and white SUV, though the signal facing those drivers is not visible. 8. PATTERN OF ACTIVITY This is a lightly trafficked morning junction with mixed use: two-wheelers dominate, interspersed with cars, auto-rickshaws, a tractor-trailer and a tipper truck. Movement is multi-directional across the junction with no single dominant flow, though the left-to-right and top-to-bottom crossings are most frequent. Early frames show a nearly empty junction with only the waiting pedestrian; mid-clip (25 41s) is the busiest phase with cars, trucks and loaded scooters crossing together; late frames return to lighter flow, ending with two auto-rickshaws, one of which pulls up beside the woman still waiting at the left kerb. The female pedestrian in red/green remains stationary at the left crossing for the entire 55 seconds. 9. QUIET PERIODS The junction is nearly empty at 0s and again around 50 60s apart from the vehicles noted; no fully static period is observed something is moving in every sampled frame.
================================================================================

Batches:   0%|          | 0/1 [00:00<?, ?it/s]Batches: 100%|██████████| 1/1 [00:00<00:00, 27.71it/s]
2026-09-03 04:57:55,753 - MainProcess - INFO - ✅ Segment #673 stored in MongoDB
✅ Segment #673 from Camera cam15_stream-15 stored in MongoDB
2026-09-03 04:57:55,753 - MainProcess - INFO - [cam15_stream-15] segment 673 looks alert-worthy - asking z-ai/glm-5.3-flash
2026-09-03 04:57:55,754 - MainProcess - INFO - [AI->] https://openrouter.ai/api/v1/chat/completions z-ai/glm-5.3-flash (max_tokens=2000, prompt=5291 chars)
2026-09-03 04:57:57,116 - MainProcess - INFO - [AI<-] z-ai/glm-5.3-flash ok in 1.4s | prompt_tok=1376 completion_tok=79 cost=$0.0002459 | 270 chars returned
2026-09-03 04:57:57,116 - MainProcess - INFO - [cam15_stream-15] segment 673 -> 2 alert(s)
2026-09-03 04:57:57,116 - MainProcess - WARNING - [cam15_stream-15] no VMS device id in camera_did_map.json - alert skipped: Possible red-light jumping by auto-rickshaws and white SUV around 54s (signal facing not v
2026-09-03 04:57:57,116 - MainProcess - WARNING - [cam15_stream-15] no VMS device id in camera_did_map.json - alert skipped: Two unhelmeted riders on scooter at 29s; helmetless maroon-shirt rider at 41s
2026-09-03 04:57:57,117 - MainProcess - INFO - [cam15_stream-15] ✅ Segment #673 complete
2026-09-03 04:57:57,128 - MainProcess - INFO - [cam15_stream-15] #673  18/64 ( 28.1%) | seg 103.78s = seek 80.47 (12f, 6.71s/frame) + vlm  19.99 + azure  1.14 + embed  0.42 | avg  49.01s | elapsed 0:14:42 | ETA 0:37:34
2026-09-03 04:58:14,043 - MainProcess - INFO - [AI->] https://openrouter.ai/api/v1/chat/completions z-ai/glm-5.3-flash (1 frames, max_tokens=40)
2026-09-03 04:58:15,599 - MainProcess - INFO - [AI->] https://openrouter.ai/api/v1/chat/completions z-ai/glm-5.3-flash (1 frames, max_tokens=40)
2026-09-03 04:58:16,711 - MainProcess - WARNING - [cam13_stream-13] Segment #136: frame seek failed, skipping
2026-09-03 04:58:17,587 - MainProcess - INFO - [AI<-] z-ai/glm-5.3-flash ok in 2.0s | prompt_tok=1442 completion_tok=15 cost=$2.742e-05 | 22 chars
2026-09-03 04:58:17,862 - MainProcess - INFO - [Memory] RAM: 12.7% | Process: 1.97GB | GPU: 8402/24564MB (34.2%)
2026-09-03 04:58:17,862 - MainProcess - INFO - [cam13_stream-13] #136  44/627 (  7.0%) | seg   0.00s = seek 49.27 (0f, 49.27s/frame) + vlm   0.00 + azure  0.00 + embed  0.00 | avg  20.55s | elapsed 0:15:04 | ETA 3:19:38
2026-09-03 04:58:19,200 - MainProcess - INFO - [AI->] https://openrouter.ai/api/v1/chat/completions z-ai/glm-5.3-flash (12 frames, max_tokens=2600)
2026-09-03 04:58:28,194 - MainProcess - INFO - [AI<-] z-ai/glm-5.3-flash ok in 14.2s | prompt_tok=1442 completion_tok=15 cost=$0.0002238 | 22 chars
2026-09-03 04:58:29,698 - MainProcess - INFO - [AI->] https://openrouter.ai/api/v1/chat/completions z-ai/glm-5.3-flash (12 frames, max_tokens=2600)
2026-09-03 04:58:32,279 - MainProcess - WARNING - [cam13_stream-13] Segment #137: frame seek failed, skipping
2026-09-03 04:58:32,279 - MainProcess - INFO - [cam13_stream-13] #137  45/627 (  7.2%) | seg   0.00s = seek 49.73 (0f, 49.73s/frame) + vlm   0.00 + azure  0.00 + embed  0.00 | avg  20.41s | elapsed 0:15:18 | ETA 3:17:58
2026-09-03 04:58:53,876 - MainProcess - INFO - [AI<-] z-ai/glm-5.3-flash ok in 24.2s | prompt_tok=15352 completion_tok=790 cost=$0.0025826 | 3340 chars
2026-09-03 04:58:53,876 - MainProcess - INFO - [VLM] Response received. Content len: 3340, Thinking len: 0

================================================================================
🤖 [cam17_17_Rajkot_Bus_Port_CCTV] SEGMENT VLM - #605 - 2026-06-13 22:33:17
================================================================================
Recorded 13-06-2026 (Saturday) 22:33:17 to 22:33:47 at Rajkot Bus Port, camera cam17_17_Rajkot_Bus_Port_CCTV. 1. SCENE The camera ("1 CENTER") overlooks a covered walkway and two-wheeler parking bay at Rajkot Bus Port, with a view out onto the bus bays to the left. Illuminated signage is visible: "HOTEL JK" (2nd floor, rooms from 799/- only), a "BUS EXIT ONLY" sign, and a yellow advertisement board for a cotton shop with a mobile number. It is night; the scene is lit by artificial lighting, and the ground appears wet, suggesting recent rain. A closed metal shutter occupies the right side of the frame. 2. TRAFFIC AND PEOPLE - Parked two-wheelers: approximately 12 15 motorcycles and scooters, mostly black, with at least one white scooter and one yellow/black motorcycle, stationary throughout the clip. - One auto-rickshaw, green and yellow, parked at the left edge, stationary throughout. - One blue/white bus (partially visible, "TOH" lettering) in the far-left bay at the start, moving slowly left and out of view by around 30s. - One large white coach bus with pink/red front livery enters from the right at the start, moving slowly leftward across the bus bays; "GSRTC" branding becomes legible on its side by around 45s. It remains in view at the end of the clip. - One man in a blue/grey shirt seated on a parked motorcycle near the centre, using a mobile phone, present throughout the clip. - One person in a red/dark shirt with a backpack walks leftward past the auto-rickshaw around 15 20s, exiting left. - One person in a light shirt and dark trousers walks leftward near the bus around 40 45s, exiting left. 3. VEHICLES IDENTIFIED CONFIRMED: - GSRTC intercity coach bus, white with pink/red front, no plate legible, travelling right to left through the bus bays, seen from ~0s to end of clip. - Blue and white city/ST-type bus, partially visible far left, moving left, seen 0s to ~30s. PROBABLE (unconfirmed): - None. The only other vehicles are parked two-wheelers and an auto-rickshaw too distant/obscured for any family identification. 4. REGISTRATIONS READ None legible. (No registration plates on any vehicle are readable at this distance/angle; any reads would be single automatic reads, not verified against any registry.) 5. NOTABLE EVENTS None observed. Movement is normal bus-bay traffic and pedestrian movement; the seated man remains in place without incident. 6. CROWD AND CONGESTION None observed. Pedestrian presence is sparse (two walkers plus one seated man); no queues or build-ups. 7. TRAFFIC VIOLATIONS None observed. 8. PATTERN OF ACTIVITY This is a quiet night-time scene dominated by a single bus movement: a white GSRTC coach traverses the bus bays slowly from right to left across the full 55 seconds, while a blue bus departs the leftmost bay in the first half of the clip. The two-wheeler parking area and walkway are static, with only two pedestrians passing through leftward and one man seated on a motorcycle using his phone throughout. The late frames differ from the early ones mainly in the bus composition the blue bus has gone and the GSRTC coach has advanced to fill the left bays. Wet ground suggests recent rain but activity is otherwise routine. 9. QUIET PERIODS None observed in the parking/walkway area is inaccurate to state the foreground is effectively static throughout, but bus movement continues in the background for the full clip; no complete still period is observed.
================================================================================

Batches:   0%|          | 0/1 [00:00<?, ?it/s]Batches: 100%|██████████| 1/1 [00:00<00:00, 36.21it/s]
2026-09-03 04:58:54,797 - MainProcess - INFO - ✅ Segment #605 stored in MongoDB
✅ Segment #605 from Camera cam17_17_Rajkot_Bus_Port_CCTV stored in MongoDB
2026-09-03 04:58:54,798 - MainProcess - INFO - [cam17_17_Rajkot_Bus_Port_CCTV] segment 605 looks alert-worthy - asking z-ai/glm-5.3-flash
2026-09-03 04:58:54,798 - MainProcess - INFO - [AI->] https://openrouter.ai/api/v1/chat/completions z-ai/glm-5.3-flash (max_tokens=2000, prompt=4746 chars)
2026-09-03 04:58:56,048 - MainProcess - INFO - [AI<-] z-ai/glm-5.3-flash ok in 1.3s | prompt_tok=1186 completion_tok=7 cost=$8.686e-05 | 14 chars returned
2026-09-03 04:58:56,048 - MainProcess - INFO - [cam17_17_Rajkot_Bus_Port_CCTV] ✅ Segment #605 complete
2026-09-03 04:58:56,232 - MainProcess - INFO - [AI->] https://openrouter.ai/api/v1/chat/completions z-ai/glm-5.3-flash (1 frames, max_tokens=40)
2026-09-03 04:58:56,842 - MainProcess - INFO - [Memory] RAM: 12.9% | Process: 2.05GB | GPU: 8913/24564MB (36.3%)
2026-09-03 04:58:56,843 - MainProcess - INFO - [cam17_17_Rajkot_Bus_Port_CCTV] #605  22/135 ( 16.3%) | seg  90.84s = seek 48.82 (12f, 4.07s/frame) + vlm  24.69 + azure  1.32 + embed  0.42 | avg  42.84s | elapsed 0:15:42 | ETA 1:20:40
2026-09-03 04:58:57,385 - MainProcess - INFO - [AI<-] z-ai/glm-5.3-flash ok in 1.2s | prompt_tok=1442 completion_tok=15 cost=$0.0002238 | 22 chars
2026-09-03 04:58:58,134 - MainProcess - INFO - [AI->] https://openrouter.ai/api/v1/chat/completions z-ai/glm-5.3-flash (12 frames, max_tokens=2600)
2026-09-03 04:58:59,301 - MainProcess - INFO - [AI->] https://openrouter.ai/api/v1/chat/completions z-ai/glm-5.3-flash (12 frames, max_tokens=2600)
2026-09-03 04:59:00,024 - MainProcess - INFO - [AI<-] z-ai/glm-5.3-flash ok in 194.8s | prompt_tok=15352 completion_tok=835 cost=$0.00044239 | 3568 chars
2026-09-03 04:59:00,024 - MainProcess - INFO - [VLM] Response received. Content len: 3568, Thinking len: 0

================================================================================
🤖 [cam15_stream-15] SEGMENT VLM - #672 - 2026-06-14 08:11:57
================================================================================
Recorded 14-06-2026 (Sunday) 08:11:57 to 08:12:27 at Suvidhapark, camera cam15_stream-15. 1. SCENE The camera overlooks a signalised road junction at Suvidhapark (overlay text "Suvidhapark P3 RLVD"), viewed from an elevated pole position. Zebra crossings mark the near approach and the far side; a traffic signal head and a red-and-white bollard stand on the right-hand traffic island. Daylight, overcast/hazy morning conditions, dry road surface. 2. TRAFFIC AND PEOPLE Light to moderate mixed traffic: auto-rickshaws (yellow-green and green, approximately 5-6 across the clip), several motorcycles/scooters (roughly 10-12, colours including teal/blue scooters and black motorcycles, some with pillion riders), one white hatchback car, one cyclist with a cart/tricycle near the far crossing, and pedestrians: a man in a white shirt and dark trousers crossing the junction (from ~24s to ~41s), a man in a striped shirt and white trousers on the right side (~24-29s), and a woman in a red/green outfit with a blue bag entering the near crossing at ~49s and walking up the footpath by ~55s. 3. VEHICLES IDENTIFIED CONFIRMED: None identified. PROBABLE (unconfirmed): - White compact hatchback, i10/Grand i10 class (unconfirmed), crossing left to right across the far side of the junction, ~46s rear-three-quarter angle and distance prevent badge or plate reading. - Yellow-and-green auto-rickshaws (multiple, ~0s through ~41s) body type certain, model trivially generic, but no badging legible at this distance. 4. REGISTRATIONS READ None legible. All plates are either too distant, motion-blurred or angled away; any reading would be a single automatic read and unverified. 5. NOTABLE EVENTS - Pedestrians crossing the junction outside of any apparent dedicated phase: a man in white shirt walks diagonally across the middle of the carriageway between ~24s and ~41s, passing close to moving autos and a scooter; a scooter rider passes behind him at ~29s. No collision or near-miss clearly occurs, but the crossing is not on the zebra. - The woman in red/green begins crossing at ~49s during mixed traffic movement; she completes to the left footpath by ~55s. No collisions, stalls, abandoned items or other alert-worthy events observed. 6. CROWD AND CONGESTION None observed. Traffic flows freely throughout; no queues or build-ups form. 7. TRAFFIC VIOLATIONS - Pedestrians crossing the carriageway other than on the designated crossing: man in white shirt ~24-41s; man in striped shirt walking along the right-hand edge of the carriageway ~24-29s. - Signal state shows amber visible at ~21s and ~49s with vehicles still crossing; however, no clear red-light violation can be confirmed from these frames. No helmetless riders resolvable with confidence; no wrong-way driving observed. 8. PATTERN OF ACTIVITY The clip shows a signal-cycle rhythm at a moderately busy junction. The first ~15 seconds carry the heaviest flow autos, scooters and motorcycles clearing through the junction in mixed directions. Mid-clip (~8-21s) the junction empties almost completely, indicating a red phase for all approaches, before traffic resumes ~21-29s with autos and scooters crossing in several directions. The final third is lighter: a single white hatchback, a couple of motorcycles, and pedestrian movement becoming the dominant activity. Overall flow is multi-directional with no single dominant movement. 9. QUIET PERIODS The junction is essentially empty from ~8s to ~21s (frames at ~8s and ~14s show no moving traffic), and again briefly around ~35s where only a cyclist and one pedestrian are visible. The remainder of the clip has continuous movement.
================================================================================

Batches:   0%|          | 0/1 [00:00<?, ?it/s]Batches: 100%|██████████| 1/1 [00:00<00:00, 38.24it/s]
2026-09-03 04:59:00,939 - MainProcess - INFO - ✅ Segment #672 stored in MongoDB
✅ Segment #672 from Camera cam15_stream-15 stored in MongoDB
2026-09-03 04:59:00,939 - MainProcess - INFO - [cam15_stream-15] segment 672 looks alert-worthy - asking z-ai/glm-5.3-flash
2026-09-03 04:59:00,940 - MainProcess - INFO - [AI->] https://openrouter.ai/api/v1/chat/completions z-ai/glm-5.3-flash (max_tokens=2000, prompt=4934 chars)
2026-09-03 04:59:03,294 - MainProcess - INFO - [AI<-] z-ai/glm-5.3-flash ok in 2.4s | prompt_tok=1216 completion_tok=40 cost=$0.0002024 | 117 chars returned
2026-09-03 04:59:03,295 - MainProcess - INFO - [cam15_stream-15] segment 672 alert suppressed (cooldown): Pedestrian crossing carriageway off zebra, white shirt, ~24-41s
2026-09-03 04:59:03,295 - MainProcess - INFO - [cam15_stream-15] ✅ Segment #672 complete
2026-09-03 04:59:04,218 - MainProcess - WARNING - [cam13_stream-13] Segment #138: frame seek failed, skipping
2026-09-03 04:59:04,926 - MainProcess - INFO - [AI->] https://openrouter.ai/api/v1/chat/completions z-ai/glm-5.3-flash (12 frames, max_tokens=2600)
2026-09-03 04:59:05,855 - MainProcess - INFO - [Memory] RAM: 12.4% | Process: 2.09GB | GPU: 6485/24564MB (26.4%)
2026-09-03 04:59:05,855 - MainProcess - INFO - [cam15_stream-15] #672  19/64 ( 29.7%) | seg 262.17s = seek 62.55 (12f, 5.21s/frame) + vlm 195.30 + azure  1.29 + embed  0.41 | avg  50.04s | elapsed 0:15:50 | ETA 0:37:31
2026-09-03 04:59:06,175 - MainProcess - INFO - [Memory] RAM: 12.4% | Process: 2.09GB | GPU: 6498/24564MB (26.5%)
2026-09-03 04:59:06,175 - MainProcess - INFO - [cam13_stream-13] #138  46/627 (  7.3%) | seg   0.00s = seek 72.80 (0f, 72.80s/frame) + vlm   0.00 + azure  0.00 + embed  0.00 | avg  20.70s | elapsed 0:15:52 | ETA 3:20:28
2026-09-03 04:59:21,643 - MainProcess - WARNING - [cam13_stream-13] Segment #139: frame seek failed, skipping
2026-09-03 04:59:21,644 - MainProcess - INFO - [cam13_stream-13] #139  47/627 (  7.5%) | seg   0.00s = seek 64.93 (0f, 64.93s/frame) + vlm   0.00 + azure  0.00 + embed  0.00 | avg  20.59s | elapsed 0:16:07 | ETA 3:19:03
2026-09-03 04:59:27,381 - MainProcess - INFO - [AI<-] z-ai/glm-5.3-flash ok in 28.1s | prompt_tok=15352 completion_tok=704 cost=$0.0025396 | 2831 chars
2026-09-03 04:59:27,381 - MainProcess - INFO - [VLM] Response received. Content len: 2831, Thinking len: 0

================================================================================
🤖 [cam17_17_Rajkot_Bus_Port_CCTV] SEGMENT VLM - #606 - 2026-06-13 22:34:17
================================================================================
Recorded 13-06-2026 (Saturday) 22:34:17 to 22:34:47 at Rajkot Bus Port, camera cam17_17_Rajkot_Bus_Port_CCTV. 1. SCENE Camera "1 CENTER" overlooks a covered two-wheeler parking bay and adjacent walkway at Rajkot Bus Port, at night. The area is lit by artificial lighting; the roadway beyond is wet-looking with strong headlight glare. Signage visible: "HOTEL JK", "BUS EXIT ONLY", a "COTTON" shop board, and GSRTC branding on a bus. 2. TRAFFIC AND PEOPLE - One seated person in dark/blue clothing, stationary on a low wall/ledge beside the parked bikes throughout the clip, appearing to look at a phone or object in hand. - A white GSRTC "Premium Services" bus at the left edge at the start, moving slowly leftward out of frame; fully gone by about 25s. - Later, on the roadway: multiple two-wheelers with headlights on (at least 3-4, from ~30s onward), a dark car (~45-50s), a red/orange auto-rickshaw (~50s), and a bus with "Gurukrupa" text on its front (~45-55s) in the distance. - Roughly 10-12 parked motorcycles/scooters in the bay, including a white scooter and a bike with visible "RIDER"-style text on its tank cover; these remain static throughout. 3. VEHICLES IDENTIFIED CONFIRMED: - GSRTC Premium Services bus, white with blue/red livery, no plate legible, moving left out of frame, 0s-25s. (Livery and GSRTC text clearly legible.) PROBABLE (unconfirmed): - Bus with "Gurukrupa" text on front, dark/red livery (unconfirmed model), distant and partially obscured, ~45-55s. - Dark hatchback/car on roadway (unconfirmed), headlight glare and distance prevent identification, ~45-50s. - Red/orange three-wheeler auto-rickshaw (unconfirmed), motion blur, ~50s. - Multiple motorcycles on roadway (unconfirmed), headlight glare only, ~30-55s. 4. REGISTRATIONS READ None legible. (Any plates present are too distant, angled or glare-obscured; no reads attempted against any registry.) 5. NOTABLE EVENTS None observed. The seated person remains in place without incident; no altercations, unattended items or restricted-area access seen. A pair of slippers lies on the walkway throughout, apparently discarded, not alert-worthy on its own. 6. CROWD AND CONGESTION None observed. The parking bay is static; roadway traffic is light and free-flowing. 7. TRAFFIC VIOLATIONS None observed. 8. PATTERN OF ACTIVITY The clip opens with a GSRTC bus slowly departing leftward past the parking bay, the only large movement early on. From about 30s the roadway beyond becomes active with two-wheeler traffic and a car and auto-rickshaw passing, all moving away from camera along the bus exit road. The parked two-wheelers and the single seated person are constant throughout; the scene shifts from a departing bus dominating the frame to general light roadway traffic in the later half. 9. QUIET PERIODS None observed - the departing bus and later roadway traffic keep the scene in motion throughout, though the parking bay itself is quiet.
================================================================================

Batches:   0%|          | 0/1 [00:00<?, ?it/s]Batches: 100%|██████████| 1/1 [00:00<00:00, 14.99it/s]
2026-09-03 04:59:28,337 - MainProcess - INFO - ✅ Segment #606 stored in MongoDB
✅ Segment #606 from Camera cam17_17_Rajkot_Bus_Port_CCTV stored in MongoDB
2026-09-03 04:59:28,338 - MainProcess - INFO - [cam17_17_Rajkot_Bus_Port_CCTV] segment 606 looks alert-worthy - asking z-ai/glm-5.3-flash
2026-09-03 04:59:28,338 - MainProcess - INFO - [AI->] https://openrouter.ai/api/v1/chat/completions z-ai/glm-5.3-flash (max_tokens=2000, prompt=4241 chars)
2026-09-03 04:59:30,656 - MainProcess - INFO - [AI<-] z-ai/glm-5.3-flash ok in 2.3s | prompt_tok=1102 completion_tok=7 cost=$8.056e-05 | 14 chars returned
2026-09-03 04:59:30,656 - MainProcess - INFO - [cam17_17_Rajkot_Bus_Port_CCTV] ✅ Segment #606 complete
2026-09-03 04:59:31,847 - MainProcess - INFO - [Memory] RAM: 12.8% | Process: 2.01GB | GPU: 10269/24564MB (41.8%)
2026-09-03 04:59:31,847 - MainProcess - INFO - [cam17_17_Rajkot_Bus_Port_CCTV] #606  23/135 ( 17.0%) | seg 105.14s = seek 70.70 (12f, 5.89s/frame) + vlm  28.59 + azure  1.76 + embed  0.46 | avg  42.50s | elapsed 0:16:17 | ETA 1:19:19
2026-09-03 04:59:37,437 - MainProcess - WARNING - [cam13_stream-13] Segment #140: frame seek failed, skipping
2026-09-03 04:59:38,952 - MainProcess - INFO - [Memory] RAM: 12.5% | Process: 2.03GB | GPU: 6963/24564MB (28.3%)
2026-09-03 04:59:38,952 - MainProcess - INFO - [cam13_stream-13] #140  48/627 (  7.7%) | seg   0.00s = seek 65.16 (0f, 65.16s/frame) + vlm   0.00 + azure  0.00 + embed  0.00 | avg  20.52s | elapsed 0:16:25 | ETA 3:18:03
2026-09-03 04:59:41,805 - MainProcess - INFO - [AI<-] z-ai/glm-5.3-flash ok in 82.6s | prompt_tok=15352 completion_tok=732 cost=$0.0012768 | 3056 chars
2026-09-03 04:59:41,806 - MainProcess - INFO - [VLM] Response received. Content len: 3056, Thinking len: 0

================================================================================
🤖 [cam17_17_Rajkot_Bus_Port_CCTV] SEGMENT VLM - #604 - 2026-06-13 22:32:17
================================================================================
Recorded 13-06-2026 (Saturday) 22:32:17 to 22:32:47 at Rajkot Bus Port, camera cam17_17_Rajkot_Bus_Port_CCTV. 1. SCENE The camera ('1 CENTER' watermark, top right) overlooks a two-wheeler parking bay at Rajkot Bus Port at night, lit by artificial lighting. Foreground: rows of parked motorcycles and scooters under a covered area, a shuttered shopfront on the right with closed roller shutters, advertising boards (HOTEL JK, a 'COTTON' textile board with a phone number 87339 29701/702, a 'BUS EXIT ONLY' sign). Background: the bus roadway with a GSRTC bus and an auto-rickshaw at the left edge. Ground appears damp, suggesting recent rain. 2. TRAFFIC AND PEOPLE - One blue-and-white GSRTC bus in the background, present throughout, appearing to depart leftward mid-clip. - One green-and-yellow auto-rickshaw at the left edge, stationary for most of the clip, its headlight on from about 20s in; it begins moving/turning towards the left around 35 40s. - Approximately 15 20 parked two-wheelers (motorcycles and scooters, mostly dark-coloured, one or two white) in the foreground bay, all static throughout. - One man in a grey/dark shirt seated on a wall next to the bushes, using a mobile phone, from the start to the end of the clip. - One person in a light/white shirt and dark trousers walks from the auto-rickshaw area towards the left across the parking rows around 35 40s, then out of frame. - A red/white bus or large vehicle partially visible in the far background near the bus exit around 40 55s. 3. VEHICLES IDENTIFIED CONFIRMED: None identified. PROBABLE (unconfirmed): - GSRTC blue-and-white state bus, livery and 'GSRTC' lettering visible but model not confirmable at distance/angle (unconfirmed), 0s to ~30s. - Green-and-yellow auto-rickshaw, standard three-wheeler silhouette, no plate legible (unconfirmed), 0s throughout. 4. REGISTRATIONS READ None legible. (All plates are either obscured, too distant, or at too shallow an angle; any reads would be single automatic reads, not verified against any registry.) 5. NOTABLE EVENTS None observed. The seated man remains stationary and no suspicious contact, unattended items or altercations are seen. 6. CROWD AND CONGESTION None observed. Very few pedestrians; the parking bay is static. 7. TRAFFIC VIOLATIONS None observed. 8. PATTERN OF ACTIVITY This is a quiet night-time scene dominated by static parked two-wheelers. The only movement is in the background roadway: the GSRTC bus visible at the start has departed by roughly the 30-second mark, after which a red/white bus or large vehicle appears near the bus exit in the later frames. The green auto-rickshaw sits idle at the left before switching on its headlamp and repositioning around the 35 40 second mark, coinciding with a single pedestrian crossing the parking area. The seated man with his phone is a constant from start to finish. No significant change in the parking bay itself. 9. QUIET PERIODS None observed in the strict sense the scene is largely static, but background bus movement, the auto-rickshaw and the pedestrian provide intermittent activity throughout; the foreground is effectively still from start to end.
================================================================================

Batches:   0%|          | 0/1 [00:00<?, ?it/s]Batches: 100%|██████████| 1/1 [00:00<00:00, 42.06it/s]
2026-09-03 04:59:42,721 - MainProcess - INFO - ✅ Segment #604 stored in MongoDB
✅ Segment #604 from Camera cam17_17_Rajkot_Bus_Port_CCTV stored in MongoDB
2026-09-03 04:59:42,722 - MainProcess - INFO - [cam17_17_Rajkot_Bus_Port_CCTV] segment 604 looks alert-worthy - asking z-ai/glm-5.3-flash
2026-09-03 04:59:42,722 - MainProcess - INFO - [AI->] https://openrouter.ai/api/v1/chat/completions z-ai/glm-5.3-flash (max_tokens=2000, prompt=4464 chars)
2026-09-03 04:59:44,174 - MainProcess - INFO - [AI<-] z-ai/glm-5.3-flash ok in 1.5s | prompt_tok=1129 completion_tok=7 cost=$0.00017285 | 14 chars returned
2026-09-03 04:59:44,174 - MainProcess - INFO - [cam17_17_Rajkot_Bus_Port_CCTV] ✅ Segment #604 complete
2026-09-03 04:59:44,175 - MainProcess - INFO - [cam17_17_Rajkot_Bus_Port_CCTV] #604  24/135 ( 17.8%) | seg 139.51s = seek 50.93 (12f, 4.24s/frame) + vlm  83.11 + azure  1.45 + embed  0.41 | avg  41.24s | elapsed 0:16:29 | ETA 1:16:17
2026-09-03 04:59:45,877 - MainProcess - INFO - [AI->] https://openrouter.ai/api/v1/chat/completions z-ai/glm-5.3-flash (1 frames, max_tokens=40)
2026-09-03 04:59:46,862 - MainProcess - INFO - [AI<-] z-ai/glm-5.3-flash ok in 41.9s | prompt_tok=15352 completion_tok=1014 cost=$0.0028098 | 4198 chars
2026-09-03 04:59:46,862 - MainProcess - INFO - [VLM] Response received. Content len: 4198, Thinking len: 0

================================================================================
🤖 [cam15_stream-15] SEGMENT VLM - #676 - 2026-06-14 08:15:57
================================================================================
Recorded 14-06-2026 (Sunday) 08:15:57 to 08:16:27 at Suvidhapark, camera cam15_stream-15. 1. SCENE The camera overlooks a signalised road junction at Suvidhapark (camera label "Suvidhapark P3 RLVD" visible bottom right), viewed from an elevated position. Zebra crossings dominate the foreground and left side; a traffic signal post with a red/white bollard stands on the right island. Lighting is natural daylight, overcast/hazy, consistent with morning. 2. TRAFFIC AND PEOPLE - Auto-rickshaws: multiple, yellow-and-green livery one crossing top-left at 0s, one top-right at 0s, one entering from bottom centre around 53s and stopping on the crossing. - Scooters/motorcycles: a white scooter with rider crossing left-to-right at 0s; a dark scooter with rider at 0s; a motorcycle with helmeted rider in pale shirt crossing right-to-left around 21s; a scooter with rider in white shirt moving away around 25s; a motorcycle with rider carrying goods at 25s and again top-right at 28s. - A red city bus with advertising panels enters from the left around 21s, crossing the junction, and exits left/top by 25s. - A dark grey/black car crosses top-right around 15s. - A white hatchback crosses the junction left-to-right around 44s; a second white car crosses right-to-left around 53s. - A hand-pulled fruit/vegetable cart with goods crosses left-to-right around 28s; a cyclist with a loaded carrier crosses around 9s and 21s. - Pedestrians: a person in a light shirt and dark trousers with a bag crosses the junction centre from right to left at 0s, reaching the far side by 9s; a woman in a red sari with a light shoulder bag crosses from the left around 15s 25s; a bald man in a white shirt and grey trousers crosses right-to-left around 15s, exiting right around 21s; a person in red near the left island throughout; a vendor with goods on the left footpath around 28s. 3. VEHICLES IDENTIFIED CONFIRMED: - White hatchback (Swift-class body shape clearly visible), crossing left to right through the junction, 44s. Plate not legible. PROBABLE (unconfirmed): - Dark grey/black compact sedan, unconfirmed rear three-quarter angle, motion blur, 15s. - Red city bus, unconfirmed make side/rear only, advertising livery, 21s 25s. - Yellow-and-green auto-rickshaws, unconfirmed makes distance and angle, throughout (0s, 21s, 25s, 53s). - White compact car, unconfirmed motion blur crossing junction, 53s. 4. REGISTRATIONS READ None legible. All plates are either too distant, motion-blurred or rear-facing; no registration in this clip is a verified read. 5. NOTABLE EVENTS - At approximately 53s a green-and-yellow auto-rickshaw enters from the bottom of frame and stops on the pedestrian zebra crossing, obstructing it as the clip ends. - Pedestrians are seen crossing the wide junction outside the marked crossing lines (the man in the white shirt at 15s crosses diagonally through open carriageway), though no conflict with vehicles is observed. 6. CROWD AND CONGESTION None observed. Traffic flows freely throughout; no queues or build-ups form. 7. TRAFFIC VIOLATIONS - At approximately 53s an auto-rickshaw stops on the zebra crossing (obstruction of a pedestrian crossing). - The traffic signal on the right shows red/amber aspects from around 25s onward; vehicles including the white hatchback at 44s and the white car at 53s move through the junction during these aspects, suggesting movement against the signal, though the signal facing relevant to those movements is not fully visible. 8. PATTERN OF ACTIVITY The clip shows light, free-flowing morning traffic at a large junction. Early frames are dominated by two-wheelers and auto-rickshaws clearing the junction, with several pedestrians crossing on foot. Mid-clip, a red city bus and a hand-cart pass through, adding heavier and slower elements. In the later frames the junction is noticeably emptier long stretches of clear carriageway broken only by isolated cars and a single auto-rickshaw, which ends the clip stopped on the crossing. Overall movement is mixed-direction with no dominant flow. 9. QUIET PERIODS The junction is nearly empty from about 34s to 44s, with only distant movement at the top of frame, and again briefly around 50s. No period is completely static, but these are the quietest spans.
================================================================================

Batches:   0%|          | 0/1 [00:00<?, ?it/s]Batches: 100%|██████████| 1/1 [00:00<00:00, 19.53it/s]
2026-09-03 04:59:47,800 - MainProcess - INFO - ✅ Segment #676 stored in MongoDB
✅ Segment #676 from Camera cam15_stream-15 stored in MongoDB
2026-09-03 04:59:47,801 - MainProcess - INFO - [cam15_stream-15] segment 676 looks alert-worthy - asking z-ai/glm-5.3-flash
2026-09-03 04:59:47,801 - MainProcess - INFO - [AI->] https://openrouter.ai/api/v1/chat/completions z-ai/glm-5.3-flash (max_tokens=2000, prompt=5291 chars)
2026-09-03 04:59:50,064 - MainProcess - INFO - [AI<-] z-ai/glm-5.3-flash ok in 4.2s | prompt_tok=1442 completion_tok=15 cost=$2.742e-05 | 22 chars
2026-09-03 04:59:51,083 - MainProcess - INFO - [AI<-] z-ai/glm-5.3-flash ok in 3.3s | prompt_tok=1329 completion_tok=77 cost=$0.000115085 | 290 chars returned
2026-09-03 04:59:51,083 - MainProcess - INFO - [cam15_stream-15] segment 676 alert suppressed (cooldown): Possible red-light running: vehicles moving through junction during red/amber, ~44-53s (signal facing unconfirmed)
2026-09-03 04:59:51,083 - MainProcess - INFO - [cam15_stream-15] segment 676 -> 1 alert(s)
2026-09-03 04:59:51,083 - MainProcess - WARNING - [cam15_stream-15] no VMS device id in camera_did_map.json - alert skipped: Auto-rickshaw stopped on zebra crossing at ~53s, obstructing pedestrian crossing
2026-09-03 04:59:51,084 - MainProcess - INFO - [cam15_stream-15] ✅ Segment #676 complete
2026-09-03 04:59:51,419 - MainProcess - INFO - [AI->] https://openrouter.ai/api/v1/chat/completions z-ai/glm-5.3-flash (12 frames, max_tokens=2600)
2026-09-03 04:59:52,398 - MainProcess - INFO - [Memory] RAM: 12.9% | Process: 1.94GB | GPU: 10137/24564MB (41.3%)
2026-09-03 04:59:52,398 - MainProcess - INFO - [cam15_stream-15] #676  20/64 ( 31.2%) | seg 113.96s = seek 65.83 (12f, 5.49s/frame) + vlm  42.44 + azure  1.26 + embed  0.44 | avg  49.87s | elapsed 0:16:37 | ETA 0:36:34
2026-09-03 04:59:55,643 - MainProcess - WARNING - [cam13_stream-13] Segment #141: frame seek failed, skipping
2026-09-03 04:59:55,643 - MainProcess - INFO - [cam13_stream-13] #141  49/627 (  7.8%) | seg   0.00s = seek 51.42 (0f, 51.42s/frame) + vlm   0.00 + azure  0.00 + embed  0.00 | avg  20.45s | elapsed 0:16:41 | ETA 3:16:57
2026-09-03 04:59:55,743 - MainProcess - INFO - [AI->] https://openrouter.ai/api/v1/chat/completions z-ai/glm-5.3-flash (12 frames, max_tokens=2600)
2026-09-03 05:00:12,236 - MainProcess - WARNING - [cam13_stream-13] Segment #142: frame seek failed, skipping
2026-09-03 05:00:12,967 - MainProcess - INFO - [Memory] RAM: 12.5% | Process: 2.05GB | GPU: 6973/24564MB (28.4%)
2026-09-03 05:00:12,968 - MainProcess - INFO - [cam13_stream-13] #142  50/627 (  8.0%) | seg   0.00s = seek 50.59 (0f, 50.59s/frame) + vlm   0.00 + azure  0.00 + embed  0.00 | avg  20.38s | elapsed 0:16:59 | ETA 3:16:00
2026-09-03 05:00:27,767 - MainProcess - INFO - [AI->] https://openrouter.ai/api/v1/chat/completions z-ai/glm-5.3-flash (1 frames, max_tokens=40)
2026-09-03 05:00:30,952 - MainProcess - INFO - [AI<-] z-ai/glm-5.3-flash ok in 3.2s | prompt_tok=1442 completion_tok=15 cost=$0.0002238 | 22 chars
2026-09-03 05:00:32,552 - MainProcess - INFO - [AI->] https://openrouter.ai/api/v1/chat/completions z-ai/glm-5.3-flash (12 frames, max_tokens=2600)
2026-09-03 05:00:37,234 - MainProcess - WARNING - [cam13_stream-13] Segment #143: frame seek failed, skipping
2026-09-03 05:00:37,234 - MainProcess - INFO - [cam13_stream-13] #143  51/627 (  8.1%) | seg   0.00s = seek 59.80 (0f, 59.80s/frame) + vlm   0.00 + azure  0.00 + embed  0.00 | avg  20.46s | elapsed 0:17:23 | ETA 3:16:24
2026-09-03 05:00:41,889 - MainProcess - INFO - [AI<-] z-ai/glm-5.3-flash ok in 46.1s | prompt_tok=15352 completion_tok=1114 cost=$0.0028598 | 4441 chars
2026-09-03 05:00:41,889 - MainProcess - INFO - [VLM] Response received. Content len: 4441, Thinking len: 58

================================================================================
🤖 [cam15_stream-15] SEGMENT VLM - #677 - 2026-06-14 08:16:57
================================================================================
Recorded 14-06-2026 (Sunday) 08:16:57 to 08:17:27 at Suvidhapark, camera cam15_stream-15. 1. SCENE The camera overlooks a signalised road junction with a wide zebra crossing in the foreground, from an elevated pole-mounted position. A traffic signal head is visible on the right, showing amber in the later part of the clip. Daylight, overcast/hazy conditions, good visibility. The overlay reads 'Suvidhapark P3 RLVD'. 2. TRAFFIC AND PEOPLE - Two male pedestrians cross the junction early in the clip: one in a white shirt and dark trousers with a bag (crossing left to right across the upper crossing, visible 0s 8s), and one in a white long-sleeve shirt and dark trousers with a bag (crossing the lower-left crossing, 0s 8s, moving away from camera). - A woman in an orange/salwar-style outfit with a black backpack crosses the left zebra around 8s 16s. - Multiple two-wheelers throughout: a scooter with two riders (front rider in white) crossing centre-left at 4s; a motorcyclist in dark clothing with a backpack who stops on the lower zebra crossing and remains stationary from about 8s through 24s; numerous scooters and motorcycles passing in both directions at 16s 33s; a scooter with two riders in white at 31s 33s moving away from camera. - Cars: a white MPV/hatchback entering from the right at 0s; a white sedan crossing left at 8s; a dark compact SUV crossing left at 41s 46s; a dark van/jeep-type vehicle at the right edge at 41s. - Auto-rickshaws: green-and-yellow autos crossing at 16s, 41s and 49s. - A red city bus (Gujarat-style livery, Gujarati text on rear) enters from the top at 41s and crosses the junction towards the camera, occupying the right half of the frame at 46s and exiting top by 49s. - A white open-back utility/jeep-type vehicle with a load enters from the right at 46s 49s; a white goods mini-truck heavily loaded with scrap/furniture crosses left at 56s. 3. VEHICLES IDENTIFIED CONFIRMED: None identified. No badge or body shape is readable with certainty at this angle and resolution. PROBABLE (unconfirmed): - White MPV/hatchback, Ertiga-class (unconfirmed), entering from right at 0s rear three-quarter angle, distance. - White compact sedan (unconfirmed), crossing left at 8s motion blur, side angle only. - Dark compact SUV, Creta/Seltos class (unconfirmed), crossing left at 41s 46s rear angle, plate not legible. - Red single-deck city bus, state-carrier type (unconfirmed), 41s 49s rear view only, no fleet number legible. - White open-back utility jeep type (unconfirmed), 46s 49s partial view at frame edge. 4. REGISTRATIONS READ None legible. All plates are either too distant, motion-blurred or at rear angles; any plate-shaped marks are single automatic reads at best and not verified against any registry. 5. NOTABLE EVENTS - A motorcyclist in dark clothing with a backpack stops and waits stationary on the lower zebra crossing from about 8s to at least 24s, obstructing the pedestrian crossing while cross traffic passes (8s 24s). - Heavy pixelated corruption/distortion of the video feed around 20s, degrading identification of vehicles in that frame. - No collisions, near-misses, altercations or unattended items observed. 6. CROWD AND CONGESTION - A loose cluster of two-wheelers and two auto-rickshaws gathers in the upper junction area around 16s, dispersing by 20s. No full jam; flow remains continuous. 7. TRAFFIC VIOLATIONS - Motorcyclist stopped/waiting on the zebra crossing, obstructing the pedestrian crossing, 8s 24s. - A scooter carrying two riders plus what appears to be a third pillion (three on a two-wheeler) crossing centre at 4s. 8. PATTERN OF ACTIVITY The clip shows steady mixed morning traffic at a busy junction. Early frames are pedestrian-dominated, with several people crossing on foot and light vehicular movement. From mid-clip the pedestrian presence falls away and the junction becomes vehicle-dominated scooters, motorcycles, autos, then a red bus and a loaded goods truck passing through. Most traffic moves away from the camera towards the top of frame or crosses left to right; the amber signal in the later frames corresponds with the heavier, faster vehicle flow. The signal appears permissive for crossing traffic throughout, with vehicles yielding informally to pedestrians rather than stopping. 9. QUIET PERIODS None observed. Some form of movement is present in every sampled frame, though the junction is momentarily clear of the foreground zebra between roughly 49s and 56s apart from the goods truck entering.
================================================================================

Batches:   0%|          | 0/1 [00:00<?, ?it/s]Batches: 100%|██████████| 1/1 [00:00<00:00, 20.83it/s]
2026-09-03 05:00:42,839 - MainProcess - INFO - ✅ Segment #677 stored in MongoDB
✅ Segment #677 from Camera cam15_stream-15 stored in MongoDB
2026-09-03 05:00:42,840 - MainProcess - INFO - [cam15_stream-15] segment 677 looks alert-worthy - asking z-ai/glm-5.3-flash
2026-09-03 05:00:42,840 - MainProcess - INFO - [AI->] https://openrouter.ai/api/v1/chat/completions z-ai/glm-5.3-flash (max_tokens=2000, prompt=5291 chars)
2026-09-03 05:00:43,742 - MainProcess - INFO - [AI->] https://openrouter.ai/api/v1/chat/completions z-ai/glm-5.3-flash (1 frames, max_tokens=40)
2026-09-03 05:00:43,931 - MainProcess - INFO - [AI<-] z-ai/glm-5.3-flash ok in 52.5s | prompt_tok=15352 completion_tok=829 cost=$0.0013349 | 3497 chars
2026-09-03 05:00:43,932 - MainProcess - INFO - [VLM] Response received. Content len: 3497, Thinking len: 0
