2026-09-03 04:39:09,872 - MainProcess - INFO - ==============================================================================
2026-09-03 04:39:09,872 - MainProcess - INFO - 🎥 POLICE CCTV PROSE TIER — one VLM description per 60s segment
2026-09-03 04:39:09,872 - MainProcess - INFO - ==============================================================================
2026-09-03 04:39:10,027 - MainProcess - INFO - ✅ OpenRouter reachable, 'z-ai/glm-5.3-flash' accepts ['text', 'image', 'video']
2026-09-03 04:39:10,028 - MainProcess - WARNING - VLM_BACKEND=openrouter - FRAMES are uploaded to a third party, not just the prose about them.
2026-09-03 04:39:10,030 - MainProcess - WARNING - Skipping cam01_01_Chiman_bhai_Bridge.mp4: file not found at videos-hackathon/cam01_01_Chiman_bhai_Bridge.mp4
2026-09-03 04:39:10,030 - MainProcess - WARNING - Skipping cam02_02_Janpath.mp4: file not found at videos-hackathon/cam02_02_Janpath.mp4
2026-09-03 04:39:10,031 - MainProcess - WARNING - Skipping cam03_03_O.N.G.C._Office.mp4: file not found at videos-hackathon/cam03_03_O.N.G.C._Office.mp4
2026-09-03 04:39:10,031 - MainProcess - WARNING - Skipping cam25_33_dehgam.mp4: file not found at videos-hackathon/cam25_33_dehgam.mp4
2026-09-03 04:39:10,031 - MainProcess - WARNING - Skipping cam27_35_TANKAL.mp4: file not found at videos-hackathon/cam27_35_TANKAL.mp4
2026-09-03 04:39:10,031 - MainProcess - WARNING - No metadata row for cam10.mp4; adding it as location 'cam10'
2026-09-03 04:39:10,031 - MainProcess - WARNING - No metadata row for cam28_stream-28.mp4; adding it as location 'cam28 stream 28'
2026-09-03 04:39:10,031 - MainProcess - WARNING - No metadata row for cam30_stream-30.mp4; adding it as location 'cam30 stream 30'
2026-09-03 04:39:10,031 - MainProcess - INFO - Restricted to 5 video(s): cam13_stream-13, cam15_stream-15, cam17_17_Rajkot_Bus_Port_CCTV, cam14_stream-14, cam10
2026-09-03 04:39:10,032 - MainProcess - INFO - 📌 Anchors: 9/12 videos have a known start time (video_anchors.json)
2026-09-03 04:39:10,032 - MainProcess - WARNING - ⚠️  1 video(s) have no registry anchor and will fall back to runtime OCR then file mtime: cam17_17_Rajkot_Bus_Port_CCTV
2026-09-03 04:39:10,032 - MainProcess - WARNING - ⚠️  Run 'python merge-final-many.py --probe-anchors' first, or set them manually in video_anchors.json, for correct time-range search.
2026-09-03 04:39:10,032 - MainProcess - INFO - 🔧 UniversalModelManager initialized
2026-09-03 04:39:10,032 - MainProcess - INFO - 🔥 Loading SentenceTransformer ONCE...
2026-09-03 04:39:10,089 - MainProcess - INFO - No device provided, using cuda:0
2026-09-03 04:39:10,526 - MainProcess - INFO - Loading SentenceTransformer model from nomic-ai/nomic-embed-text-v1.5.
2026-09-03 04:39:13,940 - MainProcess - WARNING - <All keys matched successfully>
2026-09-03 04:39:16,915 - MainProcess - INFO - ✅ SentenceTransformer loaded (SHARED across all cameras)
2026-09-03 04:39:18,933 - MainProcess - INFO - ✓ MongoDB connection successful
2026-09-03 04:39:18,937 - MainProcess - INFO - Processing 5 video(s), up to 5 concurrently
2026-09-03 04:39:18,937 - MainProcess - INFO - [cam13_stream-13] Starting seek-based pass (location: CN Vidhyalaya P2 RLVD-2027)
2026-09-03 04:39:18,938 - MainProcess - INFO - [cam15_stream-15] Starting seek-based pass (location: Suvidhapark)
2026-09-03 04:39:18,939 - MainProcess - INFO - ♻️ Reusing shared SentenceTransformer model
2026-09-03 04:39:18,939 - MainProcess - INFO - 🗄️ MongoVideoDatabase initialized
2026-09-03 04:39:18,939 - MainProcess - INFO - [cam17_17_Rajkot_Bus_Port_CCTV] Starting seek-based pass (location: Rajkot Bus Port)
2026-09-03 04:39:18,940 - MainProcess - INFO - ♻️ Reusing shared SentenceTransformer model
2026-09-03 04:39:18,940 - MainProcess - INFO - 🗄️ MongoVideoDatabase initialized
2026-09-03 04:39:18,940 - MainProcess - INFO - ♻️ Reusing shared SentenceTransformer model
2026-09-03 04:39:18,940 - MainProcess - INFO - 🗄️ MongoVideoDatabase initialized
2026-09-03 04:39:18,940 - MainProcess - INFO - [cam14_stream-14] Starting seek-based pass (location: Unknown Location (cam14))
2026-09-03 04:39:18,941 - MainProcess - INFO - [cam10] Starting seek-based pass (location: cam10)
2026-09-03 04:39:18,942 - MainProcess - INFO - ♻️ Reusing shared SentenceTransformer model
2026-09-03 04:39:18,942 - MainProcess - INFO - 🗄️ MongoVideoDatabase initialized
2026-09-03 04:39:18,942 - MainProcess - INFO - ♻️ Reusing shared SentenceTransformer model
2026-09-03 04:39:18,942 - MainProcess - INFO - 🗄️ MongoVideoDatabase initialized
2026-09-03 04:39:19,037 - MainProcess - WARNING - [cam17_17_Rajkot_Bus_Port_CCTV.mp4] marked NON-CONTIGUOUS: the overlay clock does not track the file offset, so no single anchor is valid. Falling back to per-segment overlay OCR, which is slower but is the only correct option here.
2026-09-03 04:39:19,194 - MainProcess - INFO - [cam10] Resuming - 60 segment(s) already stored, will be skipped
2026-09-03 04:39:19,194 - MainProcess - INFO - [cam10] 1920x1080 @ 14.95fps | 1.00h | 60 segments | anchor 2025-08-28T10:30:10 (ocr_verified)
2026-09-03 04:39:19,194 - MainProcess - INFO - [cam10] 0 segment(s) to process
2026-09-03 04:39:19,194 - MainProcess - INFO - ==============================================================================
2026-09-03 04:39:19,194 - MainProcess - INFO - [cam10] FINISHED  0 saved, 0 failed, 60 skipped
2026-09-03 04:39:19,195 - MainProcess - INFO - [cam10] total wall time      0:00:00  (0.0s)
2026-09-03 04:39:19,195 - MainProcess - INFO - [cam10] per segment (mean)     0.00s
2026-09-03 04:39:19,195 - MainProcess - INFO - [cam10]   frame seek x0.0      0.00s  ( 0.0%)  -> 0.00s per frame (0 frames, 1 per 5s of footage)
2026-09-03 04:39:19,195 - MainProcess - INFO - [cam10]   VLM description      0.00s  ( 0.0%)
2026-09-03 04:39:19,195 - MainProcess - INFO - [cam10]   azure upload x2      0.00s  ( 0.0%)
2026-09-03 04:39:19,195 - MainProcess - INFO - [cam10]   embed + store        0.00s  ( 0.0%)
2026-09-03 04:39:19,195 - MainProcess - INFO - [cam10] footage:compute      1 min of video per 0.0s of compute
2026-09-03 04:39:19,195 - MainProcess - INFO - ==============================================================================
2026-09-03 04:39:19,195 - MainProcess - INFO - [cam10] generating video-level summary...
2026-09-03 04:39:19,757 - MainProcess - INFO - [cam14_stream-14] Resuming - 720 segment(s) already stored, will be skipped
2026-09-03 04:39:19,757 - MainProcess - INFO - [cam14_stream-14] 1920x1080 @ 12.50fps | 12.00h | 720 segments | anchor 2026-06-13T20:59:20.800000 (ocr_verified)
2026-09-03 04:39:19,757 - MainProcess - INFO - [cam14_stream-14] 0 segment(s) to process
2026-09-03 04:39:19,757 - MainProcess - INFO - ==============================================================================
2026-09-03 04:39:19,757 - MainProcess - INFO - [cam14_stream-14] FINISHED  0 saved, 0 failed, 720 skipped
2026-09-03 04:39:19,757 - MainProcess - INFO - [cam14_stream-14] total wall time      0:00:00  (0.0s)
2026-09-03 04:39:19,758 - MainProcess - INFO - [cam14_stream-14] per segment (mean)     0.00s
2026-09-03 04:39:19,758 - MainProcess - INFO - [cam14_stream-14]   frame seek x0.0      0.00s  ( 0.0%)  -> 0.00s per frame (0 frames, 1 per 5s of footage)
2026-09-03 04:39:19,758 - MainProcess - INFO - [cam14_stream-14]   VLM description      0.00s  ( 0.0%)
2026-09-03 04:39:19,758 - MainProcess - INFO - [cam14_stream-14]   azure upload x2      0.00s  ( 0.0%)
2026-09-03 04:39:19,758 - MainProcess - INFO - [cam14_stream-14]   embed + store        0.00s  ( 0.0%)
2026-09-03 04:39:19,758 - MainProcess - INFO - [cam14_stream-14] footage:compute      1 min of video per 0.0s of compute
2026-09-03 04:39:19,758 - MainProcess - INFO - ==============================================================================
2026-09-03 04:39:19,758 - MainProcess - INFO - [cam14_stream-14] generating video-level summary...
2026-09-03 04:39:20,207 - MainProcess - INFO - [cam13_stream-13] Resuming - 93 segment(s) already stored, will be skipped
2026-09-03 04:39:20,207 - MainProcess - INFO - [cam13_stream-13] 1920x1080 @ 12.50fps | 12.00h | 720 segments | anchor 2026-06-13T20:58:57.800000 (ocr_verified)
2026-09-03 04:39:20,207 - MainProcess - INFO - [cam13_stream-13] 627 segment(s) to process
2026-09-03 04:39:20,207 - MainProcess - INFO - [cam13_stream-13] 3 segments in flight at once (SEGMENT_WORKERS=3)
2026-09-03 04:39:20,463 - MainProcess - INFO - [cam15_stream-15] Resuming - 647 segment(s) already stored, will be skipped
2026-09-03 04:39:20,463 - MainProcess - INFO - [cam15_stream-15] 1920x1080 @ 12.50fps | 12.00h | 720 segments | anchor 2026-06-13T20:59:57.800000 (ocr_verified)
2026-09-03 04:39:20,464 - MainProcess - INFO - [cam15_stream-15] 73 segment(s) to process
2026-09-03 04:39:20,464 - MainProcess - INFO - [cam15_stream-15] 3 segments in flight at once (SEGMENT_WORKERS=3)
2026-09-03 04:39:20,846 - MainProcess - INFO - 🚀 GPU decode (NVDEC) available
2026-09-03 04:39:21,419 - MainProcess - INFO - [cam17_17_Rajkot_Bus_Port_CCTV] Resuming - 574 segment(s) already stored, will be skipped
2026-09-03 04:39:21,419 - MainProcess - INFO - [cam17_17_Rajkot_Bus_Port_CCTV] 1920x1080 @ 24.98fps | 11.98h | 718 segments | per-segment overlay OCR (non_contiguous)
2026-09-03 04:39:21,420 - MainProcess - INFO - [cam17_17_Rajkot_Bus_Port_CCTV] 144 segment(s) to process
2026-09-03 04:39:21,420 - MainProcess - INFO - [cam17_17_Rajkot_Bus_Port_CCTV] 3 segments in flight at once (SEGMENT_WORKERS=3)
2026-09-03 04:39:21,530 - MainProcess - INFO - [cam14_stream-14] summary: condensing minutes 0-24 (1/29)
2026-09-03 04:39:21,530 - MainProcess - INFO - [AI->] https://openrouter.ai/api/v1/chat/completions z-ai/glm-5.3-flash (max_tokens=700, prompt=24500 chars)
2026-09-03 04:39:21,819 - MainProcess - INFO - [cam10] summary: condensing minutes 0-24 (1/3)
2026-09-03 04:39:21,819 - MainProcess - INFO - [AI->] https://openrouter.ai/api/v1/chat/completions z-ai/glm-5.3-flash (max_tokens=700, prompt=30875 chars)
2026-09-03 04:39:35,319 - MainProcess - INFO - [AI<-] z-ai/glm-5.3-flash ok in 13.5s | prompt_tok=8240 completion_tok=700 cost=$0.001586 | 2310 chars returned
2026-09-03 04:39:35,319 - MainProcess - INFO - [cam10] summary: condensing minutes 25-49 (2/3)
2026-09-03 04:39:35,319 - MainProcess - INFO - [AI->] https://openrouter.ai/api/v1/chat/completions z-ai/glm-5.3-flash (max_tokens=700, prompt=30886 chars)
2026-09-03 04:39:35,436 - MainProcess - INFO - [AI<-] z-ai/glm-5.3-flash ok in 13.9s | prompt_tok=5806 completion_tok=417 cost=$0.0010794 | 1541 chars returned
2026-09-03 04:39:35,436 - MainProcess - INFO - [cam14_stream-14] summary: condensing minutes 25-49 (2/29)
2026-09-03 04:39:35,436 - MainProcess - INFO - [AI->] https://openrouter.ai/api/v1/chat/completions z-ai/glm-5.3-flash (max_tokens=700, prompt=24183 chars)
2026-09-03 04:39:39,864 - MainProcess - WARNING - [cam13_stream-13] Segment #94: frame seek failed, skipping
2026-09-03 04:39:39,865 - MainProcess - INFO - [cam13_stream-13] #94   1/627 (  0.2%) | seg   0.00s = seek 19.66 (0f, 19.66s/frame) + vlm   0.00 + azure  0.00 + embed  0.00 | avg  19.66s | elapsed 0:00:19 | ETA 3:25:05
2026-09-03 04:39:41,484 - MainProcess - WARNING - [cam13_stream-13] Segment #95: frame seek failed, skipping
2026-09-03 04:39:41,485 - MainProcess - INFO - [cam13_stream-13] #95   2/627 (  0.3%) | seg   0.00s = seek 21.28 (0f, 21.28s/frame) + vlm   0.00 + azure  0.00 + embed  0.00 | avg  10.64s | elapsed 0:00:21 | ETA 1:50:49
2026-09-03 04:39:41,559 - MainProcess - WARNING - [cam13_stream-13] Segment #93: frame seek failed, skipping
2026-09-03 04:39:41,560 - MainProcess - INFO - [cam13_stream-13] #93   3/627 (  0.5%) | seg   0.00s = seek 21.35 (0f, 21.35s/frame) + vlm   0.00 + azure  0.00 + embed  0.00 | avg   7.12s | elapsed 0:00:21 | ETA 1:14:01
2026-09-03 04:39:41,732 - MainProcess - INFO - [AI->] https://openrouter.ai/api/v1/chat/completions z-ai/glm-5.3-flash (12 frames, max_tokens=2600)
2026-09-03 04:39:44,456 - MainProcess - INFO - [AI<-] z-ai/glm-5.3-flash ok in 9.0s | prompt_tok=5785 completion_tok=416 cost=$0.00107575 | 1316 chars returned
2026-09-03 04:39:44,456 - MainProcess - INFO - [cam14_stream-14] summary: condensing minutes 50-74 (3/29)
2026-09-03 04:39:44,456 - MainProcess - INFO - [AI->] https://openrouter.ai/api/v1/chat/completions z-ai/glm-5.3-flash (max_tokens=700, prompt=24385 chars)
2026-09-03 04:39:48,978 - MainProcess - INFO - [AI<-] z-ai/glm-5.3-flash ok in 13.7s | prompt_tok=7781 completion_tok=586 cost=$0.00146015 | 2140 chars returned
2026-09-03 04:39:48,978 - MainProcess - INFO - [cam10] summary: condensing minutes 50-59 (3/3)
2026-09-03 04:39:48,978 - MainProcess - INFO - [AI->] https://openrouter.ai/api/v1/chat/completions z-ai/glm-5.3-flash (max_tokens=700, prompt=12676 chars)
2026-09-03 04:39:52,640 - MainProcess - INFO - [AI->] https://openrouter.ai/api/v1/chat/completions z-ai/glm-5.3-flash (12 frames, max_tokens=2600)
2026-09-03 04:39:52,971 - MainProcess - INFO - [AI->] https://openrouter.ai/api/v1/chat/completions z-ai/glm-5.3-flash (12 frames, max_tokens=2600)
2026-09-03 04:39:54,810 - MainProcess - INFO - [AI<-] z-ai/glm-5.3-flash ok in 5.8s | prompt_tok=3287 completion_tok=530 cost=$0.00075805 | 2002 chars returned
2026-09-03 04:39:54,811 - MainProcess - INFO - [AI->] https://openrouter.ai/api/v1/chat/completions z-ai/glm-5.3-flash (max_tokens=6000, prompt=8827 chars)
2026-09-03 04:39:55,635 - MainProcess - INFO - [AI<-] z-ai/glm-5.3-flash ok in 11.2s | prompt_tok=5797 completion_tok=385 cost=$0.00106205 | 1438 chars returned
2026-09-03 04:39:55,635 - MainProcess - INFO - [cam14_stream-14] summary: condensing minutes 75-99 (4/29)
2026-09-03 04:39:55,636 - MainProcess - INFO - [AI->] https://openrouter.ai/api/v1/chat/completions z-ai/glm-5.3-flash (max_tokens=700, prompt=24452 chars)
2026-09-03 04:40:04,693 - MainProcess - INFO - [AI<-] z-ai/glm-5.3-flash ok in 23.0s | prompt_tok=15352 completion_tok=913 cost=$0.0027593 | 3828 chars
2026-09-03 04:40:04,694 - MainProcess - INFO - [VLM] Response received. Content len: 3828, Thinking len: 0
2026-09-03 04:40:05,040 - MainProcess - INFO - [AI->] https://openrouter.ai/api/v1/chat/completions z-ai/glm-5.3-flash (1 frames, max_tokens=40)
2026-09-03 04:40:05,057 - MainProcess - INFO - [AI->] https://openrouter.ai/api/v1/chat/completions z-ai/glm-5.3-flash (1 frames, max_tokens=40)

================================================================================
🤖 [cam15_stream-15] SEGMENT VLM - #648 - 2026-06-14 07:47:57
================================================================================
Recorded 14-06-2026 (Sunday) 07:47:57 to 07:48:27 at Suvidhapark, camera cam15_stream-15. 1. SCENE Elevated CCTV view of a signalised road junction at Suvidhapark (camera label "Suvidhapark P3 RLVD" visible on-screen). Multiple zebra crossings, a traffic signal pole on the right with a red/amber aspect visible, a red-and-white bollard and black-and-yellow kerb island on the right, and a small shelter/tea stall area on the left. Daylight, overcast/hazy morning conditions; the road surface is dry. 2. TRAFFIC AND PEOPLE - 1 pedestrian in a pale yellow-green shirt and grey trousers crossing the left zebra at the start (0s), exiting left by ~5s. - Multiple two-wheelers throughout: a scooter with rider in yellow shirt (~5s), a motorcycle with two riders in light clothing (~14s), a scooter with rider in white (~19s), a scooter with rider in blue shirt (~50s), a motorcycle with two riders (~50s), a motorcycle with rider in dark clothing (~55s), plus several distant two-wheelers. - 1 yellow-and-green auto rickshaw crossing right-to-left (~10s), heavily motion-blurred/pixelated; further autos in green/yellow livery at ~32s, ~39s and ~43s (several near the top-right). - 1 grey/silver compact SUV crossing left-to-right (~25s). - 1 red tractor with a wooden tipping trailer carrying two people (one in a green patterned garment) crossing away from camera over the zebra (~25s). - 1 scooter carrying two riders (rider plus pillion in pale top) crossing away from camera (~30-39s). - 1 white van entering from the right and turning across the junction (~55s). - A white car partially visible at the top-right edge at 0s. 3. VEHICLES IDENTIFIED CONFIRMED: None identified. No badges or body shapes are clear enough to confirm a make or model. PROBABLE (unconfirmed): - Grey/silver compact SUV, Creta/Seltos class (unconfirmed), ~25s - distance and motion blur prevent badge or plate reading. - White van, Omni/Eeco class (unconfirmed), ~55s - rear three-quarter angle and distance; no badge legible. - Yellow-green auto rickshaw, standard auto rickshaw type (unconfirmed), ~10s - heavy motion blur/pixelation. - Red agricultural tractor with tipping trailer (unconfirmed), ~25s - type clear but no make legible. 4. REGISTRATIONS READ None legible. All plates are either too distant, motion-blurred or angled away. Any registration that might appear is a single automatic read at best and not verified against any registry. 5. NOTABLE EVENTS - ~25s: tractor with trailer crosses the junction over the pedestrian zebra while the signal aspect on the right pole shows red/amber; slow-moving but no conflict observed. - ~30s: scooter with two riders crosses the junction; no incident. - No collisions, near-misses, altercations, unattended items or restricted-area access observed. 6. CROWD AND CONGESTION None observed. Traffic flows freely throughout; no queues or build-ups at any point. 7. TRAFFIC VIOLATIONS - ~25s: tractor with trailer and ~30s: scooter with two riders cross the junction while the visible signal aspect shows red/amber, suggesting movement against the signal (possible red-light jumping). Riders of most two-wheelers appear helmetless, though resolution is too low to be certain for each. 8. PATTERN OF ACTIVITY Light, free-flowing morning traffic at a signalised junction. Movement is mixed-direction with no dominant stream: two-wheelers and auto rickshaws cross in all directions in small numbers, with occasional cars and one tractor. The early part of the clip is quieter (a lone pedestrian and single two-wheelers); from ~25s onward traffic density increases slightly with the SUV, tractor, multiple autos and the white van, but the junction never becomes congested. 9. QUIET PERIODS - ~0-5s and ~35-40s: only one or two moving vehicles on screen; otherwise the junction is largely empty between passing vehicles, but never fully static for long. No complete standstill observed.
================================================================================

Batches:   0%|          | 0/1 [00:00<?, ?it/s][transformers] Detected the usage of `get_extended_attention_mask`: This function is deprecated and will be removed in v5.12.0. Please use the new API in `transformers.masking_utils`
2026-09-03 04:40:05,554 - MainProcess - INFO - [AI->] https://openrouter.ai/api/v1/chat/completions z-ai/glm-5.3-flash (1 frames, max_tokens=40)
Batches: 100%|██████████| 1/1 [00:00<00:00,  2.18it/s]Batches: 100%|██████████| 1/1 [00:00<00:00,  2.18it/s]
2026-09-03 04:40:06,013 - MainProcess - INFO - ✅ Segment #648 stored in MongoDB
✅ Segment #648 from Camera cam15_stream-15 stored in MongoDB
2026-09-03 04:40:06,015 - MainProcess - INFO - [cam15_stream-15] segment 648 looks alert-worthy - asking z-ai/glm-5.3-flash
2026-09-03 04:40:06,015 - MainProcess - INFO - [AI->] https://openrouter.ai/api/v1/chat/completions z-ai/glm-5.3-flash (max_tokens=2000, prompt=5200 chars)
2026-09-03 04:40:06,326 - MainProcess - WARNING - [cam13_stream-13] Segment #98: frame seek failed, skipping
2026-09-03 04:40:06,470 - MainProcess - INFO - [Memory] RAM: 11.7% | Process: 2.06GB | GPU: 2129/24564MB (8.7%)
2026-09-03 04:40:06,470 - MainProcess - INFO - [cam13_stream-13] #98   4/627 (  0.6%) | seg   0.00s = seek 24.77 (0f, 24.77s/frame) + vlm   0.00 + azure  0.00 + embed  0.00 | avg  11.57s | elapsed 0:00:46 | ETA 2:00:05
2026-09-03 04:40:06,723 - MainProcess - INFO - [AI<-] z-ai/glm-5.3-flash ok in 1.7s | prompt_tok=1442 completion_tok=15 cost=$0.0001119 | 22 chars
2026-09-03 04:40:06,723 - MainProcess - INFO - [cam17_17_Rajkot_Bus_Port_CCTV] overlay clock readable by VLM on the top band; using that from now on
2026-09-03 04:40:07,348 - MainProcess - INFO - [AI<-] z-ai/glm-5.3-flash ok in 1.3s | prompt_tok=1295 completion_tok=53 cost=$0.00022075 | 138 chars returned
2026-09-03 04:40:07,348 - MainProcess - INFO - [cam15_stream-15] segment 648 -> 1 alert(s)
2026-09-03 04:40:07,348 - MainProcess - WARNING - [cam15_stream-15] no VMS device id in camera_did_map.json - alert skipped: Tractor with trailer and scooter crossed junction against red/amber signal (~25-30s)
2026-09-03 04:40:07,349 - MainProcess - INFO - [cam15_stream-15] ✅ Segment #648 complete
2026-09-03 04:40:07,532 - MainProcess - INFO - [Memory] RAM: 11.6% | Process: 1.94GB | GPU: 2342/24564MB (9.5%)
2026-09-03 04:40:07,532 - MainProcess - INFO - [cam15_stream-15] #648  1/73 (  1.4%) | seg  46.89s = seek 19.15 (12f, 1.60s/frame) + vlm  23.47 + azure  1.94 + embed  0.82 | avg  47.07s | elapsed 0:00:47 | ETA 0:56:28
2026-09-03 04:40:07,975 - MainProcess - INFO - [AI<-] z-ai/glm-5.3-flash ok in 2.9s | prompt_tok=1442 completion_tok=15 cost=$0.0001119 | 22 chars
2026-09-03 04:40:07,975 - MainProcess - INFO - [cam17_17_Rajkot_Bus_Port_CCTV] overlay clock readable by VLM on the top band; using that from now on
2026-09-03 04:40:07,985 - MainProcess - WARNING - [cam13_stream-13] Segment #97: frame seek failed, skipping
2026-09-03 04:40:07,986 - MainProcess - INFO - [cam13_stream-13] #97   5/627 (  0.8%) | seg   0.00s = seek 26.50 (0f, 26.50s/frame) + vlm   0.00 + azure  0.00 + embed  0.00 | avg   9.56s | elapsed 0:00:47 | ETA 1:39:03
2026-09-03 04:40:08,235 - MainProcess - INFO - [AI->] https://openrouter.ai/api/v1/chat/completions z-ai/glm-5.3-flash (12 frames, max_tokens=2600)
2026-09-03 04:40:09,687 - MainProcess - INFO - [AI->] https://openrouter.ai/api/v1/chat/completions z-ai/glm-5.3-flash (12 frames, max_tokens=2600)
2026-09-03 04:40:09,897 - MainProcess - WARNING - [cam13_stream-13] Segment #96: frame seek failed, skipping
2026-09-03 04:40:09,898 - MainProcess - INFO - [cam13_stream-13] #96   6/627 (  1.0%) | seg   0.00s = seek 30.03 (0f, 30.03s/frame) + vlm   0.00 + azure  0.00 + embed  0.00 | avg   8.28s | elapsed 0:00:49 | ETA 1:25:43
2026-09-03 04:40:10,809 - MainProcess - INFO - [AI<-] z-ai/glm-5.3-flash ok in 15.2s | prompt_tok=5789 completion_tok=473 cost=$0.00110485 | 1826 chars returned
2026-09-03 04:40:10,810 - MainProcess - INFO - [cam14_stream-14] summary: condensing minutes 100-124 (5/29)
2026-09-03 04:40:10,810 - MainProcess - INFO - [AI->] https://openrouter.ai/api/v1/chat/completions z-ai/glm-5.3-flash (max_tokens=700, prompt=24153 chars)
2026-09-03 04:40:18,521 - MainProcess - WARNING - [cam13_stream-13] Segment #99: frame seek failed, skipping
2026-09-03 04:40:18,522 - MainProcess - INFO - [cam13_stream-13] #99   7/627 (  1.1%) | seg   0.00s = seek 12.19 (0f, 12.19s/frame) + vlm   0.00 + azure  0.00 + embed  0.00 | avg   8.33s | elapsed 0:00:58 | ETA 1:26:05
2026-09-03 04:40:20,516 - MainProcess - WARNING - [cam13_stream-13] Segment #100: frame seek failed, skipping
2026-09-03 04:40:20,517 - MainProcess - INFO - [cam13_stream-13] #100  8/627 (  1.3%) | seg   0.00s = seek 12.53 (0f, 12.53s/frame) + vlm   0.00 + azure  0.00 + embed  0.00 | avg   7.54s | elapsed 0:01:00 | ETA 1:17:46
2026-09-03 04:40:20,681 - MainProcess - INFO - [AI->] https://openrouter.ai/api/v1/chat/completions z-ai/glm-5.3-flash (12 frames, max_tokens=2600)
2026-09-03 04:40:22,495 - MainProcess - WARNING - [cam13_stream-13] Segment #101: frame seek failed, skipping
2026-09-03 04:40:22,496 - MainProcess - INFO - [cam13_stream-13] #101  9/627 (  1.4%) | seg   0.00s = seek 12.60 (0f, 12.60s/frame) + vlm   0.00 + azure  0.00 + embed  0.00 | avg   6.92s | elapsed 0:01:02 | ETA 1:11:17
2026-09-03 04:40:25,994 - MainProcess - INFO - [AI<-] z-ai/glm-5.3-flash ok in 20.4s | prompt_tok=1442 completion_tok=15 cost=$0.0002238 | 22 chars
2026-09-03 04:40:25,997 - MainProcess - INFO - [cam17_17_Rajkot_Bus_Port_CCTV] overlay clock readable by VLM on the top band; using that from now on
2026-09-03 04:40:27,490 - MainProcess - INFO - [AI->] https://openrouter.ai/api/v1/chat/completions z-ai/glm-5.3-flash (12 frames, max_tokens=2600)
2026-09-03 04:40:28,248 - MainProcess - INFO - [AI<-] z-ai/glm-5.3-flash ok in 17.4s | prompt_tok=5791 completion_tok=584 cost=$0.00116065 | 2173 chars returned
2026-09-03 04:40:28,248 - MainProcess - INFO - [cam14_stream-14] summary: condensing minutes 125-149 (6/29)
2026-09-03 04:40:28,248 - MainProcess - INFO - [AI->] https://openrouter.ai/api/v1/chat/completions z-ai/glm-5.3-flash (max_tokens=700, prompt=25002 chars)
2026-09-03 04:40:28,336 - MainProcess - INFO - [AI<-] z-ai/glm-5.3-flash ok in 35.7s | prompt_tok=15352 completion_tok=1286 cost=$0.0014729 | 4811 chars
2026-09-03 04:40:28,336 - MainProcess - INFO - [VLM] Response received. Content len: 4811, Thinking len: 136
2026-09-03 04:40:28,583 - MainProcess - WARNING - [cam13_stream-13] Segment #102: frame seek failed, skipping
2026-09-03 04:40:28,584 - MainProcess - INFO - [cam13_stream-13] #102  10/627 (  1.6%) | seg   0.00s = seek 10.06 (0f, 10.06s/frame) + vlm   0.00 + azure  0.00 + embed  0.00 | avg   6.84s | elapsed 0:01:08 | ETA 1:10:18

================================================================================
🤖 [cam15_stream-15] SEGMENT VLM - #649 - 2026-06-14 07:48:57
================================================================================
Recorded 14-06-2026 (Sunday) 07:48:57 to 07:49:27 at Suvidhapark, camera cam15_stream-15. 1. SCENE The camera overlooks a signal-controlled four-arm road junction at Suvidhapark (camera label "Suvidhapark P3 RLVD" on the overlay). Zebra crossings are marked on all visible approaches; a traffic signal head stands at the right-hand kerb island, with a red/white bollard and a small circular signage pole. The kerb is painted black-and-yellow. Lighting is overcast daylight; the crossing is in shadow, consistent with early morning. 2. TRAFFIC AND PEOPLE - Motorcycles: several, including one with two riders (front rider in blue, pillion with luggage) crossing left-to-right at 0s; a rider in white at ~15s; one at ~42s; one on the far right at 0s and ~35s. - A dark teal/blue-green compact car turning right across the junction at 0s. - A dark grey/black car partially visible top-right at 0s. - A red AMTS city bus (rear display reading route "38/4", with an advertisement) crossing the junction away from camera between ~12s and ~27s, followed by a second red bus at ~22-27s. - A green three-wheeler goods carrier (three-wheel truck) with two occupants, crossing right-to-left at ~12s, still on the crossing at ~15s. - A cyclist in white at ~12s. - A white MPV/car at bottom-centre at ~22s, moving away. - A white SUV entering from bottom-right and moving up the right lane at ~27s; a second white SUV at top-right at ~27s. - A male pedestrian in dark t-shirt and shorts crossing the road near the centre at ~27s. - A street sweeper in a yellow-green high-visibility vest working near the left kerb from ~27s through ~46s. - Two scooters with riders in white shirts crossing left-to-right at ~31s. - A dark red/maroon SUV entering from bottom-left at ~42s. - A dark grey/blue compact SUV crossing left-to-right at ~46s. - A silver/white scooter with rider at bottom-centre at ~46s. - A white car at the right edge at ~52s. - A yellow-and-green auto-rickshaw and a grey sedan travelling away from camera side by side at ~57s. - A stray dog on the crossing near the sweeper at ~27s. 3. VEHICLES IDENTIFIED CONFIRMED: None identified. PROBABLE (unconfirmed): - Dark teal compact car, unconfirmed make - rear/side angle, distance, no badge visible, 0s. - Red city bus, AMTS-liveried public-transport bus class (unconfirmed), rear-only angle at distance, ~12s-27s. - Green goods-carrying three-wheeler, tempo/chhakda class (unconfirmed), distance and angle, ~12-15s. - White SUV, Creta/Seltos class (unconfirmed) - rear three-quarter view, badge not readable, 27s. - Dark red/maroon compact SUV, Brezza/Sonet class (unconfirmed) - rear view entering frame, plate not legible, 42s. - Dark grey compact SUV, Ecosport/Nexon class (unconfirmed) - motion blur, side angle, 46s. - Grey sedan, mid-size sedan class (unconfirmed) - rear angle, distance, ~57s. - Yellow-green auto-rickshaw, three-wheeler class (unconfirmed) - compression artefact obscures detail, ~57s. 4. REGISTRATIONS READ None legible. (Any plates present are too distant or blurred; all readings would be single automatic reads, not verified against any registry.) 5. NOTABLE EVENTS - A male pedestrian crosses the carriageway diagonally, outside the marked zebra, around 27s, passing close to moving traffic. - A stray dog is on the carriageway near the crossing at ~27s. - The red bus at ~22s appears very close to/overlapping a second red bus in the frame; the overlap shows heavy compression artefact and no collision is confirmed. Nothing further alert-worthy. 6. CROWD AND CONGESTION None observed. Traffic flows freely throughout; no queues or jams form. 7. TRAFFIC VIOLATIONS - Pedestrian crossing outside the zebra, mid-carriageway, at ~27s. - A motorcyclist at 0s and riders at ~31s traverse the junction while the signal for the camera-facing approach shows red/amber at times; with only this approach's signal visible, a definite red-light jump cannot be confirmed and none is asserted. 8. PATTERN OF ACTIVITY The clip shows steady early-morning junction traffic under signal control. In the first third the dominant movement is two-wheelers and a right-turning car crossing the frame left-to-right, with the signal on red for the camera approach. The middle of the clip is dominated by two red AMTS buses and a green three-wheeler goods carrier clearing the junction, after which the flow shifts to four-wheelers - white and maroon SUVs, a grey sedan and an auto-rickshaw - mostly moving away from camera or up the right-hand lane. A street sweeper works the left crossing area from about the 27-second mark to the end, the only constant figure. Compression artefacts degrade several frames (~2s, ~15s, ~27s, ~57s), obscuring detail there. 9. QUIET PERIODS Around ~35s and ~46-52s the junction is largely empty, with only the sweeper and occasional distant two-wheelers moving; otherwise traffic is present throughout.
================================================================================

Batches:   0%|          | 0/1 [00:00<?, ?it/s]Batches: 100%|██████████| 1/1 [00:00<00:00, 16.11it/s]
2026-09-03 04:40:29,270 - MainProcess - INFO - ✅ Segment #649 stored in MongoDB
✅ Segment #649 from Camera cam15_stream-15 stored in MongoDB
2026-09-03 04:40:29,270 - MainProcess - INFO - [cam15_stream-15] segment 649 looks alert-worthy - asking z-ai/glm-5.3-flash
2026-09-03 04:40:29,271 - MainProcess - INFO - [AI->] https://openrouter.ai/api/v1/chat/completions z-ai/glm-5.3-flash (max_tokens=2000, prompt=5291 chars)
2026-09-03 04:40:29,998 - MainProcess - WARNING - [cam13_stream-13] Segment #103: frame seek failed, skipping
2026-09-03 04:40:29,998 - MainProcess - INFO - [cam13_stream-13] #103  11/627 (  1.8%) | seg   0.00s = seek  9.48 (0f, 9.48s/frame) + vlm   0.00 + azure  0.00 + embed  0.00 | avg   6.34s | elapsed 0:01:09 | ETA 1:05:08
2026-09-03 04:40:32,771 - MainProcess - INFO - [AI<-] z-ai/glm-5.3-flash ok in 3.5s | prompt_tok=1406 completion_tok=72 cost=$0.00012345 | 136 chars returned
2026-09-03 04:40:32,772 - MainProcess - INFO - [cam15_stream-15] segment 649 -> 1 alert(s)
2026-09-03 04:40:32,772 - MainProcess - WARNING - [cam15_stream-15] no VMS device id in camera_did_map.json - alert skipped: Pedestrian crossing outside zebra, mid-carriageway, close to moving traffic (~27s)
2026-09-03 04:40:32,773 - MainProcess - INFO - [cam15_stream-15] ✅ Segment #649 complete
2026-09-03 04:40:32,783 - MainProcess - INFO - [cam15_stream-15] #649  2/73 (  2.7%) | seg  72.32s = seek 30.60 (12f, 2.55s/frame) + vlm  36.20 + azure  1.43 + embed  0.43 | avg  36.16s | elapsed 0:01:12 | ETA 0:42:47
2026-09-03 04:40:33,054 - MainProcess - WARNING - [cam13_stream-13] Segment #104: frame seek failed, skipping
2026-09-03 04:40:33,055 - MainProcess - INFO - [cam13_stream-13] #104  12/627 (  1.9%) | seg   0.00s = seek 10.56 (0f, 10.56s/frame) + vlm   0.00 + azure  0.00 + embed  0.00 | avg   6.07s | elapsed 0:01:12 | ETA 1:02:13
2026-09-03 04:40:35,155 - MainProcess - INFO - [AI<-] z-ai/glm-5.3-flash ok in 42.2s | prompt_tok=15352 completion_tok=1462 cost=$0.0015169 | 5350 chars
2026-09-03 04:40:35,156 - MainProcess - INFO - [VLM] Response received. Content len: 5350, Thinking len: 746
2026-09-03 04:40:35,348 - MainProcess - INFO - [AI<-] z-ai/glm-5.3-flash ok in 25.7s | prompt_tok=15352 completion_tok=781 cost=$0.00134665 | 3359 chars
2026-09-03 04:40:35,348 - MainProcess - INFO - [VLM] Response received. Content len: 3359, Thinking len: 0

================================================================================
🤖 [cam15_stream-15] SEGMENT VLM - #647 - 2026-06-14 07:46:57
================================================================================
Recorded 14-06-2026 (Sunday) 07:46:57 to 07:47:27 at Suvidhapark, camera cam15_stream-15. 1. SCENE The camera overlooks a signal-controlled road junction with zebra crossings on multiple arms, a traffic signal pole on the right (showing red/amber towards the camera approach throughout the clip), a red-and-white bollard on the right kerb, and buildings/shops in the far background. Conditions are daylight with soft, even lighting, consistent with early morning. The camera overlay reads 'Suvidhapark P3 RLVD'. The first frame shows heavy digital pixelation/corruption across the centre of the image, clearing by about 5s in. 2. TRAFFIC AND PEOPLE - One green-and-yellow auto-rickshaw remains stationary at the left kerb/stop line for the entire clip (present at 0s through 55s). - At 0s: a rider on a two-wheeler crossing the right-hand zebra, and an auto-rickshaw on the far right arm. - At 5s: a scooter with a rider in light clothing moving across the junction centre; a second green-yellow auto top right; a pedestrian walking near the top of frame. - At 15s: a white MPV/van-style vehicle crossing left to right through the junction; a silver hatchback approaching the camera and stopping on the crossing approach; a male pedestrian in a light blue shirt and dark trousers crossing on foot near the left; a scooter with rider on the far right arm. - At 20s: two green-yellow auto-rickshaws crossing the upper junction; the blue-shirted pedestrian continuing left. - At 25s: a cyclist in a white shirt riding away from camera towards the far crossing; a green-yellow auto-rickshaw approaching the camera and stopping at the near stop line. - At 30s: the cyclist further across; a grey van and another auto crossing the far arm; a pedestrian at the left edge. - At 34s: the near auto-rickshaw now shows a blue rear advertising panel with the word 'PORTER' legible; a motorcycle with rider crossing the centre; a second auto on the right. - At 40s: the busiest point at least five two-wheelers (riders in red, white, dark and one with a backpack), a grey compact SUV crossing the far arm, and the 'PORTER' auto moving off left. - At 44 45s: several motorcycles crossing in both directions, a motorcycle carrying two people in white on the far arm, one yellow-green auto crossing top right. - At 55s: a dark (black/dark grey) SUV stopped at the near stop line facing away from camera; two pedestrians (one in a light green shirt) on the left zebra crossing. 3. VEHICLES IDENTIFIED CONFIRMED: None identified. No badges are legible at this distance or angle. PROBABLE (unconfirmed): - White MPV/People-mover, Innova-class (unconfirmed), 15s side/rear-quarter angle and motion blur; roofline and glazing suggest the class but no badge visible. - Silver compact hatchback (unconfirmed), 15s rear-only view as it approaches and stops; plate frame visible but characters not readable. - Grey compact SUV, Creta/Seltos class (unconfirmed), 40s distant crossing view, motion blur, no badge. - Grey van/MPV (unconfirmed), 30s far-arm crossing, small in frame. - Dark compact SUV (unconfirmed), 55s rear-only, stationary at stop line; badge area not resolvable. - Multiple auto-rickshaws, green-yellow livery (body type only no model claim), throughout. 4. REGISTRATIONS READ None legible. Plates are visible on the silver hatchback (15s), the dark SUV (55s) and the near auto-rickshaw, but resolution and angle prevent any character reads. All plates in this clip are single automatic, unverified views, not checked against any registry. 5. NOTABLE EVENTS - At 15s, a male pedestrian in a light blue shirt is walking across the carriageway close to the moving white MPV; no contact or evasive action observed, but proximity is noted. - At 40 45s, multiple motorcycles cross the junction while the camera-facing signal head displays red/amber; cross-traffic movement is consistent with a green phase on the far arms rather than a confirmed violation on this approach. - The first frame (0s) shows significant video corruption/pixelation over the junction centre; this is a recording artefact, not an incident. - No collisions, near-misses, altercations, unattended items or restricted-area access observed. 6. CROWD AND CONGESTION None observed. Traffic flows freely throughout; the greatest density is 5 6 two-wheelers plus one SUV on screen around 40s, with no queueing. 7. TRAFFIC VIOLATIONS None observed. Helmet use cannot be reliably determined at this resolution for most riders. 8. PATTERN OF ACTIVITY This is a lightly used city junction in early-morning conditions, dominated by two-wheelers and auto-rickshaws moving across the junction on the cross-arm green phase, while the camera-facing approach remains held at red/amber. The clip opens with a glitched frame, then a quiet period; a single white MPV and silver hatchback pass around 15s; mid-clip a cyclist and a 'PORTER'-branded auto pass the camera; activity peaks at 40 45s with a cluster of motorcycles crossing, then tails off so that by 55s only a dark SUV waits at the stop line and two pedestrians use the left crossing. One green-yellow auto-rickshaw stays parked at the left kerb for the full 55 seconds. 9. QUIET PERIODS Approximately 8s in the junction is momentarily clear of moving traffic (only the stationary left-side auto present), and around 50 55s the carriageway is largely empty apart from the stopped dark SUV and the two pedestrians.
================================================================================

Batches:   0%|          | 0/1 [00:00<?, ?it/s]Batches: 100%|██████████| 1/1 [00:00<00:00, 14.61it/s]

================================================================================
🤖 [cam17_17_Rajkot_Bus_Port_CCTV] SEGMENT VLM - #576 - 2026-06-13 22:04:17
================================================================================
Recorded 13-06-2026 (Saturday) 22:04:17 to 22:04:47 at Rajkot Bus Port, camera cam17_17_Rajkot_Bus_Port_CCTV. 1. SCENE The camera ("1 CENTER") overlooks a paved forecourt and walkway at the edge of Rajkot Bus Port at night, lit by street lighting and a bright illuminated "HOTEL JK" advertisement board across the road. A shuttered shop front (roller shutter down) occupies the right of frame. Signage visible includes "BUS EXIT ONLY", a red/yellow "COTTON" hoarding with Gujarati text and a mobile number, and a direction board. Road surface appears damp, suggesting recent rain. Conditions are dark, consistent with late evening. 2. TRAFFIC AND PEOPLE - Parked two-wheelers: three scooters in the foreground throughout two black scooters and one white/cream scooter plus a dark red/maroon two-wheeler parked near the kerb. All stationary for the whole clip. - Foreground: one person in a pink/salmon shirt seated on the kerb edge for the entire clip, handling what appears to be a mobile phone; a second person beside them in dark clothing with a backpack, also seated, mostly still. - Footpath/roadside: a steady flow of pedestrians, roughly 10 20 visible per frame, walking both directions. Includes a man in white shirt and dark trousers near the scooters early on (leaves by ~20s), a man in all-white traditional dress standing at the left edge throughout, and a small child in orange/yellow clothing with an adult near the planter mid-clip. - Road traffic: multiple auto-rickshaws (dark-coloured) and at least one motorcycle pass along the road left of frame, moving right to left in the distance; headlights and taillights of other vehicles visible periodically. 3. VEHICLES IDENTIFIED CONFIRMED None identified. PROBABLE (unconfirmed) - Dark auto-rickshaw (three-wheeler), rear three-quarter view in low light, moving right to left on the road, ~0s. - Dark auto-rickshaw, moving right to left, ~40s. - Dark auto-rickshaw partially cut off at left edge, ~50s. - Motorcycle with headlight on, passing right to left in the far lane, ~42s. All are distant, night-time and motion-blurred; only body silhouette and light pattern visible. 4. REGISTRATIONS READ None legible. 5. NOTABLE EVENTS None observed. The seated pair in the foreground remain in place the full 55 seconds with no visible incident; no collisions, altercations or unattended items other than a pair of shoes placed beside the seated person. 6. CROWD AND CONGESTION None observed. Pedestrian flow is steady but never congested; largest gathering is around 25 30s when several pedestrians pass the planter area simultaneously. 7. TRAFFIC VIOLATIONS None observed. 8. PATTERN OF ACTIVITY This is a quiet nighttime kerbside scene dominated by pedestrian movement along the bus port walkway, with light auto-rickshaw traffic on the road passing right to left. The foreground remains static: three parked scooters and the seated pair (one in a pink shirt using a phone) do not move for the full clip. The only change over the 55 seconds is in the passing footfall early frames show a man in a light shirt standing by the scooters who departs around 20s, mid-frames bring a small group including a child in orange past the planter, and later frames show renewed rickshaw and motorcycle traffic on the road. No bus movements occur in this camera's view. 9. QUIET PERIODS None observed background pedestrian and vehicle movement continues throughout, even though the foreground is static.
================================================================================

Batches:   0%|          | 0/1 [00:00<?, ?it/s]Batches: 100%|██████████| 1/1 [00:00<00:00, 35.76it/s]
2026-09-03 04:40:36,082 - MainProcess - INFO - ✅ Segment #647 stored in MongoDB
✅ Segment #647 from Camera cam15_stream-15 stored in MongoDB
2026-09-03 04:40:36,082 - MainProcess - INFO - [cam15_stream-15] segment 647 looks alert-worthy - asking z-ai/glm-5.3-flash
2026-09-03 04:40:36,083 - MainProcess - INFO - [AI->] https://openrouter.ai/api/v1/chat/completions z-ai/glm-5.3-flash (max_tokens=2000, prompt=5291 chars)
2026-09-03 04:40:36,263 - MainProcess - INFO - ✅ Segment #576 stored in MongoDB
✅ Segment #576 from Camera cam17_17_Rajkot_Bus_Port_CCTV stored in MongoDB
2026-09-03 04:40:36,264 - MainProcess - INFO - [cam17_17_Rajkot_Bus_Port_CCTV] segment 576 looks alert-worthy - asking z-ai/glm-5.3-flash
2026-09-03 04:40:36,264 - MainProcess - INFO - [AI->] https://openrouter.ai/api/v1/chat/completions z-ai/glm-5.3-flash (max_tokens=2000, prompt=4761 chars)
2026-09-03 04:40:37,594 - MainProcess - INFO - [AI<-] z-ai/glm-5.3-flash ok in 1.3s | prompt_tok=1174 completion_tok=7 cost=$8.98e-05 | 14 chars returned
2026-09-03 04:40:37,594 - MainProcess - INFO - [cam17_17_Rajkot_Bus_Port_CCTV] ✅ Segment #576 complete
2026-09-03 04:40:37,993 - MainProcess - INFO - [Memory] RAM: 11.8% | Process: 1.95GB | GPU: 2632/24564MB (10.7%)
2026-09-03 04:40:37,993 - MainProcess - INFO - [cam17_17_Rajkot_Bus_Port_CCTV] #576  1/144 (  0.7%) | seg  76.17s = seek 37.47 (12f, 3.12s/frame) + vlm  26.17 + azure  1.49 + embed  0.41 | avg  76.57s | elapsed 0:01:16 | ETA 3:02:29
2026-09-03 04:40:38,250 - MainProcess - INFO - [AI<-] z-ai/glm-5.3-flash ok in 2.2s | prompt_tok=1320 completion_tok=7 cost=$0.00010075 | 14 chars returned
2026-09-03 04:40:38,250 - MainProcess - INFO - [cam15_stream-15] ✅ Segment #647 complete
2026-09-03 04:40:38,764 - MainProcess - INFO - [Memory] RAM: 11.8% | Process: 1.90GB | GPU: 2714/24564MB (11.0%)
2026-09-03 04:40:38,764 - MainProcess - INFO - [cam15_stream-15] #647  3/73 (  4.1%) | seg  77.79s = seek 30.60 (12f, 2.55s/frame) + vlm  42.69 + azure  1.76 + embed  0.42 | avg  26.10s | elapsed 0:01:18 | ETA 0:30:27
2026-09-03 04:40:39,193 - MainProcess - INFO - [AI<-] z-ai/glm-5.3-flash ok in 31.0s | prompt_tok=15352 completion_tok=899 cost=$0.00137615 | 3440 chars
2026-09-03 04:40:39,194 - MainProcess - INFO - [VLM] Response received. Content len: 3440, Thinking len: 261

================================================================================
🤖 [cam17_17_Rajkot_Bus_Port_CCTV] SEGMENT VLM - #574 - 2026-06-13 22:02:17
================================================================================
Recorded 13-06-2026 (Saturday) 22:02:17 to 22:02:47 at Rajkot Bus Port, camera cam17_17_Rajkot_Bus_Port_CCTV. 1. SCENE Camera "1 CENTER" overlooks a paved footpath and roadway outside Rajkot Bus Port at night. Illumination is artificial a lit "HOTEL JK" advertising hoarding, a "BUS EXIT ONLY" sign, a yellow Gujarati clinic sign, and a large yellow poster ("COTTON", with a mobile number 87339 29701 / 702) are visible. Shops on the right have their shutters down (one reddish, one grey). The road surface is damp/reflective. Street lighting is moderate with some glare and haze. 2. TRAFFIC AND PEOPLE - Two scooters parked throughout on the footpath/road edge: one black scooter with a man in a light grey/white shirt standing beside it, one black scooter unoccupied; a third, white scooter parked near the planter throughout. - A group of three to four people crouched/seated on the low ledge right of centre, one wearing a pink/salmon shirt holding a mobile phone; a black backpack beside them. Present from the start to the end of the clip, largely stationary. - A blue-and-white bus at top-left at 0s, moving left out of frame, gone by ~10s. - A person in a dark red/maroon shirt walking away near the planter at 0 5s. - Motorcycles with headlamps on passing on the road left, intermittently at ~15 30s and ~40 55s. - Auto-rickshaws and cars in the background road traffic throughout. - A man in dark clothing walks up the far-right covered walkway away from camera at 0 10s. - A man in a light shirt appears on the left road at ~25 30s. - Two men dressed in white kurta-pyjama enter from the left at ~40s, walking right along the road, still in frame at ~50s before moving out. - The man in the light grey shirt beside the black scooter stretches both arms upward at ~40s, then resumes standing by the scooter. 3. VEHICLES IDENTIFIED CONFIRMED None identified. PROBABLE (unconfirmed) - Blue-and-white large bus (state-carrier style, livery visible but badge not legible), moving left, 0s 10s. - White scooter (Activa/Jupiter class, unconfirmed), parked static throughout, distance and angle prevent confirmation. - Two black scooters (unconfirmed), parked static throughout, rear-quarter angle, no badge legible. - Multiple motorcycles and auto-rickshaws in background traffic, 15s 55s (unconfirmed) distance, darkness and motion blur. 4. REGISTRATIONS READ None legible. 5. NOTABLE EVENTS None observed. The group seated on the ledge is stationary and huddled around a phone throughout; nothing overtly suspicious, though they remain in the same spot for the full 55 seconds and could warrant a check if unauthorised loitering is of interest. 6. CROWD AND CONGESTION None observed. Pedestrian presence is sparse (fewer than 10 people visible at any time); background road traffic flows freely. 7. TRAFFIC VIOLATIONS None observed. 8. PATTERN OF ACTIVITY This is a quiet night-time scene on the bus-port approach road. The dominant movement is light through-traffic motorcycles, auto-rickshaws and cars travelling along the road on the left of frame in both directions, while the footpath is essentially static: parked scooters and the seated group do not change position. The early frames show a departing bus and a lone pedestrian near the planter; the middle frames show only passing traffic; the late frames introduce two pedestrians in white walking from left to right. Overall the scene is calm with no build-up of traffic or people. 9. QUIET PERIODS None observed background road traffic moves in every sampled frame.
================================================================================

Batches:   0%|          | 0/1 [00:00<?, ?it/s]Batches: 100%|██████████| 1/1 [00:00<00:00, 29.60it/s]
2026-09-03 04:40:40,113 - MainProcess - INFO - ✅ Segment #574 stored in MongoDB
✅ Segment #574 from Camera cam17_17_Rajkot_Bus_Port_CCTV stored in MongoDB
2026-09-03 04:40:40,114 - MainProcess - INFO - [cam17_17_Rajkot_Bus_Port_CCTV] segment 574 looks alert-worthy - asking z-ai/glm-5.3-flash
2026-09-03 04:40:40,115 - MainProcess - INFO - [AI->] https://openrouter.ai/api/v1/chat/completions z-ai/glm-5.3-flash (max_tokens=2000, prompt=4840 chars)
2026-09-03 04:40:42,173 - MainProcess - INFO - [AI<-] z-ai/glm-5.3-flash ok in 2.1s | prompt_tok=1225 completion_tok=24 cost=$9.7875e-05 | 14 chars returned
2026-09-03 04:40:42,173 - MainProcess - INFO - [cam17_17_Rajkot_Bus_Port_CCTV] ✅ Segment #574 complete
2026-09-03 04:40:42,178 - MainProcess - INFO - [cam17_17_Rajkot_Bus_Port_CCTV] #574  2/144 (  1.4%) | seg  80.76s = seek 37.58 (12f, 3.13s/frame) + vlm  31.46 + azure  1.31 + embed  0.42 | avg  40.38s | elapsed 0:01:20 | ETA 1:35:33
2026-09-03 04:40:42,215 - MainProcess - WARNING - [cam13_stream-13] Segment #105: frame seek failed, skipping
2026-09-03 04:40:42,560 - MainProcess - INFO - [Memory] RAM: 12.0% | Process: 1.85GB | GPU: 5268/24564MB (21.4%)
2026-09-03 04:40:42,560 - MainProcess - INFO - [cam13_stream-13] #105  13/627 (  2.1%) | seg   0.00s = seek 13.63 (0f, 13.63s/frame) + vlm   0.00 + azure  0.00 + embed  0.00 | avg   6.33s | elapsed 0:01:22 | ETA 1:04:49
2026-09-03 04:40:44,776 - MainProcess - WARNING - [cam13_stream-13] Segment #106: frame seek failed, skipping
2026-09-03 04:40:44,776 - MainProcess - INFO - [cam13_stream-13] #106  14/627 (  2.2%) | seg   0.00s = seek 14.78 (0f, 14.78s/frame) + vlm   0.00 + azure  0.00 + embed  0.00 | avg   6.04s | elapsed 0:01:24 | ETA 1:01:42
2026-09-03 04:40:45,295 - MainProcess - INFO - [AI<-] z-ai/glm-5.3-flash ok in 17.0s | prompt_tok=5835 completion_tok=363 cost=$0.00105675 | 1308 chars returned
2026-09-03 04:40:45,296 - MainProcess - INFO - [cam14_stream-14] summary: condensing minutes 150-174 (7/29)
2026-09-03 04:40:45,296 - MainProcess - INFO - [AI->] https://openrouter.ai/api/v1/chat/completions z-ai/glm-5.3-flash (max_tokens=700, prompt=25567 chars)
2026-09-03 04:40:47,258 - MainProcess - INFO - [AI<-] z-ai/glm-5.3-flash ok in 26.6s | prompt_tok=15352 completion_tok=1076 cost=$0.0028408 | 3999 chars
2026-09-03 04:40:47,258 - MainProcess - INFO - [VLM] Response received. Content len: 3999, Thinking len: 313

================================================================================
🤖 [cam15_stream-15] SEGMENT VLM - #650 - 2026-06-14 07:49:57
================================================================================
Recorded 14-06-2026 (Sunday) 07:49:57 to 07:50:27 at Suvidhapark, camera cam15_stream-15. 1. SCENE The camera overlooks a signalised four-way junction at Suvidhapark (camera label "Suvidhapark P3 RLVD" visible bottom-right). Zebra crossings mark all approaches; a traffic signal pole stands on the right, showing red/amber throughout the clip. Lighting is natural daylight, overcast/hazy, consistent with early morning. A footpath, small shelter and buildings are visible on the left; a striped bollard island on the right. 2. TRAFFIC AND PEOPLE Light-to-moderate mixed traffic. Visible across the clip: 3 auto-rickshaws (green-and-yellow livery), 1 silver/grey hatchback, 1 white MPV, 1 dark-coloured SUV/car, 1 white van/car on the left arm, 1 large light-blue bus or van roof passing under the camera, 1 blue bus far side, roughly 8-10 motorcycles/scooters (riders in white, black, orange, pink and blue clothing, some two-up), 2-3 bicycles, several pedestrians crossing (one with a backpack, one in white shirt near the left crossing), a dog crossing the far right arm around 6s, and a person in a high-visibility yellow jacket at the bottom-left corner from about 15s to 26s. 3. VEHICLES IDENTIFIED CONFIRMED None identified. No badge or body shape is readable with certainty at this angle and resolution. PROBABLE (unconfirmed) - Silver compact hatchback, small Indian hatchback class (unconfirmed), stopped on the near zebra at 11s rear-only angle, plate area blurred. - White MPV, Ertiga-class people-carrier silhouette (unconfirmed), crossing left-to-right at 15s-20s motion blur, side angle. - Dark grey/black compact SUV, Creta/Seltos class (unconfirmed), crossing away from camera at 15s rear angle, distance. - Green-and-yellow auto-rickshaws (unconfirmed as to any specific operator), 0s, 6s, 50s standard silhouette only. - Large light-blue bus/van, roof only visible at 35s body shape cannot be confirmed under the camera. 4. REGISTRATIONS READ None legible. The silver hatchback at 11s carries a rear plate but the characters cannot be read reliably; these would be single automatic reads, not verified against any registry, and in this case no characters are confidently readable. 5. NOTABLE EVENTS - At 11s a silver hatchback is stopped with its rear wheels on the near zebra crossing, blocking part of the crossing (see section 7). - At 15s a scooter heavily laden with goods (appears to be carrying a rack of items) crosses the junction close to the dark SUV no contact observed, but a near-miss cannot be ruled out at this resolution. - A dog crosses the carriageway on the far right arm around 6s. - No collisions, altercations or unattended items observed. 6. CROWD AND CONGESTION None observed. Traffic flows freely throughout; no queues or build-ups form on any arm. 7. TRAFFIC VIOLATIONS - At 11s the silver hatchback is stationary on the pedestrian zebra crossing of the near approach, obstructing the crossing. - Several riders appear helmetless (e.g. the rider in white at 11s, the pillion-carrying motorcycle at 20s), though helmet detail is not fully resolvable at this distance. 8. PATTERN OF ACTIVITY The clip shows steady, free-flowing morning traffic through a signalised junction, dominated by two-wheelers and auto-rickshaws with only a handful of cars. Movement is multi-directional vehicles cross from both left and right arms and away from the camera with no single dominant flow. Early frames show the junction busier (autos, cyclists, a scooter with goods, the silver hatchback and white MPV); the middle of the clip is quieter with only motorcycles; the late frames show a green-and-yellow auto and a lone scooter moving away, with the junction nearly empty by the end. The signal remains on red/amber for the camera-facing approach throughout, with cross-traffic using the junction. 9. QUIET PERIODS Around 40s the junction is briefly empty of moving traffic in the foreground, and by 50s-56s only a single scooter and one auto are present; otherwise the clip is continuously active. No fully static period is observed.
================================================================================

Batches:   0%|          | 0/1 [00:00<?, ?it/s]Batches: 100%|██████████| 1/1 [00:00<00:00, 32.98it/s]
2026-09-03 04:40:48,176 - MainProcess - INFO - ✅ Segment #650 stored in MongoDB
✅ Segment #650 from Camera cam15_stream-15 stored in MongoDB
2026-09-03 04:40:48,177 - MainProcess - INFO - [cam15_stream-15] segment 650 looks alert-worthy - asking z-ai/glm-5.3-flash
2026-09-03 04:40:48,177 - MainProcess - INFO - [AI->] https://openrouter.ai/api/v1/chat/completions z-ai/glm-5.3-flash (max_tokens=2000, prompt=5291 chars)
2026-09-03 04:40:49,845 - MainProcess - INFO - [AI<-] z-ai/glm-5.3-flash ok in 22.4s | prompt_tok=15352 completion_tok=866 cost=$0.0027358 | 3572 chars
2026-09-03 04:40:49,845 - MainProcess - INFO - [VLM] Response received. Content len: 3572, Thinking len: 96
2026-09-03 04:40:50,173 - MainProcess - INFO - [AI->] https://openrouter.ai/api/v1/chat/completions z-ai/glm-5.3-flash (12 frames, max_tokens=2600)

================================================================================
🤖 [cam17_17_Rajkot_Bus_Port_CCTV] SEGMENT VLM - #575 - 2026-06-13 22:03:17
================================================================================
Recorded 13-06-2026 (Saturday) 22:03:17 to 22:03:47 at Rajkot Bus Port, camera cam17_17_Rajkot_Bus_Port_CCTV. 1. SCENE The camera overlooks a paved forecourt and footpath at Rajkot Bus Port, adjacent to a live roadway visible on the left. Illuminated signage reads "HOTEL JK" (A/C, Non A/C Rooms, Rooms start from 799/- only), a "BUS EXIT ONLY" sign, and a red/yellow advertisement board for a cotton shop with a phone number (87339 29701 / 702). A closed shop shutter occupies the right of frame. Conditions are night-time, lit by street and shop lighting; the road surface appears wet/reflective, suggesting recent rain. Camera label "1 CENTER". 2. TRAFFIC AND PEOPLE - Three scooters parked stationary in the foreground throughout: one white scooter, one dark blue/black scooter (left), one black scooter (centre). A man in a light shirt and dark trousers stands beside the dark scooter for the full clip, appearing to attend to it. - Two men in white traditional dress stand talking on the left edge throughout. - A group of two to three people sit on the low ledge right of centre for the entire clip; one wears a peach/salmon shirt and is looking down at a mobile phone with its screen glowing. A black backpack rests beside them; a pair of sandals lies on the pavement. - On the road: auto-rickshaws (one dark, one green-and-yellow) moving toward camera at 0 25s; a white car crossing left-to-right in the distance around 20s; a large GSRTC bus (white/orange livery, "GSRTC" legible) passing left to right across the background between roughly 25s and 45s; a second bus partially visible behind it around 40 45s; motorcycles with headlights on passing at 45 55s; pedestrians walking along the far footpath throughout. 3. VEHICLES IDENTIFIED CONFIRMED: - GSRTC public transport bus, white with orange/red stripe, "GSRTC" legible on the body, travelling left to right on the roadway, seen around 30 45s. PROBABLE (unconfirmed): - Green-and-yellow auto-rickshaw, three-wheeler class (unconfirmed), approaching camera on the road, ~20 25s distance and headlight glare prevent any further identification. - White hatchback/car, compact class (unconfirmed), crossing the far junction left to right, ~20s too distant and partially obscured by signage. - Dark sedan/car in the far left traffic, (unconfirmed), ~50 55s night glare and distance. 4. REGISTRATIONS READ None legible. All plates are either angled away, too distant, or washed out by night glare. Any registration noted would be a single automatic read, not verified against any registry. 5. NOTABLE EVENTS None observed. The group seated by the planter remains stationary and non-suspicious; no unattended bags beyond the backpack kept beside the seated group. 6. CROWD AND CONGESTION None observed. Pedestrian numbers on the far footpath are moderate and steady; no queues or build-ups form during the clip. 7. TRAFFIC VIOLATIONS None observed. 8. PATTERN OF ACTIVITY The dominant activity is steady through-traffic on the roadway to the left auto-rickshaws early, then buses mid-clip, then motorcycles all moving generally left to right or toward the camera. The foreground is static: parked scooters, a man attending to one scooter, two men in white conversing, and a seated group with a phone, all unchanged from start to finish. The only significant change across the 55 seconds is the passage of the GSRTC bus through the mid-frames around 30 45s, briefly obscuring the road before traffic resumes its earlier pattern. 9. QUIET PERIODS None observed. Road traffic and pedestrian movement continue throughout, and the foreground figures remain active (small movements, phone use) for the full clip.
================================================================================

Batches:   0%|          | 0/1 [00:00<?, ?it/s]Batches: 100%|██████████| 1/1 [00:00<00:00, 24.94it/s]
2026-09-03 04:40:50,773 - MainProcess - INFO - ✅ Segment #575 stored in MongoDB
✅ Segment #575 from Camera cam17_17_Rajkot_Bus_Port_CCTV stored in MongoDB
2026-09-03 04:40:50,773 - MainProcess - INFO - [cam17_17_Rajkot_Bus_Port_CCTV] segment 575 looks alert-worthy - asking z-ai/glm-5.3-flash
2026-09-03 04:40:50,773 - MainProcess - INFO - [AI->] https://openrouter.ai/api/v1/chat/completions z-ai/glm-5.3-flash (max_tokens=2000, prompt=4973 chars)
2026-09-03 04:40:51,082 - MainProcess - INFO - [AI<-] z-ai/glm-5.3-flash ok in 2.9s | prompt_tok=1327 completion_tok=51 cost=$0.000108435 | 135 chars returned
2026-09-03 04:40:51,082 - MainProcess - INFO - [cam15_stream-15] segment 650 -> 1 alert(s)
2026-09-03 04:40:51,082 - MainProcess - WARNING - [cam15_stream-15] no VMS device id in camera_did_map.json - alert skipped: Silver hatchback stopped on zebra crossing, obstructing pedestrian crossing (11s)
2026-09-03 04:40:51,083 - MainProcess - INFO - [cam15_stream-15] ✅ Segment #650 complete
2026-09-03 04:40:51,083 - MainProcess - INFO - [cam15_stream-15] #650  4/73 (  5.5%) | seg  43.73s = seek 12.07 (12f, 1.01s/frame) + vlm  27.08 + azure  1.10 + embed  0.42 | avg  22.65s | elapsed 0:01:30 | ETA 0:26:03
2026-09-03 04:40:51,095 - MainProcess - WARNING - [cam13_stream-13] Segment #107: frame seek failed, skipping
2026-09-03 04:40:51,095 - MainProcess - INFO - [cam13_stream-13] #107  15/627 (  2.4%) | seg   0.00s = seek 18.04 (0f, 18.04s/frame) + vlm   0.00 + azure  0.00 + embed  0.00 | avg   6.06s | elapsed 0:01:30 | ETA 1:01:48
2026-09-03 04:40:52,428 - MainProcess - INFO - [AI<-] z-ai/glm-5.3-flash ok in 1.7s | prompt_tok=1233 completion_tok=7 cost=$9.0385e-05 | 14 chars returned
2026-09-03 04:40:52,428 - MainProcess - INFO - [cam17_17_Rajkot_Bus_Port_CCTV] ✅ Segment #575 complete
2026-09-03 04:40:52,435 - MainProcess - INFO - [cam17_17_Rajkot_Bus_Port_CCTV] #575  3/144 (  2.1%) | seg  91.01s = seek 37.65 (12f, 3.14s/frame) + vlm  22.86 + azure  1.34 + embed  0.43 | avg  30.34s | elapsed 0:01:31 | ETA 1:11:17
2026-09-03 04:40:54,695 - MainProcess - INFO - [AI->] https://openrouter.ai/api/v1/chat/completions z-ai/glm-5.3-flash (1 frames, max_tokens=40)
2026-09-03 04:40:56,613 - MainProcess - INFO - [AI<-] z-ai/glm-5.3-flash ok in 1.9s | prompt_tok=1442 completion_tok=15 cost=$0.0001119 | 22 chars
2026-09-03 04:40:58,075 - MainProcess - INFO - [AI->] https://openrouter.ai/api/v1/chat/completions z-ai/glm-5.3-flash (12 frames, max_tokens=2600)
2026-09-03 04:41:00,484 - MainProcess - INFO - [AI->] https://openrouter.ai/api/v1/chat/completions z-ai/glm-5.3-flash (12 frames, max_tokens=2600)
2026-09-03 04:41:04,191 - MainProcess - INFO - [AI<-] z-ai/glm-5.3-flash ok in 18.9s | prompt_tok=6066 completion_tok=506 cost=$0.0011629 | 1822 chars returned
2026-09-03 04:41:04,192 - MainProcess - INFO - [cam14_stream-14] summary: condensing minutes 175-199 (8/29)
2026-09-03 04:41:04,192 - MainProcess - INFO - [AI->] https://openrouter.ai/api/v1/chat/completions z-ai/glm-5.3-flash (max_tokens=700, prompt=30222 chars)
2026-09-03 04:41:06,669 - MainProcess - INFO - [AI->] https://openrouter.ai/api/v1/chat/completions z-ai/glm-5.3-flash (1 frames, max_tokens=40)
2026-09-03 04:41:06,947 - MainProcess - WARNING - [cam13_stream-13] Segment #108: frame seek failed, skipping
2026-09-03 04:41:06,947 - MainProcess - INFO - [cam13_stream-13] #108  16/627 (  2.6%) | seg   0.00s = seek 24.73 (0f, 24.73s/frame) + vlm   0.00 + azure  0.00 + embed  0.00 | avg   6.67s | elapsed 0:01:46 | ETA 1:07:56
2026-09-03 04:41:09,065 - MainProcess - WARNING - [cam13_stream-13] Segment #109: frame seek failed, skipping
2026-09-03 04:41:09,067 - MainProcess - INFO - [cam13_stream-13] #109  17/627 (  2.7%) | seg   0.00s = seek 24.29 (0f, 24.29s/frame) + vlm   0.00 + azure  0.00 + embed  0.00 | avg   6.40s | elapsed 0:01:48 | ETA 1:05:06
2026-09-03 04:41:12,837 - MainProcess - INFO - [AI<-] z-ai/glm-5.3-flash ok in 22.7s | prompt_tok=15352 completion_tok=913 cost=$0.0027593 | 3845 chars
2026-09-03 04:41:12,837 - MainProcess - INFO - [VLM] Response received. Content len: 3845, Thinking len: 0

================================================================================
🤖 [cam15_stream-15] SEGMENT VLM - #651 - 2026-06-14 07:50:57
================================================================================
Recorded 14-06-2026 (Sunday) 07:50:57 to 07:51:27 at Suvidhapark, camera cam15_stream-15. 1. SCENE The camera overlooks a signalised road junction (RLVD camera, marked "Suvidhapark P3 RLVD") with zebra crossings on all approaches, a traffic signal pole on the right, a striped bollard on the right kerb, and buildings/shops on the far side. Daylight, overcast/hazy conditions; the road surface appears damp in places. Signal shows red/amber toward the camera for much of the clip. 2. TRAFFIC AND PEOPLE Mixed urban traffic: approximately 8-10 two-wheelers (motorcycles and scooters, various colours), 3-4 auto-rickshaws (yellow-and-green livery), 3-4 white cars, one dark car, one blue city bus, one three-wheeled load carrier, and one cyclist. People: one traffic warden in a fluorescent yellow-green high-visibility vest (present from ~30s onward), one man wheeling a bicycle across the zebra (~25s), a pedestrian in white shirt and dark trousers crossing the far side (~5s), a child pedestrian near the right kerb (~30s), and a boy in a checkered shirt at bottom-left (~35s). 3. VEHICLES IDENTIFIED CONFIRMED: - White hatchback, Hyundai badging visible on tailgate, plate not legible, stopped facing away from camera on the near zebra approach, ~30s. - White hatchback, Honda Jazz-type body shape with visible front grille/badge, entering from the right and turning left across the junction, ~35s. PROBABLE (unconfirmed): - White compact SUV, Creta/Seltos class (unconfirmed), crossing the junction left to right, ~45s; rear-three-quarter angle and motion blur prevent badge/plate reading. - Blue single-deck bus, city-transit type (unconfirmed), entering from top of frame and moving away, ~55s; rear-only angle, plate partially yellow but not legible. - Dark blue/black sedan, mid-size class (unconfirmed), stationary at left edge ~35-50s; partially cut off by frame edge. - Yellow-green auto-rickshaws (multiple), standard three-wheeler type (unconfirmed), throughout; too small/distant for plates. 4. REGISTRATIONS READ None legible. All plates are either too distant, motion-blurred, or rear-facing at an oblique angle. Any partial characters visible are single automatic reads only and not verified against any registry. 5. NOTABLE EVENTS - ~30s: a white hatchback stops directly on the near-side zebra crossing area facing the camera, holding position while the signal is red toward it; it remains there into ~35s before clearing. Possibly a red-light stop-line violation (see section 7). - ~25s: a man wheels a bicycle across the zebra on foot while a yellow-green auto-rickshaw passes close behind him; no contact, but a near-conflict between pedestrian and auto. - ~48s: a three-wheeled load carrier heavily laden with goods crosses the junction; no incident. No collisions, falls, or altercations observed. 6. CROWD AND CONGESTION None observed. Traffic flows freely throughout; no queues or build-ups form on any approach. 7. TRAFFIC VIOLATIONS - ~30s: white hatchback (Hyundai-badged) stopped on/over the zebra crossing on the red signal approach - stop-line/box violation. - Helmet status of riders cannot be determined at this resolution; no other violations observed. 8. PATTERN OF ACTIVITY Steady morning commuter flow through a signalised junction. Early frames show vehicles clearing the junction as the signal changes (autos, motorcycles, a white car crossing diagonally). Mid-clip, the near approach is held at red with a white hatchback waiting at the stop line while cross traffic (white hatchback, autos, a white SUV) passes. Late frames show the near direction released again - scooters, a motorcycle with two riders, and finally a blue bus passing through. Two-wheeler traffic dominates, moving in both directions, with the warden directing flow on the right kerb from ~30s onward. 9. QUIET PERIODS None observed. Vehicles or pedestrians are in motion in every sampled frame across the 55 seconds.
================================================================================

Batches:   0%|          | 0/1 [00:00<?, ?it/s]Batches: 100%|██████████| 1/1 [00:00<00:00, 31.07it/s]
2026-09-03 04:41:13,758 - MainProcess - INFO - ✅ Segment #651 stored in MongoDB
✅ Segment #651 from Camera cam15_stream-15 stored in MongoDB
2026-09-03 04:41:13,758 - MainProcess - INFO - [cam15_stream-15] segment 651 looks alert-worthy - asking z-ai/glm-5.3-flash
2026-09-03 04:41:13,758 - MainProcess - INFO - [AI->] https://openrouter.ai/api/v1/chat/completions z-ai/glm-5.3-flash (max_tokens=2000, prompt=5217 chars)
2026-09-03 04:41:15,092 - MainProcess - INFO - [AI<-] z-ai/glm-5.3-flash ok in 1.3s | prompt_tok=1296 completion_tok=36 cost=$0.0002124 | 123 chars returned
2026-09-03 04:41:15,093 - MainProcess - INFO - [cam15_stream-15] segment 651 -> 1 alert(s)
2026-09-03 04:41:15,093 - MainProcess - WARNING - [cam15_stream-15] no VMS device id in camera_did_map.json - alert skipped: White Hyundai hatchback stopped on zebra crossing on red signal, ~30s
2026-09-03 04:41:15,094 - MainProcess - INFO - [cam15_stream-15] ✅ Segment #651 complete
2026-09-03 04:41:15,348 - MainProcess - WARNING - [cam13_stream-13] Segment #110: frame seek failed, skipping
2026-09-03 04:41:15,531 - MainProcess - INFO - [AI->] https://openrouter.ai/api/v1/chat/completions z-ai/glm-5.3-flash (12 frames, max_tokens=2600)
2026-09-03 04:41:15,550 - MainProcess - INFO - [Memory] RAM: 11.8% | Process: 2.09GB | GPU: 3482/24564MB (14.2%)
2026-09-03 04:41:15,550 - MainProcess - INFO - [cam15_stream-15] #651  5/73 (  6.8%) | seg  42.31s = seek 15.96 (12f, 1.33s/frame) + vlm  23.17 + azure  1.28 + embed  0.42 | avg  23.02s | elapsed 0:01:55 | ETA 0:26:05
2026-09-03 04:41:15,776 - MainProcess - INFO - [Memory] RAM: 11.8% | Process: 2.10GB | GPU: 3714/24564MB (15.1%)
2026-09-03 04:41:15,776 - MainProcess - INFO - [cam13_stream-13] #110  18/627 (  2.9%) | seg   0.00s = seek 24.25 (0f, 24.25s/frame) + vlm   0.00 + azure  0.00 + embed  0.00 | avg   6.42s | elapsed 0:01:55 | ETA 1:05:10
2026-09-03 04:41:18,779 - MainProcess - INFO - [AI->] https://openrouter.ai/api/v1/chat/completions z-ai/glm-5.3-flash (1 frames, max_tokens=40)
2026-09-03 04:41:19,329 - MainProcess - INFO - [AI<-] z-ai/glm-5.3-flash ok in 15.1s | prompt_tok=7463 completion_tok=529 cost=$0.00138395 | 2077 chars returned
2026-09-03 04:41:19,330 - MainProcess - INFO - [cam14_stream-14] summary: condensing minutes 200-224 (9/29)
2026-09-03 04:41:19,330 - MainProcess - INFO - [AI->] https://openrouter.ai/api/v1/chat/completions z-ai/glm-5.3-flash (max_tokens=700, prompt=30942 chars)
2026-09-03 04:41:20,559 - MainProcess - INFO - [AI<-] z-ai/glm-5.3-flash ok in 1.8s | prompt_tok=1442 completion_tok=15 cost=$0.0001119 | 22 chars
2026-09-03 04:41:20,881 - MainProcess - INFO - [AI<-] z-ai/glm-5.3-flash ok in 20.4s | prompt_tok=15352 completion_tok=850 cost=$0.0027278 | 3470 chars
2026-09-03 04:41:20,881 - MainProcess - INFO - [VLM] Response received. Content len: 3470, Thinking len: 0

================================================================================
🤖 [cam15_stream-15] SEGMENT VLM - #652 - 2026-06-14 07:51:57
================================================================================
Recorded 14-06-2026 (Sunday) 07:51:57 to 07:52:27 at Suvidhapark, camera cam15_stream-15. 1. SCENE Elevated CCTV view of a signalised road junction with zebra crossings on all approaches, traffic signals on the right-hand pole, and buildings/footpaths on the left. Daylight, overcast/hazy morning conditions. Camera overlay reads "Suvidhapark P3 RLVD". The signal facing this camera shows amber/red through most of the clip. 2. TRAFFIC AND PEOPLE Light-to-moderate mixed traffic: approximately 10 two-wheelers (motorcycles and scooters, various colours including white, black, red), 3 4 auto-rickshaws (green-and-yellow), one green-and-blue three-wheeled municipal/utility goods carrier marked "ON DUTY AMC", one white SUV, one white MPV/van, one dark grey van, one orange intercity bus with Devanagari/Gujarati lettering, and one red bus at the far edge. People: roughly a dozen riders, one pedestrian in white clothing crossing the far left crossing (~30s 45s), and a black dog crossing the junction (~30s 55s). Some pixelated/blurred figures appear around 15s and 50s (motion/encoding artefact). 3. VEHICLES IDENTIFIED CONFIRMED: None identified. PROBABLE (unconfirmed): - White compact SUV, Creta/Seltos class (unconfirmed), crossing left-to-right, ~30s rear three-quarter angle, plate not legible. - White MPV/van, Ertiga/Innova class (unconfirmed), entering from left, ~15s distance and angle prevent confirmation. - Orange intercity coach, Volvo-type luxury bus class (unconfirmed), left-to-right, ~50 55s side angle, lettering visible but not readable. - Green-and-blue three-wheeler goods carrier, Ape/tempo class (unconfirmed), ~25 30s "ON DUTY AMC" text legible but make not confirmable. 4. REGISTRATIONS READ None legible. (A yellow plate on the AMC three-wheeler at ~25s is visible but too small to read; all reads would be single automatic reads, not verified against any registry.) 5. NOTABLE EVENTS - Throughout the clip the signal facing this camera displays amber/red, yet two-wheelers and autos continuously cross the junction against it red-light violations noted below. - A black dog crosses the carriageway unaccompanied, ~30s 55s, a minor hazard. - No collisions, near-misses or suspicious behaviour observed. 6. CROWD AND CONGESTION None observed. Traffic flows freely; no queues or build-ups at any point. 7. TRAFFIC VIOLATIONS - Multiple red-light violations (consistent with the "RLVD" camera designation): motorcycle with rider in white/blue striped shirt crossing against the signal ~5s; motorcycle with two riders ~5 10s; white scooter ~10s; scooter with two riders including a child ~10 15s; motorcycle with two riders ~25s; scooter with rider in orange/red ~25s; motorcycle ~50s; red scooter ~55s. - Several riders appear helmetless (e.g. ~5s, ~25s, ~55s), though resolution limits certainty. 8. PATTERN OF ACTIVITY The dominant traffic is two-wheelers and auto-rickshaws crossing the junction in all directions, with a steady flow against the red signal facing this camera throughout. Early frames show scattered two-wheelers; mid-clip brings the AMC utility three-wheeler and a white SUV through; late frames see larger vehicles (orange coach, dark van) and a brief near-empty interval (~35 45s) before traffic resumes. No single direction dominates the junction is used as a free-flow crossing regardless of signal state. 9. QUIET PERIODS Approximately 35s 45s the junction is nearly empty, with only the pedestrian in white and the black dog on the far crossing; otherwise traffic is present throughout.
================================================================================

Batches:   0%|          | 0/1 [00:00<?, ?it/s]Batches: 100%|██████████| 1/1 [00:00<00:00, 37.96it/s]
2026-09-03 04:41:21,426 - MainProcess - INFO - [AI<-] z-ai/glm-5.3-flash ok in 14.8s | prompt_tok=1442 completion_tok=15 cost=$0.0002238 | 22 chars
2026-09-03 04:41:21,805 - MainProcess - INFO - ✅ Segment #652 stored in MongoDB
✅ Segment #652 from Camera cam15_stream-15 stored in MongoDB
2026-09-03 04:41:21,805 - MainProcess - INFO - [cam15_stream-15] segment 652 looks alert-worthy - asking z-ai/glm-5.3-flash
2026-09-03 04:41:21,805 - MainProcess - INFO - [AI->] https://openrouter.ai/api/v1/chat/completions z-ai/glm-5.3-flash (max_tokens=2000, prompt=4830 chars)
2026-09-03 04:41:22,237 - MainProcess - INFO - [AI->] https://openrouter.ai/api/v1/chat/completions z-ai/glm-5.3-flash (12 frames, max_tokens=2600)
2026-09-03 04:41:22,492 - MainProcess - WARNING - [cam13_stream-13] Segment #111: frame seek failed, skipping
2026-09-03 04:41:22,493 - MainProcess - INFO - [cam13_stream-13] #111  19/627 (  3.0%) | seg   0.00s = seek 15.55 (0f, 15.55s/frame) + vlm   0.00 + azure  0.00 + embed  0.00 | avg   6.44s | elapsed 0:02:02 | ETA 1:05:13
2026-09-03 04:41:22,961 - MainProcess - INFO - [AI->] https://openrouter.ai/api/v1/chat/completions z-ai/glm-5.3-flash (12 frames, max_tokens=2600)
2026-09-03 04:41:23,520 - MainProcess - WARNING - [cam13_stream-13] Segment #112: frame seek failed, skipping
2026-09-03 04:41:23,521 - MainProcess - INFO - [cam13_stream-13] #112  20/627 (  3.2%) | seg   0.00s = seek 14.45 (0f, 14.45s/frame) + vlm   0.00 + azure  0.00 + embed  0.00 | avg   6.17s | elapsed 0:02:03 | ETA 1:02:22
2026-09-03 04:41:29,710 - MainProcess - WARNING - [cam13_stream-13] Segment #113: frame seek failed, skipping
2026-09-03 04:41:29,710 - MainProcess - INFO - [cam13_stream-13] #113  21/627 (  3.3%) | seg   0.00s = seek 14.36 (0f, 14.36s/frame) + vlm   0.00 + azure  0.00 + embed  0.00 | avg   6.17s | elapsed 0:02:09 | ETA 1:02:17
2026-09-03 04:41:29,784 - MainProcess - INFO - [AI->] https://openrouter.ai/api/v1/chat/completions z-ai/glm-5.3-flash (12 frames, max_tokens=2600)
2026-09-03 04:41:30,040 - MainProcess - INFO - [AI<-] z-ai/glm-5.3-flash ok in 8.2s | prompt_tok=1225 completion_tok=38 cost=$9.7535e-05 | 145 chars returned
2026-09-03 04:41:30,040 - MainProcess - INFO - [cam15_stream-15] segment 652 -> 1 alert(s)
2026-09-03 04:41:30,040 - MainProcess - WARNING - [cam15_stream-15] no VMS device id in camera_did_map.json - alert skipped: Multiple red-light violations at Suvidhapark junction (RLVD), continuous against red signa
2026-09-03 04:41:30,041 - MainProcess - INFO - [cam15_stream-15] ✅ Segment #652 complete
2026-09-03 04:41:30,048 - MainProcess - INFO - [cam15_stream-15] #652  6/73 (  8.2%) | seg  51.79s = seek 21.14 (12f, 1.76s/frame) + vlm  20.90 + azure  0.94 + embed  0.42 | avg  21.60s | elapsed 0:02:09 | ETA 0:24:07
2026-09-03 04:41:31,138 - MainProcess - INFO - [AI<-] z-ai/glm-5.3-flash ok in 96.3s | prompt_tok=2340 completion_tok=3344 cost=$0.002023 | 9342 chars returned
2026-09-03 04:41:31,138 - MainProcess - INFO - [cam10] summary alert pass skipped - ALERT_MODE=realtime, alerts were raised per segment
Batches:   0%|          | 0/1 [00:00<?, ?it/s]Batches: 100%|██████████| 1/1 [00:00<00:00,  6.17it/s]Batches: 100%|██████████| 1/1 [00:00<00:00,  6.17it/s]
2026-09-03 04:41:31,684 - MainProcess - INFO - [cam10] ✅ video summary stored (9342 chars over 60 minutes)
2026-09-03 04:41:31,685 - MainProcess - INFO - [cam10] summary took 132.5s

==============================================================================
VIDEO SUMMARY — cam10 (cam10)
==============================================================================
# CCTV ANALYSIS SUMMARY — cam10, Pakwan/Palwan Cross Road
**Footage:** cam10.mp4, 60 minutes, 10:30–11:30 approx., 28-08-2025

---

## 1. SCENE
Camera cam10 overlooks Pakwan/Palwan Cross Road, a busy mixed-traffic junction. Footage covers daytime, beginning 10:30. Lighting is daylight throughout. Road surface turned damp from approximately minute 13 and again from minute 46, suggesting recent rain.

## 2. TRAFFIC AND PEOPLE
- **Traffic:** Continuous heavy mixed traffic for the full hour. Dozens of cars per minute (predominantly white, plus silver, grey, black, red, maroon, and later pink and blue). Large numbers of helmeted motorcyclists/scooter riders (15–30 two-wheelers at any time in minutes 50–59, riders in light blue, green, white, red, pink/magenta, yellow, maroon and grey shirts). Many green-and-yellow auto-rickshaws (4–10+ per minute from minute 25; 6–10 at any time in minutes 50–59). Cyclists and pedestrians present throughout.
- **Goods/public transport vehicles:** ambulances, delivery vans, goods trucks, container trucks, a concrete mixer, a tipper, a tractor with tanker trailer (twice), buses (Tata, Eicher "NIRMA UNIVERSITY", "Where Practice Meets Theory" branded, red city bus), a JCB-type construction vehicle, a green-plate electric SUV, a green-plate Tata sedan, and a three-wheeler goods carrier.
- **People:** Pedestrians repeatedly crossed live lanes or walked between queued vehicles throughout, including a man with a backpack and a woman with children (min 0), a man with a shopping bag (min 12), two men on foot (min 16), a woman in a red dress (min 21), a woman in an orange/yellow sari standing in the carriageway (min 22), a blue-shirt man and white-shirt person (min 25), a woman in green interacting with vehicle occupants near an auto (min 29), a woman in pink on a scooter (min 30), a cyclist in yellow (min 38), helmetless riders (mins 37, 41), a man in dark t-shirt and shorts (min 46), three men walking between cars (min 49), a man in a light blue shirt between lanes (min 50), a man in a blue-and-white striped shirt and an older bald man in a pink shirt (min 56), a woman in a black top with maroon backpack (min 57), a woman in a red sari (min 58, ~20–50s), and a person with a white bag at the right kerb (min 59).

## 3. VEHICLES IDENTIFIED

### CONFIRMED
- Hyundai hatchback, red, GJ01BY5129, min 1
- Maruti Suzuki WagonR, white, GJ01KF0322, min 2
- Hyundai sedan, silver, GJ01TN779, min 4
- Ford EcoSport, dark grey, GJ01MC2176, min 5
- Hyundai Creta-class SUV, silver, min 5
- Toyota Innova MPV, white, GJ09 DK 4402, min 6
- Volkswagen, red, min 6
- Tata bus, white, GJ30 TA 6194, min 7
- Hyundai i20, silver, GJ10TW3350, min 8
- Toyota Innova Crysta, grey, min 8
- Tata SUV, dark, min 9
- Mahindra, min 9
- Mahindra Thar-type, black, GJ01VH8220, min 11
- Volvo XC60-type, white, GJ01VC5529, min 11
- MG Hector, red, GJ10BP9190, min 11
- MG ZS-type, red, min 11
- Maruti Vitara Brezza-class, red, min 12
- Honda sedan, silver, GJ01QZ2715, min 12
- Maruti Suzuki SUV, black, GJ01VW8487, min 13
- Tata Nexon, white, GJ27DH2330, min 14
- Maruti DZire taxi, yellow-plate, min 16
- Mercedes-Benz E-Class, black, GJ03 ER 0480, min 17
- Kia Seltos-class SUV, white, min 17
- Maruti Suzuki WagonR, white, yellow commercial plates, min 18
- Kia SUV, black, min 18
- Honda hatchback, red, min 18
- SML ambulance-type van with light bar, min 0
- "Rudra" delivery van, white, min 2
- Tata goods truck, large, white, min 4
- Tractor with tanker trailer, red, min 12 (again mins 32 and 42)
- "LUCKY"/"AJ ABS WRAP" cargo truck, grey, min 19
- Mahindra-style open-top jeep, red, min 20 (again mins 42–45)
- Electric SUV, green-plate, min 20
- Concrete mixer truck, min 21; tipper, min 21
- Eicher "NIRMA UNIVERSITY" bus, yellow, min 24 (stationary mins 25–27)
- "Where Practice Meets Theory" branded bus, min 24
- Goods truck "SHRIGI GOODS CANVAS", cream, min 25
- City bus, red, Gujarati LED display, min 26 (again mins 43–45, "PFCL" display)
- Honda sedan, white, partial plate "MH 12 QR 8916", min 28
- Tata SUV (Harrier/Safari), white, GJ27 CM 9992, min 31
- Honda sedan, red/magenta, GJ01 RX 3630, min 31
- Audi sedan, white, min 32
- Audi sedan, dark, min 36
- Audi A4-class sedan, dark grey/black, GJ01TY4694, min 38
- Hyundai Creta-class SUV, black, GJ01VD0895, min 38
- Suzuki Swift, white, min 39
- Toyota sedan, dark grey, min 39
- Kia SUV, white, min 39
- Goods truck "PREMIUM EDIBLE", min 40 (again min 42 as "RASHI DEWAXED PREMIUM EDIBLE OILS")
- "PREMIUM CABLES" truck, min 41
- Toyota Innova-type MPV, white, GJ01WD7138, min 42
- "GOODS CARRIAGE" van, white, mins 42–45
- Mercedes SUV, white, min 37
- Tata goods truck, white, min 46; container truck, dark blue, min 46
- Maruti Suzuki compact SUV, min 45
- Police vehicle with red-blue light bar, min 49
- Maruti Suzuki compact SUV, white, min 51
- Goods truck/tempo, blue tarpaulin-covered, mins 52–55
- JCB-type construction vehicle, yellow, min 54 (0–5s)
- Maruti Suzuki Swift, white, GJ-17-VF-2793, min 55
- Tata Nexon SUV, white, min 56
- Kia SUV, silver, partial GJ plate, min 56
- Tata sedan, white, green plate, min 57
- Tata Nexon-class SUV, dark grey, min 57
- Hyundai Creta-class SUV, red, min 57
- Hyundai sedan, dark grey, min 57
- Honda SUV, white, min 57
- Audi Q-series SUV, white, GJ18BN…, min 58
- Ambulance, white, min 58 (~5s)
- Toyota SUV, white, min 58
- MG SUV, dark, min 59
- "Jamnagar Transport Co." truck, white, min 59
- "PRINCE" three-wheeler goods carrier, green, min 59
- Police/traffic van, white, GJ18GB8757, min 59 (~45s)

### PROBABLE (unconfirmed)
- Jeep-style SUV (seven-slot grille), dark grey/black — (probable), min 50

## 4. REGISTRATIONS READ
All readings below are single automatic reads, not verified against any registry.
- GJ01BY5129 — red Hyundai hatchback, min 1
- GJ01KF0322 — white Maruti Suzuki WagonR, min 2
- GJ01TN779 — silver Hyundai sedan, min 4
- GJ01MC2176 — dark grey Ford EcoSport, min 5
- GJ09 DK 4402 — white Toyota Innova MPV, min 6
- GJ30 TA 6194 — white Tata bus, min 7
- GJ10TW3350 — silver Hyundai i20, min 8
- GJ01VH8220 — black Mahindra Thar-type, min 11
- GJ01VC5529 — white Volvo XC60-type, min 11
- GJ10BP9190 — red MG Hector, min 11
- GJ01QZ2715 — silver Honda sedan, min 12
- GJ01VW8487 — black Maruti Suzuki SUV, min 13
- GJ27DH2330 — white Tata Nexon, min 14
- GJ03 ER 0480 — black Mercedes-Benz E-Class, min 17
- MH 12 QR 8916 (partial) — white Honda sedan, min 28
- GJ27 CM 9992 — white Tata SUV (Harrier/Safari), min 31
- GJ01 RX 3630 — red/magenta Honda sedan, min 31
- GJ01TY4694 — dark grey/black Audi A4-class sedan, min 38
- GJ01VD0895 — black Hyundai Creta-class SUV, min 38
- GJ01WD7138 — white Toyota Innova-type MPV, min 42
- GJ-17-VF-2793 — white Maruti Suzuki Swift, min 55
- GJ18BN… (partial) — white Audi Q-series SUV, min 58
- GJ18GB8757 — white police/traffic van, min 59 (~45s)

## 5. NOTABLE EVENTS
- Motorcyclist carrying a gas cylinder — min 9
- Overloaded goods auto under tarpaulin — min 19
- Rider in a white rain cape — min 10
- Woman in green apparently soliciting/interacting with vehicle occupants near an auto — min 29
- Police vehicle with red-blue light bar appearing amid the jam — min 49
- White police/traffic van GJ18GB8757 — min 59 (~45s)
- Persistent pedestrians walking among moving/queued traffic throughout the congested period (mins 0, 12, 16, 21, 22, 25, 29, 46, 49, 50, 56, 57, 58, 59)

## 6. CROWD AND CONGESTION
- Minutes 0–24: continuously heavy mixed traffic at the junction.
- Minutes 25–49: severe congestion, traffic near-gridlocked and crawling throughout; 4–10+ auto-rickshaws per minute; Nirma University bus stationary in the foreground mins 25–27.
- Minutes 50–55: heavily gridlocked.
- Minute 56 onward: traffic began flowing toward the camera.
- At any time in minutes 50–59: 6–10 auto-rickshaws and 15–30 two-wheelers present.

## 7. TRAFFIC VIOLATIONS
- Helmetless riders — mins 37 and 41
- Pedestrians crossing live lanes / walking in the carriageway among moving vehicles — mins 0, 12, 16, 21, 22, 25, 46, 49, 50, 56, 57, 58, 59
- No wrong-way driving or red-light jumping stated in the observations.

## 8. PATTERN OF ACTIVITY
The junction was busy for the entire hour with no quiet phase. Minutes 0–24 carried continuously heavy but moving mixed traffic with a steady stream of identifiable cars, buses, trucks and two-wheelers. From minute 25 conditions deteriorated into severe, near-gridlocked congestion that persisted through minute 55, with queues, stationary buses, filtering motorcyclists, high auto-rickshaw density and pedestrians threading between vehicles. From minute 56 flow resumed toward the camera. Dominant traffic throughout was private cars (white most common), two-wheelers and green-and-yellow auto-rickshaws, with a recurring mix of goods vehicles and buses. Recurrent elements: the red tractor with tanker trailer (mins 12, 32, 42), the red open-top off-road vehicle (mins 20, 42–45), the red city bus (mins 26, 43–45), the "PREMIUM EDIBLE OILS" truck (mins 40, 42), damp road surface after rain (mins 13, 19, 46), and repeated pedestrian incursions into the carriageway. The appearance of police vehicles at mins 49 and 59 coincided with the worst congestion and its easing.

## 9. QUIET PERIODS
None observed. Traffic was heavy or gridlocked for the full 60 minutes.
==============================================================================

2026-09-03 04:41:31,686 - MainProcess - INFO - [cam10] Done: {'camera_id': 'cam10', 'segments': 0, 'failed': 0, 'skipped': 60, 'wall_seconds': 0.0, 'mean_segment_seconds': 0.0, 'mean_seek_seconds': 0.0, 'mean_vlm_seconds': 0.0, 'mean_azure_seconds': 0.0, 'mean_embed_seconds': 0.0, 'frames_sampled': 0, 'summary_seconds': 132.5, 'anchor': '2025-08-28T10:30:10', 'anchor_confidence': 'ocr_verified'}
2026-09-03 04:41:32,234 - MainProcess - INFO - [AI<-] z-ai/glm-5.3-flash ok in 34.2s | prompt_tok=15352 completion_tok=762 cost=$0.0013419 | 3194 chars
2026-09-03 04:41:32,234 - MainProcess - INFO - [VLM] Response received. Content len: 3194, Thinking len: 0

================================================================================
🤖 [cam17_17_Rajkot_Bus_Port_CCTV] SEGMENT VLM - #577 - 2026-06-13 22:05:17
================================================================================
Recorded 13-06-2026 (Saturday) 22:05:17 to 22:05:47 at Rajkot Bus Port, camera cam17_17_Rajkot_Bus_Port_CCTV. 1. SCENE Camera "1 CENTER" overlooks a paved forecourt/plaza beside Rajkot Bus Port at night. Illuminated signage for "HOTEL JK" (rooms from 799/-), a "COTTN" shop hoarding, a "BUS EXIT ONLY" sign and a park-parking sign are visible. The right of frame is a closed shop shutter; the left connects to a public road with moving traffic. Lighting is a mix of street lights, vehicle headlights and shop signage; road surface appears wet/reflective. It is night-time. 2. TRAFFIC AND PEOPLE - Four parked two-wheelers throughout: a white scooter, a black scooter, a dark scooter with red detailing, and a black scooter in the foreground; a pair of sandals lies unattended on the pavement. - Road traffic: multiple auto-rickshaws (black/yellow), motorcycles, a white car, and a red GSRTC bus passing at roughly 25-45s in. - Pedestrians: a group of two men seated on a low ledge by the planter for the whole clip, one in a pink/salmon shirt using a lit mobile phone, the other in dark clothing with a backpack also using a phone. On the left, several pedestrians walking both directions including a man in white shirt with backpack, a child in orange, a woman in dark striped clothing near the parked scooters (~10s), and two figures walking left to right across the plaza mid-clip. 3. VEHICLES IDENTIFIED CONFIRMED: - GSRTC public transport bus, red/cream livery, "GSRTC" legible on the side, travelling right to left along the road, seen ~30-45s in. Plate not legible. PROBABLE (unconfirmed): - White small hatchback/car on the left road, ~10-20s in, rear/side angle and headlights only - body style visible but no badge readable (unconfirmed). - Multiple black-and-yellow auto-rickshaws throughout (0-30s), night glare and distance prevent confirmation beyond type (unconfirmed). - Dark motorcycle with rider crossing the foreground ~50-55s in, headlight glare and motion blur (unconfirmed). 4. REGISTRATIONS READ None legible. (All visible plates are too distant, angled or obscured by glare; any reads would be single automatic reads only.) 5. NOTABLE EVENTS - A pair of sandals remains unattended on the pavement throughout, owner not clearly seen. - Two men loiter seated by the planter using mobile phones for the full 55 seconds; nothing overtly suspicious but they never move. - None observed otherwise. 6. CROWD AND CONGESTION None observed. Pedestrians are sparse and road traffic flows freely. 7. TRAFFIC VIOLATIONS None observed. 8. PATTERN OF ACTIVITY This is a quiet night scene on the edge of the bus port. The dominant activity is slow passing road traffic on the left (auto-rickshaws, motorcycles, one GSRTC bus mid-clip) and static footpath activity: two men seated on the ledge using phones and four scooters parked throughout. The main change between early and late frames is traffic composition - early frames show auto-rickshaws and a white car, mid-clip brings the GSRTC bus moving right to left, and by the end a motorcycle crosses the foreground with headlight flare. The seated pair and the parked two-wheelers never change position. 9. QUIET PERIODS Roughly 20-30s in, the road briefly empties with no vehicles passing; otherwise light traffic continues throughout.
================================================================================

Batches:   0%|          | 0/1 [00:00<?, ?it/s]Batches: 100%|██████████| 1/1 [00:00<00:00, 40.51it/s]
2026-09-03 04:41:33,148 - MainProcess - INFO - ✅ Segment #577 stored in MongoDB
✅ Segment #577 from Camera cam17_17_Rajkot_Bus_Port_CCTV stored in MongoDB
2026-09-03 04:41:33,149 - MainProcess - INFO - [cam17_17_Rajkot_Bus_Port_CCTV] segment 577 looks alert-worthy - asking z-ai/glm-5.3-flash
2026-09-03 04:41:33,149 - MainProcess - INFO - [AI->] https://openrouter.ai/api/v1/chat/completions z-ai/glm-5.3-flash (max_tokens=2000, prompt=4605 chars)
2026-09-03 04:41:35,467 - MainProcess - INFO - [AI<-] z-ai/glm-5.3-flash ok in 2.3s | prompt_tok=1159 completion_tok=32 cost=$9.1085e-05 | 119 chars returned
2026-09-03 04:41:35,467 - MainProcess - INFO - [cam17_17_Rajkot_Bus_Port_CCTV] segment 577 -> 1 alert(s)
2026-09-03 04:41:35,467 - MainProcess - WARNING - [cam17_17_Rajkot_Bus_Port_CCTV] no VMS device id in camera_did_map.json - alert skipped: Unattended sandals on pavement by parked scooters, owner not seen
2026-09-03 04:41:35,468 - MainProcess - INFO - [cam17_17_Rajkot_Bus_Port_CCTV] ✅ Segment #577 complete
2026-09-03 04:41:35,659 - MainProcess - WARNING - [cam13_stream-13] Segment #114: frame seek failed, skipping
2026-09-03 04:41:35,660 - MainProcess - INFO - [cam13_stream-13] #114  22/627 (  3.5%) | seg   0.00s = seek 13.17 (0f, 13.17s/frame) + vlm   0.00 + azure  0.00 + embed  0.00 | avg   6.16s | elapsed 0:02:15 | ETA 1:02:04
2026-09-03 04:41:35,831 - MainProcess - INFO - [Memory] RAM: 11.8% | Process: 1.93GB | GPU: 2722/24564MB (11.1%)
2026-09-03 04:41:35,831 - MainProcess - INFO - [cam17_17_Rajkot_Bus_Port_CCTV] #577  4/144 (  2.8%) | seg  57.88s = seek 17.09 (12f, 1.42s/frame) + vlm  34.66 + azure  1.30 + embed  0.41 | avg  33.60s | elapsed 0:02:14 | ETA 1:18:24
2026-09-03 04:41:36,517 - MainProcess - WARNING - [cam13_stream-13] Segment #115: frame seek failed, skipping
2026-09-03 04:41:36,518 - MainProcess - INFO - [cam13_stream-13] #115  23/627 (  3.7%) | seg   0.00s = seek 13.00 (0f, 13.00s/frame) + vlm   0.00 + azure  0.00 + embed  0.00 | avg   5.93s | elapsed 0:02:16 | ETA 0:59:39
2026-09-03 04:41:39,114 - MainProcess - INFO - [AI<-] z-ai/glm-5.3-flash ok in 23.6s | prompt_tok=15352 completion_tok=1118 cost=$0.0028618 | 3891 chars
2026-09-03 04:41:39,114 - MainProcess - INFO - [VLM] Response received. Content len: 3891, Thinking len: 331

================================================================================
🤖 [cam15_stream-15] SEGMENT VLM - #653 - 2026-06-14 07:52:57
================================================================================
Recorded 14-06-2026 (Sunday) 07:52:57 to 07:53:27 at Suvidhapark, camera cam15_stream-15. 1. SCENE The camera overlooks a signal-controlled road junction at Suvidhapark (camera label "Suvidhapark P3 RLVD" visible bottom right). Zebra crossings span the foreground and left approach; a traffic signal pole with a red/amber aspect stands on the right, showing red/amber throughout the clip. Lighting is soft daylight, consistent with early morning. A footpath, small shelter and buildings are visible on the left. 2. TRAFFIC AND PEOPLE - Auto-rickshaws: 4-5 yellow-and-green three-wheelers crossing the junction at various points (0s, 10s, 15s, 24s, 48s, 55s). - Scooters/motorcycles: roughly 10-12 two-wheelers crossing in both directions throughout; one scooter with two riders (dark-clothed rider and red-clad pillion) at 39s; a motorcycle with two riders in white shirts at 45s. - Cars: one white hatchback moving away from camera at 15s; one white sedan crossing left-to-right at 48-55s; a white car at top of frame at 10s. - A cyclist in a white shirt crossing away from camera at 29s. - Pedestrians: a man in white on the left footpath (0-3s); a man in a yellow shirt crossing left at 10s; a woman in an orange/pink saree crossing the junction right-to-left between 18s and 29s; a small child in brown clothing crossing alone centre-to-left between 39s and 48s; a person in white on the right at 0-3s. - A black dog on the carriageway near the left crossing from 0s, moving around the junction until about 48s. 3. VEHICLES IDENTIFIED CONFIRMED: None identified. PROBABLE (unconfirmed): - White compact hatchback, i10/WagonR class (unconfirmed), moving away from camera, 15s - rear-only angle, plate not legible at this distance. - White compact sedan, Dzire/Aura class (unconfirmed), crossing left to right, 48-55s - motion blur and oblique angle; badge not readable. - Yellow-green auto-rickshaws, standard three-wheeler type (unconfirmed), multiple, 0s, 10s, 15s, 24s, 48s, 55s - too small/distant for any badge or plate. 4. REGISTRATIONS READ None legible. (A yellow plate is visible on the white hatchback at 15s but the characters cannot be read; this is a single automatic read, not verified against any registry.) 5. NOTABLE EVENTS - A small child in brown clothing crosses the live carriageway alone, well away from the zebra crossing, between 39s and 48s, while two-wheelers pass nearby - alert-worthy. - A black dog loose on the carriageway throughout the first half of the clip, weaving near moving traffic (0s to ~48s). - The woman in the orange/pink saree crosses diagonally through the middle of the junction rather than on the crossing, 18-29s. 6. CROWD AND CONGESTION None observed. Traffic flows freely throughout; no queues form. 7. TRAFFIC VIOLATIONS - Pedestrians crossing off the zebra: woman in orange/pink saree at 18-29s; child in brown at 39-48s. - Two riders on scooters/motorcycles without visible helmets: e.g. the scooter pair at 39s and the motorcycle pair at 45s. - Signal aspect shows red/amber toward the camera approach, yet two-wheelers and autos continue to cross the junction throughout (e.g. 10s, 15s, 39s, 45s) - apparent red-light movement. 8. PATTERN OF ACTIVITY This is a lightly loaded urban junction dominated by two-wheelers and auto-rickshaws, with only two cars in the whole clip. Movement is multi-directional - traffic crosses from every approach rather than in a single dominant flow, consistent with a signal cycle being ignored or at changeover. Early frames show scooters and autos clearing the junction with a dog loose on the road; the middle of the clip is quieter, dominated by two pedestrians (the saree-clad woman, then the child) crossing on foot; the final frames show traffic building again, with a white sedan, several scooters and an auto entering together around 48-55s. 9. QUIET PERIODS None observed. Some movement - vehicles, pedestrians or the dog - is present in every frame across the 55 seconds.
================================================================================

Batches:   0%|          | 0/1 [00:00<?, ?it/s]Batches: 100%|██████████| 1/1 [00:00<00:00, 27.00it/s]
2026-09-03 04:41:40,038 - MainProcess - INFO - ✅ Segment #653 stored in MongoDB
✅ Segment #653 from Camera cam15_stream-15 stored in MongoDB
2026-09-03 04:41:40,038 - MainProcess - INFO - [cam15_stream-15] segment 653 looks alert-worthy - asking z-ai/glm-5.3-flash
2026-09-03 04:41:40,038 - MainProcess - INFO - [AI->] https://openrouter.ai/api/v1/chat/completions z-ai/glm-5.3-flash (max_tokens=2000, prompt=5263 chars)
2026-09-03 04:41:41,739 - MainProcess - INFO - [AI<-] z-ai/glm-5.3-flash ok in 22.4s | prompt_tok=7619 completion_tok=607 cost=$0.000723175 | 2291 chars returned
2026-09-03 04:41:41,739 - MainProcess - INFO - [cam14_stream-14] summary: condensing minutes 225-249 (10/29)
2026-09-03 04:41:41,739 - MainProcess - INFO - [AI->] https://openrouter.ai/api/v1/chat/completions z-ai/glm-5.3-flash (max_tokens=700, prompt=30942 chars)
2026-09-03 04:41:43,297 - MainProcess - INFO - [AI<-] z-ai/glm-5.3-flash ok in 3.3s | prompt_tok=1397 completion_tok=64 cost=$0.000116935 | 222 chars returned
2026-09-03 04:41:43,297 - MainProcess - INFO - [cam15_stream-15] segment 653 -> 2 alert(s)
2026-09-03 04:41:43,297 - MainProcess - WARNING - [cam15_stream-15] no VMS device id in camera_did_map.json - alert skipped: Small child crossing live carriageway alone off zebra, 39-48s
2026-09-03 04:41:43,297 - MainProcess - WARNING - [cam15_stream-15] no VMS device id in camera_did_map.json - alert skipped: Apparent red-light jumping at junction despite red/amber aspect
2026-09-03 04:41:43,299 - MainProcess - INFO - [cam15_stream-15] ✅ Segment #653 complete
2026-09-03 04:41:43,299 - MainProcess - INFO - [cam15_stream-15] #653  7/73 (  9.6%) | seg  52.22s = seek 23.04 (12f, 1.92s/frame) + vlm  24.09 + azure  1.11 + embed  0.42 | avg  20.41s | elapsed 0:02:22 | ETA 0:22:26
2026-09-03 04:41:44,940 - MainProcess - INFO - [AI<-] z-ai/glm-5.3-flash ok in 22.0s | prompt_tok=15352 completion_tok=910 cost=$0.0027578 | 3787 chars
2026-09-03 04:41:44,940 - MainProcess - INFO - [VLM] Response received. Content len: 3787, Thinking len: 0
2026-09-03 04:41:45,331 - MainProcess - INFO - [AI<-] z-ai/glm-5.3-flash ok in 23.1s | prompt_tok=15352 completion_tok=975 cost=$0.0027903 | 4048 chars
2026-09-03 04:41:45,331 - MainProcess - INFO - [VLM] Response received. Content len: 4048, Thinking len: 0

================================================================================
🤖 [cam17_17_Rajkot_Bus_Port_CCTV] SEGMENT VLM - #578 - 2026-06-13 22:06:17
================================================================================
Recorded 13-06-2026 (Saturday) 22:06:17 to 22:06:47 at Rajkot Bus Port, camera cam17_17_Rajkot_Bus_Port_CCTV. 1. SCENE The camera ("1 CENTER") overlooks a covered walkway/veranda beside a bus port exit, with a public road visible to the left. Illuminated signage reads "HOTEL JK", "BUS EXIT ONLY", a "COTTON" shop advertisement with Gujarati text and a mobile number, and a yellow direction board with Gujarati text. It is night; the scene is lit by shop signage, street lights and vehicle headlights. The road surface appears damp/reflective, suggesting recent rain. 2. TRAFFIC AND PEOPLE - Parked two-wheelers: approximately five scooters/motorcycles stationary throughout the clip in the foreground (black, dark blue, one white scooter, one dark red/maroon). None move. - A large red-and-cream public bus passes left to right along the road at about 5s, exiting the frame by ~10s. - Motorcycles/scooters with headlight on travel along the road throughout (visible at 0s, ~30s, ~40s, ~50s). - An auto-rickshaw travels on the road left to right around 40s. - Cars with headlights on pass in the distance at various points (~25s, ~50s). - Pedestrians: a man in a white t-shirt and dark trousers walks across the foreground near the parked scooters at 0s, moving right, gone by ~10s. A man in a striped shirt walks on the road at 0s, exiting left by ~5s. A man in a light shirt stands near the planter/exit sign from 0s through ~35s, then moves off. A person in a white shirt walks away up the walkway at ~5-10s. A man in a dark t-shirt with a backpack walks along the road left to right at ~45-50s. A cyclist rides along the road at ~50s. - Two men sit on the low ledge beside the walkway throughout the entire clip: one in a peach/salmon shirt using a mobile phone, another in dark clothing beside him with a backpack. A pair of sandals lies on the pavement next to them. They do not move at any point. 3. VEHICLES IDENTIFIED CONFIRMED: None identified. PROBABLE (unconfirmed): - Red and cream single-decker bus (ST/state-carrier style livery), passing left to right on the road, ~5s. Rear/side angle and motion blur prevent reading any livery text or plate. - Black scooter, parked foreground, possible Honda family silhouette (unconfirmed), stationary throughout - badges not legible at this angle and lighting. - White scooter, parked, Activa-class silhouette (unconfirmed), stationary throughout - no badge legible. - Auto-rickshaw (three-wheeler, black/yellow), road, left to right, ~40s - standard body type only, no text legible. 4. REGISTRATIONS READ None legible. Plates on the parked two-wheelers are visible as small white/yellow rectangles but the characters cannot be resolved. (No reads attempted; nothing verified against any registry.) 5. NOTABLE EVENTS None observed. The two seated men remain in the same spot for the full clip with a pair of sandals left on the pavement beside them; this is consistent with waiting passengers and not in itself alert-worthy, but noted for completeness. 6. CROWD AND CONGESTION None observed. Pedestrian numbers remain low throughout; no queues or build-ups form. 7. TRAFFIC VIOLATIONS None observed. 8. PATTERN OF ACTIVITY The clip shows steady, light night-time activity at the bus port exit. The dominant movement is on the road to the left, travelling left to right: a bus early in the clip, then cars, an auto-rickshaw, motorcycles and a cyclist. The covered walkway itself is quiet - the only constant is the pair of seated men with a phone and backpack, present from the first frame to the last. The early frames carry the most pedestrian movement (a man crossing the foreground, a walker on the road); by the later frames the foot traffic has thinned and only passing road traffic continues. 9. QUIET PERIODS None observed. Road traffic and headlight movement continue throughout, and the seated men are present in every frame.
================================================================================

Batches:   0%|          | 0/1 [00:00<?, ?it/s]Batches: 100%|██████████| 1/1 [00:00<00:00, 33.75it/s]

================================================================================
🤖 [cam17_17_Rajkot_Bus_Port_CCTV] SEGMENT VLM - #579 - 2026-06-13 22:07:17
================================================================================
Recorded 13-06-2026 (Saturday) 22:07:17 to 22:07:47 at Rajkot Bus Port, camera cam17_17_Rajkot_Bus_Port_CCTV. 1. SCENE The camera ("1 CENTER") overlooks a covered walkway/veranda beside a shuttered shop at Rajkot Bus Port, with a view of the public road and bus bay to the left. Illuminated signage is visible: "HOTEL JK" (AC, NON AC Rooms, Rooms start from 799/- only), a "BUS EXIT ONLY" sign, a yellow advertisement board reading "COTTON" with a mobile number 87339 29701 / 702, and Gujarati directional signage. It is night; the scene is lit by streetlights, shop signage and vehicle headlights. The road surface appears wet/reflective, suggesting recent rain. 2. TRAFFIC AND PEOPLE - Parked two-wheelers: approximately six scooters/motorcycles along the left edge of the walkway, mostly black/dark, one white scooter, one dark blue scooter with brown seat. These remain stationary throughout. - Three people seated on the low ledge/wall on the right side of the walkway, present from the start to the end of the clip: one wearing a light pink/salmon shirt using a mobile phone (screen glow visible), one in dark clothing beside him, and a third person with a backpack. They remain seated throughout, with minor posture changes. - A pair of sandals/slippers left on the pavement near the seated group, present throughout. - Pedestrians on the road and footpath to the left: several people walking in both directions, including a person in a red/maroon shirt crossing near the kerb around 35s, and a small group standing near the signage around 30-50s. - Road traffic: a white car with headlights on travelling away from camera at the start (0-5s); a motorcycle with rider passing left to right around 20-25s; a large white GSRTC bus entering from the left and crossing the frame around 5-10s; an orange/white bus crossing left to right around 25-35s; a blue GSRTC bus entering from the left around 40-45s; an auto-rickshaw (yellow/green) passing on the road around 45-50s; assorted distant headlights and two-wheelers throughout. 3. VEHICLES IDENTIFIED CONFIRMED: - GSRTC bus, white livery with "GSRTC" legible on the side, entering from the left and crossing the bus bay, around 5-10s. - GSRTC bus, blue/white livery with "GSRTC" legible on the side, entering from the left, around 40-45s. PROBABLE (unconfirmed): - Orange/white single-decker bus crossing left to right around 25-35s (unconfirmed) - livery partially obscured by angle and motion blur; no operator marking legible. - Yellow/green auto-rickshaw on the road around 45-50s (unconfirmed) - standard three-wheeler silhouette, distance and darkness prevent further detail. - White hatchback/sedan on the road at 0-5s (unconfirmed) - rear three-quarter angle, headlights only, plate not legible. 4. REGISTRATIONS READ None legible. (Any plates visible on parked two-wheelers are below legible resolution; these are single automatic reads at best and not verified against any registry.) 5. NOTABLE EVENTS None observed. The three people seated on the ledge remain there for the full clip; this is consistent with waiting passengers and not in itself alert-worthy, though the group is seated in a dim area beside a closed shutter for the entire 55 seconds. 6. CROWD AND CONGESTION None observed. Pedestrian numbers on the road are light throughout; no queues or build-ups form. 7. TRAFFIC VIOLATIONS None observed. 8. PATTERN OF ACTIVITY This is a quiet night-time scene at the bus port edge. The dominant traffic is buses passing through the bus bay/road on the left, moving left to right, interspersed with occasional two-wheelers and an auto-rickshaw. The right-hand walkway is static: three seated individuals and parked scooters do not move at any point. The main change across the clip is the succession of buses - white GSRTC early, orange/white mid-clip, blue GSRTC late - after which road traffic thens out and the final frames show only distant headlights. Activity declines slightly toward the end of the clip. 9. QUIET PERIODS None observed. There is continuous movement on the road (vehicles or pedestrians) in every sampled frame, and the seated group is present throughout.
================================================================================

Batches:   0%|          | 0/1 [00:00<?, ?it/s]2026-09-03 04:41:45,854 - MainProcess - INFO - ✅ Segment #578 stored in MongoDB
✅ Segment #578 from Camera cam17_17_Rajkot_Bus_Port_CCTV stored in MongoDB
2026-09-03 04:41:45,855 - MainProcess - INFO - [cam17_17_Rajkot_Bus_Port_CCTV] segment 578 looks alert-worthy - asking z-ai/glm-5.3-flash
2026-09-03 04:41:45,855 - MainProcess - INFO - [AI->] https://openrouter.ai/api/v1/chat/completions z-ai/glm-5.3-flash (max_tokens=2000, prompt=5197 chars)
Batches: 100%|██████████| 1/1 [00:00<00:00, 34.46it/s]
2026-09-03 04:41:45,879 - MainProcess - WARNING - [cam13_stream-13] Segment #116: frame seek failed, skipping
2026-09-03 04:41:46,060 - MainProcess - INFO - ✅ Segment #579 stored in MongoDB
✅ Segment #579 from Camera cam17_17_Rajkot_Bus_Port_CCTV stored in MongoDB
2026-09-03 04:41:46,061 - MainProcess - INFO - [cam17_17_Rajkot_Bus_Port_CCTV] segment 579 looks alert-worthy - asking z-ai/glm-5.3-flash
2026-09-03 04:41:46,061 - MainProcess - INFO - [AI->] https://openrouter.ai/api/v1/chat/completions z-ai/glm-5.3-flash (max_tokens=2000, prompt=5309 chars)
2026-09-03 04:41:46,365 - MainProcess - INFO - [Memory] RAM: 12.0% | Process: 1.97GB | GPU: 3935/24564MB (16.0%)
2026-09-03 04:41:46,366 - MainProcess - INFO - [cam13_stream-13] #116  24/627 (  3.8%) | seg   0.00s = seek 16.17 (0f, 16.17s/frame) + vlm   0.00 + azure  0.00 + embed  0.00 | avg   6.09s | elapsed 0:02:26 | ETA 1:01:12
2026-09-03 04:41:47,380 - MainProcess - INFO - [AI->] https://openrouter.ai/api/v1/chat/completions z-ai/glm-5.3-flash (12 frames, max_tokens=2600)
2026-09-03 04:41:48,369 - MainProcess - INFO - [AI<-] z-ai/glm-5.3-flash ok in 2.5s | prompt_tok=1308 completion_tok=25 cost=$0.00010051 | 14 chars returned
2026-09-03 04:41:48,369 - MainProcess - INFO - [cam17_17_Rajkot_Bus_Port_CCTV] ✅ Segment #578 complete
2026-09-03 04:41:48,375 - MainProcess - INFO - [cam17_17_Rajkot_Bus_Port_CCTV] #578  5/144 (  3.5%) | seg  66.20s = seek 24.48 (12f, 2.04s/frame) + vlm  22.48 + azure  1.35 + embed  0.41 | avg  29.39s | elapsed 0:02:26 | ETA 1:08:05
2026-09-03 04:41:48,437 - MainProcess - INFO - [AI<-] z-ai/glm-5.3-flash ok in 2.4s | prompt_tok=1346 completion_tok=30 cost=$0.00010461 | 14 chars returned
2026-09-03 04:41:48,437 - MainProcess - INFO - [cam17_17_Rajkot_Bus_Port_CCTV] ✅ Segment #579 complete
2026-09-03 04:41:48,438 - MainProcess - INFO - [cam17_17_Rajkot_Bus_Port_CCTV] #579  6/144 (  4.2%) | seg  56.00s = seek 26.33 (12f, 2.19s/frame) + vlm  23.60 + azure  1.52 + embed  0.23 | avg  24.50s | elapsed 0:02:27 | ETA 0:56:21
2026-09-03 04:41:52,571 - MainProcess - INFO - [AI->] https://openrouter.ai/api/v1/chat/completions z-ai/glm-5.3-flash (1 frames, max_tokens=40)
2026-09-03 04:41:55,330 - MainProcess - WARNING - [cam13_stream-13] Segment #117: frame seek failed, skipping
2026-09-03 04:41:55,331 - MainProcess - INFO - [cam13_stream-13] #117  25/627 (  4.0%) | seg   0.00s = seek 19.67 (0f, 19.67s/frame) + vlm   0.00 + azure  0.00 + embed  0.00 | avg   6.20s | elapsed 0:02:35 | ETA 1:02:15
2026-09-03 04:41:55,419 - MainProcess - INFO - [AI<-] z-ai/glm-5.3-flash ok in 13.7s | prompt_tok=7709 completion_tok=522 cost=$0.00141735 | 2038 chars returned
2026-09-03 04:41:55,419 - MainProcess - INFO - [cam14_stream-14] summary: condensing minutes 250-274 (11/29)
2026-09-03 04:41:55,419 - MainProcess - INFO - [AI->] https://openrouter.ai/api/v1/chat/completions z-ai/glm-5.3-flash (max_tokens=700, prompt=30942 chars)
2026-09-03 04:41:56,032 - MainProcess - WARNING - [cam13_stream-13] Segment #118: frame seek failed, skipping
2026-09-03 04:41:56,032 - MainProcess - INFO - [cam13_stream-13] #118  26/627 (  4.1%) | seg   0.00s = seek 19.51 (0f, 19.51s/frame) + vlm   0.00 + azure  0.00 + embed  0.00 | avg   5.99s | elapsed 0:02:35 | ETA 1:00:01
2026-09-03 04:42:04,889 - MainProcess - WARNING - [cam13_stream-13] Segment #119: frame seek failed, skipping
2026-09-03 04:42:04,890 - MainProcess - INFO - [cam13_stream-13] #119  27/627 (  4.3%) | seg   0.00s = seek 19.01 (0f, 19.01s/frame) + vlm   0.00 + azure  0.00 + embed  0.00 | avg   6.10s | elapsed 0:02:44 | ETA 1:00:59
2026-09-03 04:42:05,350 - MainProcess - INFO - [AI<-] z-ai/glm-5.3-flash ok in 12.8s | prompt_tok=1442 completion_tok=15 cost=$0.0002238 | 22 chars
2026-09-03 04:42:05,380 - MainProcess - INFO - [AI->] https://openrouter.ai/api/v1/chat/completions z-ai/glm-5.3-flash (12 frames, max_tokens=2600)
2026-09-03 04:42:06,148 - MainProcess - INFO - [AI->] https://openrouter.ai/api/v1/chat/completions z-ai/glm-5.3-flash (12 frames, max_tokens=2600)
2026-09-03 04:42:09,990 - MainProcess - INFO - [AI->] https://openrouter.ai/api/v1/chat/completions z-ai/glm-5.3-flash (1 frames, max_tokens=40)
2026-09-03 04:42:10,691 - MainProcess - INFO - [AI->] https://openrouter.ai/api/v1/chat/completions z-ai/glm-5.3-flash (1 frames, max_tokens=40)
2026-09-03 04:42:12,198 - MainProcess - WARNING - [cam13_stream-13] Segment #120: frame seek failed, skipping
2026-09-03 04:42:12,198 - MainProcess - INFO - [cam13_stream-13] #120  28/627 (  4.5%) | seg   0.00s = seek 16.87 (0f, 16.87s/frame) + vlm   0.00 + azure  0.00 + embed  0.00 | avg   6.14s | elapsed 0:02:51 | ETA 1:01:19
2026-09-03 04:42:12,719 - MainProcess - INFO - [AI<-] z-ai/glm-5.3-flash ok in 2.7s | prompt_tok=1442 completion_tok=15 cost=$0.0001119 | 22 chars
2026-09-03 04:42:12,818 - MainProcess - INFO - [AI<-] z-ai/glm-5.3-flash ok in 2.1s | prompt_tok=1442 completion_tok=15 cost=$0.0001119 | 22 chars
2026-09-03 04:42:14,190 - MainProcess - INFO - [AI->] https://openrouter.ai/api/v1/chat/completions z-ai/glm-5.3-flash (12 frames, max_tokens=2600)
2026-09-03 04:42:14,499 - MainProcess - INFO - [AI->] https://openrouter.ai/api/v1/chat/completions z-ai/glm-5.3-flash (12 frames, max_tokens=2600)
2026-09-03 04:42:15,031 - MainProcess - INFO - [AI<-] z-ai/glm-5.3-flash ok in 19.6s | prompt_tok=7771 completion_tok=667 cost=$0.000749575 | 2291 chars returned
2026-09-03 04:42:15,031 - MainProcess - INFO - [cam14_stream-14] summary: condensing minutes 275-299 (12/29)
2026-09-03 04:42:15,031 - MainProcess - INFO - [AI->] https://openrouter.ai/api/v1/chat/completions z-ai/glm-5.3-flash (max_tokens=700, prompt=30942 chars)
2026-09-03 04:42:16,426 - MainProcess - WARNING - [cam13_stream-13] Segment #121: frame seek failed, skipping
2026-09-03 04:42:16,460 - MainProcess - INFO - [Memory] RAM: 11.7% | Process: 2.13GB | GPU: 2278/24564MB (9.3%)
2026-09-03 04:42:16,460 - MainProcess - INFO - [cam13_stream-13] #121  29/627 (  4.6%) | seg   0.00s = seek 20.39 (0f, 20.39s/frame) + vlm   0.00 + azure  0.00 + embed  0.00 | avg   6.08s | elapsed 0:02:56 | ETA 1:00:34
2026-09-03 04:42:16,830 - MainProcess - WARNING - [cam13_stream-13] Segment #122: frame seek failed, skipping
2026-09-03 04:42:16,830 - MainProcess - INFO - [cam13_stream-13] #122  30/627 (  4.8%) | seg   0.00s = seek 11.94 (0f, 11.94s/frame) + vlm   0.00 + azure  0.00 + embed  0.00 | avg   5.89s | elapsed 0:02:56 | ETA 0:58:34
2026-09-03 04:42:22,416 - MainProcess - WARNING - [cam13_stream-13] Segment #123: frame seek failed, skipping
2026-09-03 04:42:22,417 - MainProcess - INFO - [cam13_stream-13] #123  31/627 (  4.9%) | seg   0.00s = seek 10.22 (0f, 10.22s/frame) + vlm   0.00 + azure  0.00 + embed  0.00 | avg   5.88s | elapsed 0:03:02 | ETA 0:58:23
2026-09-03 04:42:26,645 - MainProcess - WARNING - [cam13_stream-13] Segment #124: frame seek failed, skipping
2026-09-03 04:42:26,646 - MainProcess - INFO - [cam13_stream-13] #124  32/627 (  5.1%) | seg   0.00s = seek 10.22 (0f, 10.22s/frame) + vlm   0.00 + azure  0.00 + embed  0.00 | avg   5.83s | elapsed 0:03:06 | ETA 0:57:46
2026-09-03 04:42:27,076 - MainProcess - WARNING - [cam13_stream-13] Segment #125: frame seek failed, skipping
2026-09-03 04:42:27,076 - MainProcess - INFO - [cam13_stream-13] #125  33/627 (  5.3%) | seg   0.00s = seek 10.25 (0f, 10.25s/frame) + vlm   0.00 + azure  0.00 + embed  0.00 | avg   5.66s | elapsed 0:03:06 | ETA 0:56:03
2026-09-03 04:42:28,796 - MainProcess - INFO - [AI<-] z-ai/glm-5.3-flash ok in 22.6s | prompt_tok=15352 completion_tok=795 cost=$0.0027003 | 3313 chars
2026-09-03 04:42:28,796 - MainProcess - INFO - [VLM] Response received. Content len: 3313, Thinking len: 0

================================================================================
🤖 [cam17_17_Rajkot_Bus_Port_CCTV] SEGMENT VLM - #580 - 2026-06-13 22:08:17
================================================================================
Recorded 13-06-2026 (Saturday) 22:08:17 to 22:08:47 at Rajkot Bus Port, camera cam17_17_Rajkot_Bus_Port_CCTV. 1. SCENE The camera ("1 CENTER") overlooks a covered walkway/forecourt beside a closed shopfront (roller shutter down) at Rajkot Bus Port, with a view of the public road to the left. Illuminated signage reads "HOTEL JK" (A/C, Non A/C Rooms, Rooms start from 799/- only), a "BUS EXIT ONLY" sign, and a yellow advertisement board with Gujarati text and the number "Mo. 87339 29701 / 702". It is night; the scene is lit by streetlights and shop signage, with wet-look reflective road surface suggesting recent rain. 2. TRAFFIC AND PEOPLE - Four to five parked two-wheelers (scooters/motorcycles) in the left foreground throughout: one white scooter, several black/dark scooters, one dark blue scooter. They remain stationary for the whole clip. - Three males seated/crouched on the kerb near the planter throughout the clip: one in a pale pink/salmon long-sleeve shirt, one in dark clothing with a backpack, one partially visible behind them. They remain in the same spot, occasionally shifting position. - A cyclist in a light shirt rides along the road left to right, visible around 5s in. - A blue-and-white city bus (GSRTC-style livery, "GSRTC" text visible) passes left to right on the road around 15s 20s. - A rider in a red shirt with white stripes on a black scooter enters from the left around 35s, stops among the parked two-wheelers, dismounts, and walks away to the right by 45s, leaving the scooter parked. - Various distant road traffic: cars, auto-rickshaws and motorcycles passing on the road throughout, mostly left to right. - Two or three people standing near the shrubs by the road in the early frames, moving off by around 30s. 3. VEHICLES IDENTIFIED CONFIRMED None identified. PROBABLE (unconfirmed) - Blue and white ST-style bus, GSRTC class (unconfirmed), passing left to right on the road, ~15s 20s. Rear/side angle, darkness and motion blur prevent confirmation; "GSRTC" lettering is suggestive but not clearly legible. - Black scooter ridden by the red-shirted rider, ~35s 45s (unconfirmed) no badge or plate legible. 4. REGISTRATIONS READ None legible. (Any plates present on parked two-wheelers are too small, angled or blurred to read; all reads would be single automatic reads, not verified against any registry.) 5. NOTABLE EVENTS None observed. The group seated on the kerb remains stationary and there is no visible conflict, theft or unattended-item issue; one pair of sandals lies on the pavement near them throughout, apparently belonging to the group. 6. CROWD AND CONGESTION None observed. Pedestrian and road traffic remain light throughout. 7. TRAFFIC VIOLATIONS None observed. 8. PATTERN OF ACTIVITY This is a quiet night-time scene dominated by parked two-wheelers in the foreground and light passing traffic on the road. The only notable changes across the clip: a cyclist and then a blue-and-white bus pass along the road in the first half; in the second half a rider in a red shirt arrives on a black scooter, parks it among the stationary two-wheelers and walks off. The three males seated on the kerb are a constant presence from start to finish, with no significant change in their position or behaviour. 9. QUIET PERIODS None observed there is continuous movement on the road (headlights, passing vehicles) throughout, even when the foreground is still.
================================================================================

Batches:   0%|          | 0/1 [00:00<?, ?it/s]Batches: 100%|██████████| 1/1 [00:00<00:00, 32.93it/s]
2026-09-03 04:42:29,718 - MainProcess - INFO - ✅ Segment #580 stored in MongoDB
✅ Segment #580 from Camera cam17_17_Rajkot_Bus_Port_CCTV stored in MongoDB
2026-09-03 04:42:29,718 - MainProcess - INFO - [cam17_17_Rajkot_Bus_Port_CCTV] segment 580 looks alert-worthy - asking z-ai/glm-5.3-flash
2026-09-03 04:42:29,718 - MainProcess - INFO - [AI->] https://openrouter.ai/api/v1/chat/completions z-ai/glm-5.3-flash (max_tokens=2000, prompt=4719 chars)
2026-09-03 04:42:30,935 - MainProcess - INFO - [AI<-] z-ai/glm-5.3-flash ok in 1.2s | prompt_tok=1190 completion_tok=7 cost=$8.716e-05 | 14 chars returned
2026-09-03 04:42:30,936 - MainProcess - INFO - [cam17_17_Rajkot_Bus_Port_CCTV] ✅ Segment #580 complete
2026-09-03 04:42:31,232 - MainProcess - INFO - [Memory] RAM: 11.7% | Process: 1.99GB | GPU: 2510/24564MB (10.2%)
2026-09-03 04:42:31,232 - MainProcess - INFO - [cam17_17_Rajkot_Bus_Port_CCTV] #580  7/144 (  4.9%) | seg  55.47s = seek 17.08 (12f, 1.42s/frame) + vlm  23.15 + azure  0.63 + embed  0.42 | avg  27.12s | elapsed 0:03:09 | ETA 1:01:54
2026-09-03 04:42:31,652 - MainProcess - WARNING - [cam13_stream-13] Segment #126: frame seek failed, skipping
2026-09-03 04:42:31,652 - MainProcess - INFO - [cam13_stream-13] #126  34/627 (  5.4%) | seg   0.00s = seek  9.23 (0f, 9.23s/frame) + vlm   0.00 + azure  0.00 + embed  0.00 | avg   5.63s | elapsed 0:03:11 | ETA 0:55:39
2026-09-03 04:42:38,467 - MainProcess - INFO - [AI<-] z-ai/glm-5.3-flash ok in 24.0s | prompt_tok=15352 completion_tok=967 cost=$0.0027863 | 3930 chars
2026-09-03 04:42:38,467 - MainProcess - INFO - [VLM] Response received. Content len: 3930, Thinking len: 13
2026-09-03 04:42:38,663 - MainProcess - WARNING - [cam13_stream-13] Segment #127: frame seek failed, skipping
2026-09-03 04:42:38,664 - MainProcess - INFO - [cam13_stream-13] #127  35/627 (  5.6%) | seg   0.00s = seek 12.02 (0f, 12.02s/frame) + vlm   0.00 + azure  0.00 + embed  0.00 | avg   5.67s | elapsed 0:03:18 | ETA 0:55:56

================================================================================
🤖 [cam17_17_Rajkot_Bus_Port_CCTV] SEGMENT VLM - #581 - 2026-06-13 22:09:17
================================================================================
Recorded 13-06-2026 (Saturday) 22:09:17 to 22:09:47 at Rajkot Bus Port, camera cam17_17_Rajkot_Bus_Port_CCTV. 1. SCENE The camera ("1 CENTER") overlooks a covered walkway/veranda beside a shuttered shop at Rajkot Bus Port, with a view of the public road to the left. Legible signage includes "HOTEL JK A/C, NON A/C ROOMS & DORMITORY ALSO AVAILABLE ROOMS STARTS FROM 790/-", a "BUS EXIT ONLY" sign, a large yellow advertisement board ("COTTON", Mo. 87339 29701 / 702), and Gujarati-language boards. It is night; the scene is lit by street lighting and vehicle headlights, with some glare and motion blur on the road. The road surface appears damp/reflective. 2. TRAFFIC AND PEOPLE - Parked two-wheelers: approximately 8 10 scooters and motorcycles, mostly black/dark, plus one white scooter, stationary along the kerb throughout the clip. - Road traffic: multiple motorcycles/scooters with headlights on passing along the road (visible at 0s, 15s, 20s, 25s, 30s, 40s, 45s); a white car passes left-to-right on the road around 5s; a three-wheeler/auto visible in the distance around 35s; various distant headlights throughout. - People: three males seated/crouched on the veranda ledge near the planter throughout the clip one in a pale orange/salmon long-sleeve shirt, one in dark clothing with a backpack, one partially visible behind them. A pair of slippers lies on the tiles near them. - A man in a dark patterned shirt and jeans enters from the left around 30s and stands among the parked two-wheelers, handling a black motorcycle at the left edge. - A man in a white printed t-shirt ("HOLLISTER" legible) enters from the left around 45s and stands near the parked bikes. - A man in a red/dark tracksuit walks from the background right across the frame around 40 50s, moving toward the parked bikes then back toward the road. - Several pedestrians on the far footpath/roadside throughout, some standing in groups, some walking; one person with a backpack stands near the pole around 45 55s. 3. VEHICLES IDENTIFIED CONFIRMED None identified. PROBABLE (unconfirmed) - White compact car, hatchback/sedan class (unconfirmed), passing on the road left to right, ~5s distance, darkness and headlight glare prevent confirmation. - Multiple motorcycles/scooters in motion on the road (unconfirmed), 0s, 15s, 20s, 25s, 30s, 40s, 45s night conditions, motion blur, headlights only. - Auto rickshaw, distant (unconfirmed), ~35s too far and dark to confirm. 4. REGISTRATIONS READ None legible. (Plates on parked two-wheelers are present but too small, angled and blurred to read; these would be single automatic reads in any case, not verified against any registry.) 5. NOTABLE EVENTS - A group of three males remains seated/crouched on the veranda ledge for the full 55 seconds, in the same position, next to a closed shutter, with a pair of slippers abandoned on the tiles consistent with loitering after closing hours; no incident observed between them. - No collisions, near-misses, altercations or unattended bags observed. 6. CROWD AND CONGESTION None observed. Pedestrian numbers on the footpath increase modestly in the second half of the clip (roughly 5 8 people visible by 45 55s) but no queue or build-up forms. 7. TRAFFIC VIOLATIONS None observed. 8. PATTERN OF ACTIVITY The dominant activity is light, steady through-traffic on the road mostly motorcycles with headlights on, moving in both directions against a static foreground of parked two-wheelers and three seated males who do not move at any point. Early in the clip the road carries occasional vehicles and few pedestrians; from around 30s onward foot traffic on the near side increases, with several young men arriving on foot and gathering around the parked motorcycles at the left of frame, and one man handling a parked bike. The scene remains calm throughout with no directional pattern change on the road. 9. QUIET PERIODS None observed road traffic and pedestrian movement continue throughout, and the seated group is present in every frame.
================================================================================

Batches:   0%|          | 0/1 [00:00<?, ?it/s]Batches: 100%|██████████| 1/1 [00:00<00:00, 16.35it/s]
2026-09-03 04:42:39,429 - MainProcess - INFO - ✅ Segment #581 stored in MongoDB
✅ Segment #581 from Camera cam17_17_Rajkot_Bus_Port_CCTV stored in MongoDB
2026-09-03 04:42:39,430 - MainProcess - INFO - [cam17_17_Rajkot_Bus_Port_CCTV] segment 581 looks alert-worthy - asking z-ai/glm-5.3-flash
2026-09-03 04:42:39,430 - MainProcess - INFO - [AI->] https://openrouter.ai/api/v1/chat/completions z-ai/glm-5.3-flash (max_tokens=2000, prompt=5309 chars)
2026-09-03 04:42:39,746 - MainProcess - WARNING - [cam13_stream-13] Segment #128: frame seek failed, skipping
2026-09-03 04:42:39,747 - MainProcess - INFO - [cam13_stream-13] #128  36/627 (  5.7%) | seg   0.00s = seek 12.67 (0f, 12.67s/frame) + vlm   0.00 + azure  0.00 + embed  0.00 | avg   5.54s | elapsed 0:03:19 | ETA 0:54:35
2026-09-03 04:42:41,945 - MainProcess - INFO - [AI<-] z-ai/glm-5.3-flash ok in 26.9s | prompt_tok=7642 completion_tok=516 cost=$0.0014043 | 1917 chars returned
2026-09-03 04:42:41,946 - MainProcess - INFO - [cam14_stream-14] summary: condensing minutes 300-324 (13/29)
2026-09-03 04:42:41,946 - MainProcess - INFO - [AI->] https://openrouter.ai/api/v1/chat/completions z-ai/glm-5.3-flash (max_tokens=700, prompt=30942 chars)
2026-09-03 04:42:43,496 - MainProcess - INFO - [AI->] https://openrouter.ai/api/v1/chat/completions z-ai/glm-5.3-flash (1 frames, max_tokens=40)
2026-09-03 04:42:43,891 - MainProcess - INFO - [AI<-] z-ai/glm-5.3-flash ok in 56.5s | prompt_tok=15352 completion_tok=1103 cost=$0.00142715 | 4353 chars
2026-09-03 04:42:43,891 - MainProcess - INFO - [VLM] Response received. Content len: 4353, Thinking len: 120
2026-09-03 04:42:43,952 - MainProcess - INFO - [AI<-] z-ai/glm-5.3-flash ok in 4.5s | prompt_tok=1350 completion_tok=93 cost=$0.00012066 | 151 chars returned
2026-09-03 04:42:43,952 - MainProcess - INFO - [cam17_17_Rajkot_Bus_Port_CCTV] segment 581 -> 1 alert(s)
2026-09-03 04:42:43,952 - MainProcess - WARNING - [cam17_17_Rajkot_Bus_Port_CCTV] no VMS device id in camera_did_map.json - alert skipped: Three males loitering by shuttered shop after hours; man handling parked bike near two-whe
2026-09-03 04:42:43,953 - MainProcess - INFO - [cam17_17_Rajkot_Bus_Port_CCTV] ✅ Segment #581 complete
2026-09-03 04:42:43,954 - MainProcess - INFO - [cam17_17_Rajkot_Bus_Port_CCTV] #581  8/144 (  5.6%) | seg  55.58s = seek 22.30 (12f, 1.86s/frame) + vlm  24.47 + azure  1.52 + embed  0.46 | avg  25.32s | elapsed 0:03:22 | ETA 0:57:23

================================================================================
🤖 [cam15_stream-15] SEGMENT VLM - #655 - 2026-06-14 07:54:57
================================================================================
Recorded 14-06-2026 (Sunday) 07:54:57 to 07:55:27 at Suvidhapark, camera cam15_stream-15. 1. SCENE The camera overlooks a signal-controlled road junction from an elevated position, showing a wide asphalt carriageway with marked zebra crossings on the approach and a second crossing on the far side. A traffic signal head is visible on the right-hand pole, which also carries a red-and-white striped bollard and a circular sign. Daylight, even and slightly overcast; morning conditions. Overlay text 'Suvidhapark P3 RLVD' is legible on all frames. 2. TRAFFIC AND PEOPLE - One white compact sedan (0s, moving left to right through the junction; also visible at top right of the 8s frame exiting). - One black/dark scooter with rider in white shirt, crossing leftward on the far side (0s). - One silver/grey compact sedan crossing left to right (5s 8s). - Two scooters/motorcycles with riders (5s, 8s, 15s) crossing in various directions. - One street sweeper in a fluorescent yellow-green high-visibility vest pulling a green two-wheel handcart with brooms, entering bottom left at 5s and crossing the zebra on foot toward the centre, still crossing at 8s. - One rider in cream/white shirt on a motorcycle crossing away from camera (15s). - One pedestrian in dark red/maroon top with black backpack crossing the zebra from left, 15s 24s. - One motorcycle with two riders, both unhelmeted, crossing leftward (20s). - One white SUV-type vehicle turning left at the far crossing, with one pedestrian in dark clothing walking beside/near it (24s, two consecutive frames). - One motorcycle with rider in light blue shirt near the right-hand bollard (24s). - Multiple two-wheelers crossing in the distance (35s). - One yellow-and-green auto-rickshaw crossing left to right, plus a scooter with a female rider in orange top (40s). - One scooter with rider in grey at the near crossing (40s). - One blue scooter with rider in white shirt crossing left to right (50s). - One white SUV-type vehicle turning left on the far side (53s), and a silver car exiting top of frame (53s). 3. VEHICLES IDENTIFIED CONFIRMED: None identified. PROBABLE (unconfirmed): - White compact sedan, Dzire/Aura class (unconfirmed), 0s rear three-quarter angle, no badge or plate legible. - Silver compact sedan, Dzire/Aura class (unconfirmed), 5s 8s side angle at speed, no markings legible. - White SUV, large SUV/Innova-class silhouette (unconfirmed), 24s motion blur during left turn, plate not legible. - White SUV, large SUV-class silhouette (unconfirmed), 53s distant, turning, plate not legible. - Yellow-and-green three-wheeler auto-rickshaw (unconfirmed), 40s standard silhouette but no text legible. 4. REGISTRATIONS READ None legible. All plates are either too distant, motion-blurred or seen at rear angles; no reads attempted should be treated as verified. 5. NOTABLE EVENTS - At 24s a white SUV-type vehicle is turning at the far crossing while a pedestrian in dark clothing walks immediately alongside/close to its front nearside, a close-proximity interaction between vehicle and pedestrian; no contact or fall is seen. - At 20s a motorcycle carrying two riders, neither wearing a helmet, crosses the junction (also noted under violations). 6. CROWD AND CONGESTION None observed. Traffic flows freely throughout; never more than a handful of vehicles in frame. 7. TRAFFIC VIOLATIONS - At 20s: two occupants on one motorcycle, neither rider wearing a helmet. - At 8s and 15s: two-wheelers appear to cross while the visible signal head shows amber/red at the right-hand pole; the small size and angle of the signal make a definite red-light-jumping finding unsafe, noted only as possible. 8. PATTERN OF ACTIVITY The dominant traffic is two-wheelers crossing the junction in mixed directions, interspersed with occasional cars. Early in the clip the junction is nearly empty, with the notable presence of a municipal sweeper crossing on foot with a handcart. Mid-clip, pedestrian and two-wheeler activity peaks (a crossing pedestrian and a turning SUV between 15s and 24s). Late in the clip the near crossing empties and only distant vehicles appear; the final seconds show the junction essentially clear apart from two vehicles turning on the far side. 9. QUIET PERIODS Approximately 44s to 53s the near carriageway is completely empty of moving traffic, with only distant activity at the far crossing; this is the quietest stretch of the clip.
================================================================================

Batches:   0%|          | 0/1 [00:00<?, ?it/s]Batches: 100%|██████████| 1/1 [00:00<00:00, 31.37it/s]
2026-09-03 04:42:44,837 - MainProcess - INFO - ✅ Segment #655 stored in MongoDB
✅ Segment #655 from Camera cam15_stream-15 stored in MongoDB
2026-09-03 04:42:44,838 - MainProcess - INFO - [cam15_stream-15] segment 655 looks alert-worthy - asking z-ai/glm-5.3-flash
2026-09-03 04:42:44,838 - MainProcess - INFO - [AI->] https://openrouter.ai/api/v1/chat/completions z-ai/glm-5.3-flash (max_tokens=2000, prompt=5291 chars)
2026-09-03 04:42:45,142 - MainProcess - WARNING - [cam13_stream-13] Segment #129: frame seek failed, skipping
2026-09-03 04:42:45,143 - MainProcess - INFO - [cam13_stream-13] #129  37/627 (  5.9%) | seg   0.00s = seek 13.49 (0f, 13.49s/frame) + vlm   0.00 + azure  0.00 + embed  0.00 | avg   5.54s | elapsed 0:03:24 | ETA 0:54:27
2026-09-03 04:42:45,642 - MainProcess - INFO - [AI<-] z-ai/glm-5.3-flash ok in 2.1s | prompt_tok=1442 completion_tok=15 cost=$0.0001119 | 22 chars
2026-09-03 04:42:47,127 - MainProcess - INFO - [AI->] https://openrouter.ai/api/v1/chat/completions z-ai/glm-5.3-flash (12 frames, max_tokens=2600)
2026-09-03 04:42:48,353 - MainProcess - INFO - [AI<-] z-ai/glm-5.3-flash ok in 3.5s | prompt_tok=1322 completion_tok=66 cost=$0.00011181 | 127 chars returned
2026-09-03 04:42:48,353 - MainProcess - INFO - [cam15_stream-15] segment 655 -> 1 alert(s)
2026-09-03 04:42:48,353 - MainProcess - WARNING - [cam15_stream-15] no VMS device id in camera_did_map.json - alert skipped: Two riders on motorcycle, neither wearing helmet, crossing junction (20s)
2026-09-03 04:42:48,354 - MainProcess - INFO - [cam15_stream-15] ✅ Segment #655 complete
2026-09-03 04:42:48,605 - MainProcess - INFO - [Memory] RAM: 11.8% | Process: 2.06GB | GPU: 3514/24564MB (14.3%)
2026-09-03 04:42:48,605 - MainProcess - INFO - [cam15_stream-15] #655  8/73 ( 11.0%) | seg  78.31s = seek 16.19 (12f, 1.35s/frame) + vlm  57.02 + azure  0.99 + embed  0.44 | avg  26.02s | elapsed 0:03:28 | ETA 0:28:11
2026-09-03 04:42:53,791 - MainProcess - WARNING - [cam13_stream-13] Segment #130: frame seek failed, skipping
2026-09-03 04:42:54,231 - MainProcess - INFO - [Memory] RAM: 11.9% | Process: 2.06GB | GPU: 3383/24564MB (13.8%)
2026-09-03 04:42:54,231 - MainProcess - INFO - [cam13_stream-13] #130  38/627 (  6.1%) | seg   0.00s = seek 15.13 (0f, 15.13s/frame) + vlm   0.00 + azure  0.00 + embed  0.00 | avg   5.63s | elapsed 0:03:34 | ETA 0:55:17
2026-09-03 04:42:54,428 - MainProcess - INFO - [AI<-] z-ai/glm-5.3-flash ok in 12.5s | prompt_tok=7567 completion_tok=504 cost=$0.00138705 | 1855 chars returned
2026-09-03 04:42:54,429 - MainProcess - INFO - [cam14_stream-14] summary: condensing minutes 325-349 (14/29)
2026-09-03 04:42:54,429 - MainProcess - INFO - [AI->] https://openrouter.ai/api/v1/chat/completions z-ai/glm-5.3-flash (max_tokens=700, prompt=30942 chars)
2026-09-03 04:42:54,897 - MainProcess - WARNING - [cam13_stream-13] Segment #131: frame seek failed, skipping
2026-09-03 04:42:54,897 - MainProcess - INFO - [cam13_stream-13] #131  39/627 (  6.2%) | seg   0.00s = seek 15.15 (0f, 15.15s/frame) + vlm   0.00 + azure  0.00 + embed  0.00 | avg   5.50s | elapsed 0:03:34 | ETA 0:53:56
2026-09-03 04:42:59,151 - MainProcess - INFO - [AI->] https://openrouter.ai/api/v1/chat/completions z-ai/glm-5.3-flash (1 frames, max_tokens=40)
2026-09-03 04:43:01,181 - MainProcess - INFO - [AI<-] z-ai/glm-5.3-flash ok in 2.0s | prompt_tok=1442 completion_tok=15 cost=$0.0001119 | 22 chars
2026-09-03 04:43:01,668 - MainProcess - WARNING - [cam13_stream-13] Segment #132: frame seek failed, skipping
2026-09-03 04:43:01,668 - MainProcess - INFO - [cam13_stream-13] #132  40/627 (  6.4%) | seg   0.00s = seek 16.53 (0f, 16.53s/frame) + vlm   0.00 + azure  0.00 + embed  0.00 | avg   5.54s | elapsed 0:03:41 | ETA 0:54:09
2026-09-03 04:43:02,732 - MainProcess - INFO - [AI->] https://openrouter.ai/api/v1/chat/completions z-ai/glm-5.3-flash (12 frames, max_tokens=2600)
2026-09-03 04:43:05,994 - MainProcess - INFO - [AI->] https://openrouter.ai/api/v1/chat/completions z-ai/glm-5.3-flash (12 frames, max_tokens=2600)
2026-09-03 04:43:08,644 - MainProcess - WARNING - [cam13_stream-13] Segment #133: frame seek failed, skipping
2026-09-03 04:43:08,645 - MainProcess - INFO - [cam13_stream-13] #133  41/627 (  6.5%) | seg   0.00s = seek 14.85 (0f, 14.85s/frame) + vlm   0.00 + azure  0.00 + embed  0.00 | avg   5.57s | elapsed 0:03:48 | ETA 0:54:24
2026-09-03 04:43:09,030 - MainProcess - WARNING - [cam13_stream-13] Segment #134: frame seek failed, skipping
2026-09-03 04:43:09,032 - MainProcess - INFO - [cam13_stream-13] #134  42/627 (  6.7%) | seg   0.00s = seek 14.13 (0f, 14.13s/frame) + vlm   0.00 + azure  0.00 + embed  0.00 | avg   5.45s | elapsed 0:03:48 | ETA 0:53:07
2026-09-03 04:43:09,115 - MainProcess - INFO - [AI<-] z-ai/glm-5.3-flash ok in 54.9s | prompt_tok=15352 completion_tok=974 cost=$0.0013949 | 4165 chars
2026-09-03 04:43:09,115 - MainProcess - INFO - [VLM] Response received. Content len: 4165, Thinking len: 116

================================================================================
🤖 [cam17_17_Rajkot_Bus_Port_CCTV] SEGMENT VLM - #582 - 2026-06-13 22:10:17
================================================================================
Recorded 13-06-2026 (Saturday) 22:10:17 to 22:10:47 at Rajkot Bus Port, camera cam17_17_Rajkot_Bus_Port_CCTV. 1. SCENE The camera ("1 CENTER") overlooks a footpath and parking bay adjacent to a road at Rajkot Bus Port. Visible signage includes an illuminated "HOTEL JK" advertisement board (AC / NON AC ROOMS, ROOMS STARTS FROM 799/-), a "BUS EXIT ONLY" sign, and a red-and-yellow commercial hoarding reading "COTTON" with phone numbers 87339 29701 / 702. A closed metal shop shutter occupies the right of frame. It is night; the scene is lit by street lamps, shop lights and vehicle headlights. The road surface appears damp/reflective. Traffic on the road runs left to right in the background, with oncoming headlight glare. 2. TRAFFIC AND PEOPLE - Approximately 7 8 parked two-wheelers (black scooters, a black motorcycle, a maroon/dark scooter and a white/silver scooter) in the foreground bay, stationary throughout. - Three to four people seated on the low ledge by the shutter throughout the clip: one in a light orange/peach shirt, one in dark clothing, one with a dark backpack. They remain in place, huddled over a mobile phone (screen glow visible from about 27s onward). - One person standing near the parked motorcycles on the left, wearing a white/dark patterned shirt, present throughout. - A pedestrian in white shirt, light trousers and a black backpack standing on the footpath edge near the planter throughout, at times looking at his own phone; around 47s a second person in white approaches and stands beside him. - Background road: multiple two-wheeler riders passing left to right; at 32s a dark auto-rickshaw and cars pass; at 37s a blue/white bus passes left to right; assorted headlights and taillights throughout. - Distant pedestrians walking on the far footpath, including a small group seated near the signboard from about 47s. 3. VEHICLES IDENTIFIED CONFIRMED: None identified. PROBABLE (unconfirmed): - Blue-and-white public-service-type bus, passing left to right on the road at 37s (unconfirmed) motion blur and partial view prevent reading any livery text. - Dark auto-rickshaw, three-wheeler, travelling left to right at 32s (unconfirmed) distance and headlight glare. - All parked two-wheelers remain static; badges and plates not legible at this angle and light level, so none can be placed even in a model family with confidence. 4. REGISTRATIONS READ None legible. All vehicles are parked at angles or in motion with plates too small, angled or washed out by glare. Any plate reading from these frames would be a single automatic read, not verified against any registry and in this clip nothing is readable at all. 5. NOTABLE EVENTS None observed. The seated group's sustained huddling over a single mobile phone throughout the clip is unremarkable but noted for completeness; no contact with other people's property, no altercations, no unattended bags apart from the backpacks belonging to the seated group. 6. CROWD AND CONGESTION None observed. Footpath occupancy is light (roughly 6 8 people) and road traffic flows freely. 7. TRAFFIC VIOLATIONS None observed. All riders seen are moving with the traffic flow; no riders are close enough to confirm helmet use either way, so no helmetless-riding observation is made. 8. PATTERN OF ACTIVITY This is a quiet night-time scene dominated by a static foreground: parked two-wheelers and a small group of people resting on the ledge by the shutter, one of whom uses a phone that becomes visible as a glowing screen from roughly the midpoint of the clip. The only dynamic element is moderate background road traffic flowing left to right two-wheelers continuously, an auto-rickshaw around 32s and a blue-and-white bus around 37s. On the footpath, a pedestrian in white with a backpack stays at the planter edge for the full 55 seconds and is joined briefly by a second person near 47s. There is no significant change between early and late frames; the scene is essentially static with passing traffic. 9. QUIET PERIODS None observed in the traffic sense vehicles or pedestrians are moving in the background throughout. However, the entire foreground (parked two-wheelers, seated group, standing pedestrians) shows no significant movement at any point in the 55 seconds.
================================================================================

Batches:   0%|          | 0/1 [00:00<?, ?it/s]Batches: 100%|██████████| 1/1 [00:00<00:00, 31.13it/s]
2026-09-03 04:43:10,035 - MainProcess - INFO - ✅ Segment #582 stored in MongoDB
✅ Segment #582 from Camera cam17_17_Rajkot_Bus_Port_CCTV stored in MongoDB
2026-09-03 04:43:10,036 - MainProcess - INFO - [cam17_17_Rajkot_Bus_Port_CCTV] segment 582 looks alert-worthy - asking z-ai/glm-5.3-flash
2026-09-03 04:43:10,036 - MainProcess - INFO - [AI->] https://openrouter.ai/api/v1/chat/completions z-ai/glm-5.3-flash (max_tokens=2000, prompt=5309 chars)
2026-09-03 04:43:11,250 - MainProcess - INFO - [AI<-] z-ai/glm-5.3-flash ok in 16.8s | prompt_tok=7731 completion_tok=547 cost=$0.000716575 | 1953 chars returned
2026-09-03 04:43:11,250 - MainProcess - INFO - [cam14_stream-14] summary: condensing minutes 350-374 (15/29)
2026-09-03 04:43:11,250 - MainProcess - INFO - [AI->] https://openrouter.ai/api/v1/chat/completions z-ai/glm-5.3-flash (max_tokens=700, prompt=30942 chars)
2026-09-03 04:43:11,513 - MainProcess - INFO - [AI<-] z-ai/glm-5.3-flash ok in 1.5s | prompt_tok=1296 completion_tok=7 cost=$9.511e-05 | 14 chars returned
2026-09-03 04:43:11,513 - MainProcess - INFO - [cam17_17_Rajkot_Bus_Port_CCTV] ✅ Segment #582 complete
2026-09-03 04:43:11,766 - MainProcess - INFO - [Memory] RAM: 12.0% | Process: 2.13GB | GPU: 5436/24564MB (22.1%)
2026-09-03 04:43:11,766 - MainProcess - INFO - [cam17_17_Rajkot_Bus_Port_CCTV] #582  9/144 (  6.2%) | seg  83.08s = seek 21.54 (12f, 1.79s/frame) + vlm  55.43 + azure  1.31 + embed  0.42 | avg  25.59s | elapsed 0:03:50 | ETA 0:57:35
2026-09-03 04:43:13,223 - MainProcess - INFO - [AI<-] z-ai/glm-5.3-flash ok in 67.8s | prompt_tok=15352 completion_tok=1172 cost=$0.0014444 | 4203 chars
2026-09-03 04:43:13,223 - MainProcess - INFO - [VLM] Response received. Content len: 4203, Thinking len: 528

================================================================================
🤖 [cam15_stream-15] SEGMENT VLM - #656 - 2026-06-14 07:55:57
================================================================================
Recorded 14-06-2026 (Sunday) 07:55:57 to 07:56:27 at Suvidhapark, camera cam15_stream-15. 1. SCENE The camera overlooks a signalised road junction at Suvidhapark (camera legend "Suvidhapark P3 RLVD") from an elevated position. A marked zebra crossing spans the foreground, with stop-line markings, a traffic signal post on the right (showing red/amber through the clip), a red-and-white bollard and hatched kerbing on the right footpath, and a small shelter and compound wall on the left. Lighting is natural daylight, dull/overcast, consistent with early morning. 2. TRAFFIC AND PEOPLE Traffic is light, free-flowing mixed traffic: approximately 6-7 two-wheelers/scooters, 3 auto-rickshaws (green-and-yellow), one white SUV-type car, one silver hatchback, one dark brown/reddish hatchback, one grey van, one yellow DHL-branded box truck, one white car and one small truck/tempo near the left edge, and a maroon car at top of frame late in the clip. People: one scooter with two riders (front rider in tan/brown shirt) at the stop line early; a pedestrian in white at the far kerb; a man in white shirt riding pillion early; a pedestrian in dark clothing with a backpack crossing from the far side from about 35s, reaching mid-junction by 50-55s; assorted riders, one rider in blue with a black helmet and backpack approaching the stop line at ~43s. 3. VEHICLES IDENTIFIED CONFIRMED - DHL-branded yellow box delivery truck, yellow cab, entering from the top of frame and crossing left-to-right across the junction, ~30s. - None other identified. PROBABLE (unconfirmed) - White SUV/coupe-SUV, mid-size, Tata Nexon/Baleno-class silhouette (unconfirmed) rear three-quarter view only, no badge readable, ~0s. - Grey passenger van, van/MPV class (unconfirmed) rear view, plate not legible, stationary at crossing ~3s. - Silver hatchback, i20/Swift class (unconfirmed) rear view only, motion, ~24s. - Dark brown/maroon compact hatchback, Baleno/i20 class (unconfirmed) rear view, plate area unreadable, ~43s. - Green-and-yellow auto-rickshaws, standard auto class (unconfirmed make), ~0s, ~20s, ~40s, ~50s, ~55s. 4. REGISTRATIONS READ None legible. (Several rear plates visible at ~3s, ~24s and ~43s but too small/blurred for a reliable read; these are single automatic observations only, not verified against any registry.) 5. NOTABLE EVENTS - A grey van is stopped on or immediately before the zebra crossing at ~3s, apparently waiting while the signal shows red/amber; it has cleared by ~10s. Possible encroachment on the crossing. - A pedestrian in dark clothing with a backpack walks across the live carriageway off the zebra lines, crossing diagonally through the middle of the junction from ~35s to beyond 55s, in close proximity to moving traffic. - Brief signal-frame glitch/distortion visible across the upper frame at ~3s. 6. CROWD AND CONGESTION None observed. Traffic remains sparse throughout with no queues or build-up. 7. TRAFFIC VIOLATIONS - Vehicle(s) proceeding through the junction while the signal visible to this camera shows red/amber (e.g. white SUV at 0s, silver hatchback ~24s, DHL truck ~30s, dark hatchback ~43s) note the far-facing signal state cannot be confirmed, so these may be crossing on a green for their approach. - Pedestrian crossing outside the zebra markings through the junction, ~35s to 55s. - Grey van stopped on the zebra crossing, ~3s. No helmetless riders or wrong-way movement confidently observed at this resolution. 8. PATTERN OF ACTIVITY The dominant flow is two-wheelers and auto-rickshaws moving right-to-left (from the top of frame toward the left exit), with occasional cars and one truck following the same general sweep through the junction. The early frames show slightly denser traffic (scooters, auto, white SUV all simultaneously on the crossing) that thins out through the middle of the clip, leaving the junction empty by ~20s and again ~35s. The late frames are quieter, dominated by a single pedestrian walking the junction and a few passing two-wheelers. Overall a steady, low-volume early-morning signal cycle. 9. QUIET PERIODS The junction is completely clear of vehicles at approximately 20s and again 35-40s; the road surface and markings alone are visible in those moments, with only a pedestrian at the kerb.
================================================================================

Batches:   0%|          | 0/1 [00:00<?, ?it/s]Batches: 100%|██████████| 1/1 [00:00<00:00, 31.13it/s]
2026-09-03 04:43:13,921 - MainProcess - WARNING - [cam13_stream-13] Segment #135: frame seek failed, skipping
2026-09-03 04:43:13,921 - MainProcess - INFO - [cam13_stream-13] #135  43/627 (  6.9%) | seg   0.00s = seek 12.25 (0f, 12.25s/frame) + vlm   0.00 + azure  0.00 + embed  0.00 | avg   5.44s | elapsed 0:03:53 | ETA 0:52:54
2026-09-03 04:43:14,142 - MainProcess - INFO - ✅ Segment #656 stored in MongoDB
✅ Segment #656 from Camera cam15_stream-15 stored in MongoDB
2026-09-03 04:43:14,143 - MainProcess - INFO - [cam15_stream-15] segment 656 looks alert-worthy - asking z-ai/glm-5.3-flash
2026-09-03 04:43:14,143 - MainProcess - INFO - [AI->] https://openrouter.ai/api/v1/chat/completions z-ai/glm-5.3-flash (max_tokens=2000, prompt=5291 chars)
2026-09-03 04:43:14,662 - MainProcess - INFO - [AI<-] z-ai/glm-5.3-flash ok in 27.5s | prompt_tok=15352 completion_tok=828 cost=$0.0026016 | 3463 chars
2026-09-03 04:43:14,662 - MainProcess - INFO - [VLM] Response received. Content len: 3463, Thinking len: 0

================================================================================
🤖 [cam17_17_Rajkot_Bus_Port_CCTV] SEGMENT VLM - #583 - 2026-06-13 22:11:17
================================================================================
Recorded 13-06-2026 (Saturday) 22:11:17 to 22:11:47 at Rajkot Bus Port, camera cam17_17_Rajkot_Bus_Port_CCTV. 1. SCENE The camera ("1 CENTER") overlooks a paved forecourt/parking area beside a closed shop with a metal roller shutter, at the edge of Rajkot Bus Port. Signage visible includes "HOTEL JK" (A/C, Non A/C Rooms & Dormitory, "Rooms starts from 799/- only"), a "BUS EXIT ONLY" sign, and a yellow advertisement board for a cotton/dress material shop with a contact number. The road beyond carries passing traffic. It is night; the scene is lit by street lighting and a bright light source on the left that causes glare and haze. The road surface appears damp, suggesting recent rain. 2. TRAFFIC AND PEOPLE - Parked two-wheelers: approximately 6-7 scooters/motorcycles, mostly black/dark, plus one white scooter, stationary throughout the clip. - Two people seated/crouched on the low kerb wall at centre-right for the full clip: one in a pink/salmon shirt using a mobile phone (screen glow visible), one in dark clothing with a backpack beside them. A pair of sandals lies on the pavement nearby. - One person in a white t-shirt, light trousers and a black backpack standing near the parked two-wheelers on the left, shifting position slightly throughout. - One person in a patterned shirt walking left-to-right past the parked bikes early in the clip (around 0-10s), then leaving frame. - Road traffic: a dark car passing left-to-right at the start (0-5s); a GSRTC bus (cream/red livery, "GSRTC" legible) entering from the left around 15-25s and moving right; a further bus/truck partially visible around 25-30s; an auto-rickshaw approaching on the road around 40-45s; assorted distant headlights and two-wheelers throughout. - Two pedestrians walking on the far pavement around 45-50s. 3. VEHICLES IDENTIFIED CONFIRMED: - GSRTC public transport bus, cream/red livery, "GSRTC" legible on the side, plate not legible, travelling left to right on the road, seen around 15-25s. PROBABLE (unconfirmed): - Dark hatchback/car on the road at the start, moving left to right (unconfirmed) - headlight glare and distance prevent any model read, 0-5s. - Large bus or goods vehicle passing behind the signage around 25-30s (unconfirmed) - only a partial side silhouette visible through glare. - Auto-rickshaw, dark colour, approaching on the road (unconfirmed) - distance and motion blur, 40-45s. 4. REGISTRATIONS READ None legible. Any plates on the parked two-wheelers are at too oblique an angle and too low in resolution to read; no road vehicle plate is readable. 5. NOTABLE EVENTS None observed. The two people seated on the kerb remain in the same spot using a phone throughout; their prolonged stationary presence is noted but is not in itself suspicious. 6. CROWD AND CONGESTION None observed. Pedestrian numbers are low (3-4 in the forecourt) and road traffic flows freely. 7. TRAFFIC VIOLATIONS None observed. 8. PATTERN OF ACTIVITY This is a quiet night-time scene dominated by stationary parked two-wheelers and a small group of people resting in the forecourt. The only significant movement is on the road, where a GSRTC bus passes left to right mid-clip, consistent with bus-port exit traffic. Between the early and late frames the forecourt barely changes: the person in the patterned shirt who walks through early is gone by the later frames, and the seated pair remain in place. Activity is calm and routine throughout. 9. QUIET PERIODS None observed on the road, which carries continuous passing traffic; the forecourt itself is static throughout.
================================================================================

Batches:   0%|          | 0/1 [00:00<?, ?it/s]Batches: 100%|██████████| 1/1 [00:00<00:00, 36.34it/s]
2026-09-03 04:43:15,573 - MainProcess - INFO - ✅ Segment #583 stored in MongoDB
✅ Segment #583 from Camera cam17_17_Rajkot_Bus_Port_CCTV stored in MongoDB
2026-09-03 04:43:15,574 - MainProcess - INFO - [cam17_17_Rajkot_Bus_Port_CCTV] segment 583 looks alert-worthy - asking z-ai/glm-5.3-flash
2026-09-03 04:43:15,574 - MainProcess - INFO - [AI->] https://openrouter.ai/api/v1/chat/completions z-ai/glm-5.3-flash (max_tokens=2000, prompt=4873 chars)
2026-09-03 04:43:16,428 - MainProcess - INFO - [AI<-] z-ai/glm-5.3-flash ok in 2.3s | prompt_tok=1353 completion_tok=60 cost=$0.000112635 | 218 chars returned
2026-09-03 04:43:16,428 - MainProcess - INFO - [cam15_stream-15] segment 656 alert suppressed (cooldown): Pedestrian crossing outside zebra through live junction near traffic, 35-55s
2026-09-03 04:43:16,428 - MainProcess - INFO - [cam15_stream-15] segment 656 -> 1 alert(s)
2026-09-03 04:43:16,428 - MainProcess - WARNING - [cam15_stream-15] no VMS device id in camera_did_map.json - alert skipped: Grey van stopped on zebra crossing ~3s, cleared by 10s
2026-09-03 04:43:16,429 - MainProcess - INFO - [cam15_stream-15] ✅ Segment #656 complete
2026-09-03 04:43:16,436 - MainProcess - INFO - [cam15_stream-15] #656  9/73 ( 12.3%) | seg  93.14s = seek 20.93 (12f, 1.74s/frame) + vlm  68.35 + azure  0.97 + embed  0.42 | avg  26.22s | elapsed 0:03:55 | ETA 0:27:58
2026-09-03 04:43:16,920 - MainProcess - INFO - [AI<-] z-ai/glm-5.3-flash ok in 1.3s | prompt_tok=1226 completion_tok=7 cost=$8.986e-05 | 14 chars returned
2026-09-03 04:43:16,920 - MainProcess - INFO - [cam17_17_Rajkot_Bus_Port_CCTV] ✅ Segment #583 complete
2026-09-03 04:43:16,923 - MainProcess - INFO - [cam17_17_Rajkot_Bus_Port_CCTV] #583  10/144 (  6.9%) | seg  45.97s = seek 12.54 (12f, 1.04s/frame) + vlm  28.04 + azure  1.29 + embed  0.41 | avg  23.55s | elapsed 0:03:55 | ETA 0:52:35
2026-09-03 04:43:19,520 - MainProcess - INFO - [AI<-] z-ai/glm-5.3-flash ok in 16.8s | prompt_tok=15352 completion_tok=820 cost=$0.0027128 | 3452 chars
2026-09-03 04:43:19,520 - MainProcess - INFO - [VLM] Response received. Content len: 3452, Thinking len: 0

================================================================================
🤖 [cam17_17_Rajkot_Bus_Port_CCTV] SEGMENT VLM - #584 - 2026-06-13 22:12:17
================================================================================
Recorded 13-06-2026 (Saturday) 22:12:17 to 22:12:47 at Rajkot Bus Port, camera cam17_17_Rajkot_Bus_Port_CCTV. 1. SCENE The camera ("1 CENTER") overlooks a covered pavement/veranda beside a closed shopfront (metal shutter down) at Rajkot Bus Port, with a view of the road and bus exit to the left. Illuminated signage is visible: "HOTEL JK" (A/C, Non A/C Rooms, Rooms start from 799/- only), a "BUS EXIT ONLY" sign, a "COTTON" advertisement board with Gujarati text and contact numbers, and a booking number banner. It is night; lighting is artificial from street lamps and shop signage, with heavy glare from a bright light source near the hotel sign. Road surface appears damp, suggesting recent rain. 2. TRAFFIC AND PEOPLE - Parked two-wheelers: approximately 6-7 scooters/motorcycles, mostly black/dark, plus one white scooter, stationary throughout the clip. - Two to three people seated on the pavement ledge near the planter throughout: one wearing a salmon/pink long-sleeve shirt, one in dark clothing with a backpack, one in a white sleeveless top (visible from ~45s). They remain seated, one looking at a mobile phone. - A person with a backpack and light trousers standing near the parked scooters from ~30s onward. - Pedestrians on the road/pavement to the left: a woman in a yellow top and a person in light clothing walking left-to-right around 40-50s; a woman in a light/pink outfit standing near the planter from ~45s. - Road traffic: headlights of cars and two-wheelers passing on the road throughout; a white car crosses left around 25-30s; a blue-and-white bus passes right-to-left across the upper left of frame around 50-55s; a motorcycle with two riders (dark clothing) enters from the left foreground around 50s and moves slowly right, stopping near the parked scooters by ~55s. 3. VEHICLES IDENTIFIED CONFIRMED: None identified. PROBABLE (unconfirmed): - White compact hatchback, unconfirmed, moving right-to-left on the road, ~25-30s (distance, headlight glare and motion blur). - Blue-and-white city/ST-style bus, unconfirmed, passing right-to-left, ~50-55s (rear/side angle, motion blur, darkness). - Dark motorcycle with rider and pillion, unconfirmed, entering from left foreground, ~50-55s (darkness, rear-only angle). 4. REGISTRATIONS READ None legible. 5. NOTABLE EVENTS None observed. The seated group remains in place throughout; no altercation, unattended bag or restricted-area entry is visible. The motorcycle stopping at the pavement edge at ~55s is at the clip's end and not resolvable further. 6. CROWD AND CONGESTION None observed. Pedestrian presence is light throughout; no queues form. 7. TRAFFIC VIOLATIONS None observed. 8. PATTERN OF ACTIVITY This is a quiet night-time scene dominated by a static group of two or three people seated on the pavement ledge by the planter, one using a mobile phone, with parked two-wheelers filling the foreground. Road traffic on the left consists of intermittent passing headlights of cars and two-wheelers. The main change across the clip is in the later half: pedestrians begin moving along the pavement (a woman in yellow, a person with a backpack, a woman in light clothing), a bus passes on the road around 50-55s, and a motorcycle with two riders enters the foreground and halts near the parked scooters just before the clip ends. The seated group does not move at any point. 9. QUIET PERIODS None observed - there is continuous low-level movement (road headlights, small pedestrian movements) throughout, though the pavement itself is largely static from 0s to ~40s.
================================================================================

Batches:   0%|          | 0/1 [00:00<?, ?it/s]Batches: 100%|██████████| 1/1 [00:00<00:00, 37.94it/s]
2026-09-03 04:43:20,432 - MainProcess - INFO - ✅ Segment #584 stored in MongoDB
✅ Segment #584 from Camera cam17_17_Rajkot_Bus_Port_CCTV stored in MongoDB
2026-09-03 04:43:20,433 - MainProcess - INFO - [cam17_17_Rajkot_Bus_Port_CCTV] segment 584 looks alert-worthy - asking z-ai/glm-5.3-flash
2026-09-03 04:43:20,433 - MainProcess - INFO - [AI->] https://openrouter.ai/api/v1/chat/completions z-ai/glm-5.3-flash (max_tokens=2000, prompt=4862 chars)
2026-09-03 04:43:22,639 - MainProcess - INFO - [AI<-] z-ai/glm-5.3-flash ok in 2.2s | prompt_tok=1218 completion_tok=10 cost=$0.0001877 | 14 chars returned
2026-09-03 04:43:22,639 - MainProcess - INFO - [cam17_17_Rajkot_Bus_Port_CCTV] ✅ Segment #584 complete
2026-09-03 04:43:22,641 - MainProcess - INFO - [cam17_17_Rajkot_Bus_Port_CCTV] #584  11/144 (  7.6%) | seg  38.69s = seek 15.19 (12f, 1.27s/frame) + vlm  17.29 + azure  1.40 + embed  0.41 | avg  21.93s | elapsed 0:04:01 | ETA 0:48:36
2026-09-03 04:43:29,611 - MainProcess - INFO - [AI<-] z-ai/glm-5.3-flash ok in 18.4s | prompt_tok=7784 completion_tok=654 cost=$0.0007473 | 2141 chars returned
2026-09-03 04:43:29,612 - MainProcess - INFO - [cam14_stream-14] summary: condensing minutes 375-399 (16/29)
2026-09-03 04:43:29,612 - MainProcess - INFO - [AI->] https://openrouter.ai/api/v1/chat/completions z-ai/glm-5.3-flash (max_tokens=700, prompt=30942 chars)
2026-09-03 04:43:33,991 - MainProcess - WARNING - [cam13_stream-13] Segment #136: frame seek failed, skipping
2026-09-03 04:43:34,343 - MainProcess - INFO - [AI<-] z-ai/glm-5.3-flash ok in 28.3s | prompt_tok=15352 completion_tok=1249 cost=$0.0029273 | 4600 chars
2026-09-03 04:43:34,343 - MainProcess - INFO - [VLM] Response received. Content len: 4600, Thinking len: 170
2026-09-03 04:43:34,646 - MainProcess - INFO - [Memory] RAM: 12.6% | Process: 1.95GB | GPU: 7762/24564MB (31.6%)
2026-09-03 04:43:34,646 - MainProcess - INFO - [cam13_stream-13] #136  44/627 (  7.0%) | seg   0.00s = seek 25.35 (0f, 25.35s/frame) + vlm   0.00 + azure  0.00 + embed  0.00 | avg   5.78s | elapsed 0:04:14 | ETA 0:56:11

================================================================================
🤖 [cam15_stream-15] SEGMENT VLM - #657 - 2026-06-14 07:56:57
================================================================================
Recorded 14-06-2026 (Sunday) 07:56:57 to 07:57:27 at Suvidhapark, camera cam15_stream-15. 1. SCENE Elevated CCTV view of a signalised road junction at Suvidhapark (camera label "Suvidhapark P3 RLVD" visible bottom right). Wide asphalt intersection with zebra crossings on all approaches, a traffic signal pole on the right showing amber/red, a red-and-white bollard on the right kerb, and buildings/trees on the far side. Daylight, overcast/hazy, dry road. 2. TRAFFIC AND PEOPLE - One pedestrian in dark clothing with a backpack crossing the carriageway from right to left at 0s, gone by 5s. - One pedestrian in orange/white on the far-left footpath at 0s. - One green-and-yellow auto-rickshaw crossing the junction at 0s, exiting top-right by 5s. - One white hatchback at the top of frame at 0s, moving away, gone by 5s. - One white MPV/people-carrier entering from the left at 5s, crossing the junction right-to-left... actually travelling left-to-right across frame, exiting right by 12s (motion-blurred). - At 21s: a dark red/maroon car entering from the bottom right moving up the near lane, and a rider in a white-and-dark checkered shirt on a pinkish scooter at the bottom stop line. - At 22s: a white SUV/crossover crossing the junction left-to-right, plus a scooter with rider in light top crossing bottom-to-top, and a green-and-yellow auto-rickshaw on the left. - At 25s: the white SUV still crossing; the pink scooter with rider near the left kerb. - At 36s: a motorcycle with rider in white shirt moving up the middle of the junction; a three-wheeled load-carrying tempo/cycle cart on the far left. - At 39s: a motorcycle with rider in white top crossing right side; a pedestrian in olive shirt walking on the left crossing. - At 45s: a rider in white shirt on a dark scooter mid-junction; a white SUV at the top edge; two-wheelers on the far approaches; the olive-shirted pedestrian still on the left crossing. - At 51s: two riders on a scooter at the bottom stop line (one with backpack, helmets worn); a cyclist and pedestrian on the left; motorcycles on the right approach. - At 56s: a green-and-yellow auto-rickshaw on the left crossing; two motorcycles crossing the junction; traffic thinning. 3. VEHICLES IDENTIFIED CONFIRMED None identified. (No badge or plate is legible on any frame.) PROBABLE (unconfirmed) - White MPV/people-carrier, Maruti Ertiga-class (unconfirmed), 5s 12s, crossing left-to-right; rear-three-quarter angle and motion blur prevent confirmation. - White compact SUV/crossover, Creta/Seltos class (unconfirmed), 21s 25s, crossing right-to-left across the junction; distance and motion blur. - Dark red/maroon compact car, hatchback/sedan class (unconfirmed), 21s, entering from bottom right; rear-only angle. - White hatchback, Swift/i10 class (unconfirmed), 0s, top of frame; too distant. - Green-and-yellow auto-rickshaws (three separate movements), 0s, 21s, 56s; standard CNG auto type, no unit number legible. 4. REGISTRATIONS READ None legible. (No plate in this clip is readable; any plate-shaped marks are single automatic reads at best and not verified against any registry.) 5. NOTABLE EVENTS None observed. Traffic flows normally; no collisions, near-misses or suspicious behaviour seen. Some frames show compression/pixelation artefacts over moving vehicles (e.g. 6s, 22s, 25s) a recording artefact, not an incident. 6. CROWD AND CONGESTION None observed. Traffic is light throughout; no queues or build-ups at the stop line. 7. TRAFFIC VIOLATIONS - Possible red-signal movement: the traffic signal on the right shows amber/red at 5s and again at 21s 25s while the white MPV (5s 12s) and white SUV (21s 25s) are crossing the junction; given the camera angle the signal facing those vehicles cannot be confirmed, so this is flagged as possible, not proven. - Riders on the pink scooter (21s) and the scooter at 51s appear helmetless or with unclear head protection at this distance not confirmable. 8. PATTERN OF ACTIVITY Light, free-flowing morning traffic at a signalised junction. Vehicles cross the junction individually in all four directions with generous gaps; two-wheelers and auto-rickshaws dominate, with occasional cars. Early frames show a lone pedestrian crossing and a white MPV passing; mid-clip a white SUV and a maroon car cross; late frames are mostly two-wheelers and an auto-rickshaw, with traffic thinning further. Nothing accumulates and no direction dominates for long. 9. QUIET PERIODS Approximately 12s to 20s the junction is empty of moving traffic (only a distant two-wheeler at the top edge at 12s). Also around 39s 44s the carriageway is nearly clear apart from one motorcycle and one pedestrian.
================================================================================

Batches:   0%|          | 0/1 [00:00<?, ?it/s]Batches: 100%|██████████| 1/1 [00:00<00:00, 28.13it/s]
2026-09-03 04:43:35,319 - MainProcess - INFO - ✅ Segment #657 stored in MongoDB
✅ Segment #657 from Camera cam15_stream-15 stored in MongoDB
2026-09-03 04:43:35,319 - MainProcess - INFO - [cam15_stream-15] segment 657 looks alert-worthy - asking z-ai/glm-5.3-flash
2026-09-03 04:43:35,320 - MainProcess - INFO - [AI->] https://openrouter.ai/api/v1/chat/completions z-ai/glm-5.3-flash (max_tokens=2000, prompt=5291 chars)
2026-09-03 04:43:37,419 - MainProcess - WARNING - [cam13_stream-13] Segment #137: frame seek failed, skipping
2026-09-03 04:43:37,420 - MainProcess - INFO - [cam13_stream-13] #137  45/627 (  7.2%) | seg   0.00s = seek 28.39 (0f, 28.39s/frame) + vlm   0.00 + azure  0.00 + embed  0.00 | avg   5.72s | elapsed 0:04:17 | ETA 0:55:26
2026-09-03 04:43:38,269 - MainProcess - INFO - [AI<-] z-ai/glm-5.3-flash ok in 2.9s | prompt_tok=1385 completion_tok=41 cost=$0.000110285 | 154 chars returned
2026-09-03 04:43:38,269 - MainProcess - INFO - [cam15_stream-15] segment 657 -> 1 alert(s)
2026-09-03 04:43:38,269 - MainProcess - WARNING - [cam15_stream-15] no VMS device id in camera_did_map.json - alert skipped: Possible red-light running: white MPV and white SUV crossing on amber/red (signal angle un
2026-09-03 04:43:38,270 - MainProcess - INFO - [cam15_stream-15] ✅ Segment #657 complete
2026-09-03 04:43:38,675 - MainProcess - INFO - [Memory] RAM: 12.3% | Process: 1.95GB | GPU: 5632/24564MB (22.9%)
2026-09-03 04:43:38,676 - MainProcess - INFO - [cam15_stream-15] #657  10/73 ( 13.7%) | seg  49.92s = seek 16.22 (12f, 1.35s/frame) + vlm  28.85 + azure  1.25 + embed  0.47 | avg  25.82s | elapsed 0:04:18 | ETA 0:27:06
2026-09-03 04:43:45,460 - MainProcess - INFO - [AI->] https://openrouter.ai/api/v1/chat/completions z-ai/glm-5.3-flash (1 frames, max_tokens=40)
2026-09-03 04:43:47,353 - MainProcess - INFO - [AI<-] z-ai/glm-5.3-flash ok in 1.9s | prompt_tok=1442 completion_tok=15 cost=$0.0001119 | 22 chars
2026-09-03 04:43:48,609 - MainProcess - INFO - [AI<-] z-ai/glm-5.3-flash ok in 19.0s | prompt_tok=7736 completion_tok=535 cost=$0.0014279 | 1941 chars returned
2026-09-03 04:43:48,609 - MainProcess - INFO - [cam14_stream-14] summary: condensing minutes 400-424 (17/29)
2026-09-03 04:43:48,610 - MainProcess - INFO - [AI->] https://openrouter.ai/api/v1/chat/completions z-ai/glm-5.3-flash (max_tokens=700, prompt=30942 chars)
2026-09-03 04:43:48,831 - MainProcess - INFO - [AI->] https://openrouter.ai/api/v1/chat/completions z-ai/glm-5.3-flash (12 frames, max_tokens=2600)
2026-09-03 04:43:53,949 - MainProcess - WARNING - [cam13_stream-13] Segment #138: frame seek failed, skipping
2026-09-03 04:43:53,950 - MainProcess - INFO - [cam13_stream-13] #138  46/627 (  7.3%) | seg   0.00s = seek 40.03 (0f, 40.03s/frame) + vlm   0.00 + azure  0.00 + embed  0.00 | avg   5.95s | elapsed 0:04:33 | ETA 0:57:37
2026-09-03 04:44:03,945 - MainProcess - INFO - [AI->] https://openrouter.ai/api/v1/chat/completions z-ai/glm-5.3-flash (12 frames, max_tokens=2600)
2026-09-03 04:44:08,773 - MainProcess - INFO - [AI<-] z-ai/glm-5.3-flash ok in 20.2s | prompt_tok=7774 completion_tok=510 cost=$0.00071055 | 1829 chars returned
2026-09-03 04:44:08,774 - MainProcess - INFO - [cam14_stream-14] summary: condensing minutes 425-449 (18/29)
2026-09-03 04:44:08,774 - MainProcess - INFO - [AI->] https://openrouter.ai/api/v1/chat/completions z-ai/glm-5.3-flash (max_tokens=700, prompt=30942 chars)
2026-09-03 04:44:13,939 - MainProcess - INFO - [AI<-] z-ai/glm-5.3-flash ok in 25.1s | prompt_tok=15352 completion_tok=759 cost=$0.0025671 | 3119 chars
2026-09-03 04:44:13,940 - MainProcess - INFO - [VLM] Response received. Content len: 3119, Thinking len: 0

================================================================================
🤖 [cam17_17_Rajkot_Bus_Port_CCTV] SEGMENT VLM - #585 - 2026-06-13 22:13:17
================================================================================
Recorded 13-06-2026 (Saturday) 22:13:17 to 22:13:47 at Rajkot Bus Port, camera cam17_17_Rajkot_Bus_Port_CCTV. 1. SCENE The camera ("1 CENTER") overlooks a paved forecourt/parking area at Rajkot Bus Port at night, adjacent to a road on the left. Illumination is from street lights and bright shop signage ("HOTEL JK", "COTTON" hoarding, "BUS EXIT ONLY" sign). A closed shop shutter occupies the right side. The road carries passing traffic with headlights on throughout. 2. TRAFFIC AND PEOPLE - Parked two-wheelers: approximately 8 10 scooters/motorcycles, mostly black/dark, plus one white scooter, stationary throughout the clip. - Two men seated on a low ledge right of centre for the whole clip: one in a pale pink/salmon shirt, one in dark clothing with a backpack, both looking at a mobile phone. - A woman in a light-coloured outfit standing near the planter/kerb on the left side, present from the start, moving slightly, still present at the end. - Pedestrians on the left footpath: a small group of 3 4 men near the parked bikes early in the clip (0 20s), dispersing by ~25s; a man in a white shirt walking left-to-right across the foreground around 45 50s; a person in dark clothing walking up the right side past the shutter around 35 40s. - Road traffic: cars, auto-rickshaws and motorcycles passing left to right throughout; a blue-and-white GSRTC bus passes on the road around 40 45s; a motorcycle with rider in white shirt passes around 50s. 3. VEHICLES IDENTIFIED CONFIRMED: - GSRTC bus, blue and white livery, "GSRTC" legible on body, travelling left to right on the road, ~40 45s. PROBABLE (unconfirmed): - White scooter parked centre-left, Honda Activa class (unconfirmed) parked, angle and darkness prevent badge confirmation, throughout. - Dark motorcycles parked foreground, one with "RIDER"-style text on body (unconfirmed), throughout. - White hatchback/sedan passing on road, headlights only, ~5 10s (unconfirmed) distance and glare. - Auto-rickshaw on road, ~0 5s and again ~30s (unconfirmed) motion blur. 4. REGISTRATIONS READ None legible. (Any plates present are too small, angled or blurred; all reads would be single automatic reads, not verified against any registry.) 5. NOTABLE EVENTS None observed. The two seated men remain in one spot using a phone throughout, which is consistent with waiting behaviour rather than anything alert-worthy. 6. CROWD AND CONGESTION None observed. Pedestrian numbers are low (roughly 4 6 visible at any time); no queues or build-ups. 7. TRAFFIC VIOLATIONS None observed. 8. PATTERN OF ACTIVITY This is a quiet night-time scene dominated by stationary parked two-wheelers and a small number of people waiting or loitering near the bus port entrance. Road traffic flows steadily left to right in the background, peaking with the GSRTC bus around 40 45s. The early frames show a slightly larger group of men near the parked bikes, which thins out by the mid-clip; the two seated men and the woman by the planter remain constant from start to finish. No significant change in activity level across the 55 seconds. 9. QUIET PERIODS None observed road traffic and pedestrian movement continue throughout, though the forecourt itself is largely static.
================================================================================

Batches:   0%|          | 0/1 [00:00<?, ?it/s]Batches: 100%|██████████| 1/1 [00:00<00:00, 27.64it/s]
2026-09-03 04:44:14,862 - MainProcess - INFO - ✅ Segment #585 stored in MongoDB
✅ Segment #585 from Camera cam17_17_Rajkot_Bus_Port_CCTV stored in MongoDB
2026-09-03 04:44:14,863 - MainProcess - INFO - [cam17_17_Rajkot_Bus_Port_CCTV] segment 585 looks alert-worthy - asking z-ai/glm-5.3-flash
2026-09-03 04:44:14,863 - MainProcess - INFO - [AI->] https://openrouter.ai/api/v1/chat/completions z-ai/glm-5.3-flash (max_tokens=2000, prompt=4521 chars)
2026-09-03 04:44:16,461 - MainProcess - INFO - [AI<-] z-ai/glm-5.3-flash ok in 1.6s | prompt_tok=1153 completion_tok=7 cost=$8.4385e-05 | 14 chars returned
2026-09-03 04:44:16,461 - MainProcess - INFO - [cam17_17_Rajkot_Bus_Port_CCTV] ✅ Segment #585 complete
2026-09-03 04:44:18,728 - MainProcess - INFO - [Memory] RAM: 12.7% | Process: 1.93GB | GPU: 8738/24564MB (35.6%)
2026-09-03 04:44:18,728 - MainProcess - INFO - [cam17_17_Rajkot_Bus_Port_CCTV] #585  12/144 (  8.3%) | seg  64.95s = seek 33.93 (12f, 2.83s/frame) + vlm  25.61 + azure  1.32 + embed  0.42 | avg  24.78s | elapsed 0:04:57 | ETA 0:54:30
2026-09-03 04:44:22,640 - MainProcess - INFO - [AI<-] z-ai/glm-5.3-flash ok in 13.9s | prompt_tok=7733 completion_tok=495 cost=$0.000703725 | 1981 chars returned
2026-09-03 04:44:22,640 - MainProcess - INFO - [cam14_stream-14] summary: condensing minutes 450-474 (19/29)
2026-09-03 04:44:22,640 - MainProcess - INFO - [AI->] https://openrouter.ai/api/v1/chat/completions z-ai/glm-5.3-flash (max_tokens=700, prompt=30942 chars)
2026-09-03 04:44:27,918 - MainProcess - INFO - [AI->] https://openrouter.ai/api/v1/chat/completions z-ai/glm-5.3-flash (1 frames, max_tokens=40)
2026-09-03 04:44:30,372 - MainProcess - INFO - [AI<-] z-ai/glm-5.3-flash ok in 2.5s | prompt_tok=1442 completion_tok=15 cost=$0.0001119 | 22 chars
2026-09-03 04:44:31,876 - MainProcess - INFO - [AI->] https://openrouter.ai/api/v1/chat/completions z-ai/glm-5.3-flash (12 frames, max_tokens=2600)
2026-09-03 04:44:36,132 - MainProcess - INFO - [AI->] https://openrouter.ai/api/v1/chat/completions z-ai/glm-5.3-flash (1 frames, max_tokens=40)
2026-09-03 04:44:37,644 - MainProcess - INFO - [AI<-] z-ai/glm-5.3-flash ok in 15.0s | prompt_tok=7719 completion_tok=577 cost=$0.00144635 | 2017 chars returned
2026-09-03 04:44:37,645 - MainProcess - INFO - [cam14_stream-14] summary: condensing minutes 475-499 (20/29)
2026-09-03 04:44:37,645 - MainProcess - INFO - [AI->] https://openrouter.ai/api/v1/chat/completions z-ai/glm-5.3-flash (max_tokens=700, prompt=30942 chars)
2026-09-03 04:44:38,019 - MainProcess - INFO - [AI<-] z-ai/glm-5.3-flash ok in 1.9s | prompt_tok=1442 completion_tok=15 cost=$0.0001119 | 22 chars
2026-09-03 04:44:39,645 - MainProcess - INFO - [AI->] https://openrouter.ai/api/v1/chat/completions z-ai/glm-5.3-flash (12 frames, max_tokens=2600)
2026-09-03 04:44:42,122 - MainProcess - WARNING - [cam13_stream-13] Segment #139: frame seek failed, skipping
2026-09-03 04:44:43,332 - MainProcess - INFO - [Memory] RAM: 12.6% | Process: 2.02GB | GPU: 5456/24564MB (22.2%)
2026-09-03 04:44:43,332 - MainProcess - INFO - [cam13_stream-13] #139  47/627 (  7.5%) | seg   0.00s = seek 68.13 (0f, 68.13s/frame) + vlm   0.00 + azure  0.00 + embed  0.00 | avg   6.88s | elapsed 0:05:23 | ETA 1:06:27
2026-09-03 04:44:49,695 - MainProcess - WARNING - [cam13_stream-13] Segment #140: frame seek failed, skipping
2026-09-03 04:44:49,696 - MainProcess - INFO - [cam13_stream-13] #140  48/627 (  7.7%) | seg   0.00s = seek 72.28 (0f, 72.28s/frame) + vlm   0.00 + azure  0.00 + embed  0.00 | avg   6.86s | elapsed 0:05:29 | ETA 1:06:14
2026-09-03 04:44:58,523 - MainProcess - INFO - [AI<-] z-ai/glm-5.3-flash ok in 20.9s | prompt_tok=7774 completion_tok=700 cost=$0.00075805 | 2441 chars returned
2026-09-03 04:44:58,523 - MainProcess - INFO - [cam14_stream-14] summary: condensing minutes 500-524 (21/29)
2026-09-03 04:44:58,523 - MainProcess - INFO - [AI->] https://openrouter.ai/api/v1/chat/completions z-ai/glm-5.3-flash (max_tokens=700, prompt=30942 chars)
2026-09-03 04:45:02,200 - MainProcess - INFO - [AI<-] z-ai/glm-5.3-flash ok in 30.3s | prompt_tok=15352 completion_tok=838 cost=$0.0026066 | 3577 chars
2026-09-03 04:45:02,200 - MainProcess - INFO - [VLM] Response received. Content len: 3577, Thinking len: 0
2026-09-03 04:45:02,210 - MainProcess - INFO - [AI<-] z-ai/glm-5.3-flash ok in 212.4s | prompt_tok=15352 completion_tok=1020 cost=$0.0028128 | 4134 chars
2026-09-03 04:45:02,211 - MainProcess - INFO - [VLM] Response received. Content len: 4134, Thinking len: 150

================================================================================
🤖 [cam17_17_Rajkot_Bus_Port_CCTV] SEGMENT VLM - #586 - 2026-06-13 22:14:17
================================================================================
Recorded 13-06-2026 (Saturday) 22:14:17 to 22:14:47 at Rajkot Bus Port, camera cam17_17_Rajkot_Bus_Port_CCTV. 1. SCENE The camera ("1 CENTER") overlooks a paved forecourt/parking area at Rajkot Bus Port at night, adjacent to a public road. Illumination is from a bright streetlight and illuminated signage, including a large "HOTEL JK" sign (A/C, Non A/C Rooms & Dormitory Beds Available, Rooms start from 799/- only), a "BUS EXIT ONLY" sign, and a yellow "COTTON" advertisement board with a mobile number 87339 29701 / 702. A closed metal shutter occupies the right of frame. The road area is glare-affected and wet-looking; visibility beyond the lit zone is poor. 2. TRAFFIC AND PEOPLE - Parked two-wheelers: approximately 8 10 motorcycles and scooters, mostly black/dark, plus one white scooter, stationary throughout the clip. - Two men seated/crouched on a low ledge centre-right for the full clip: one in a pale pink/salmon shirt, one in dark clothing with a backpack, both looking at a mobile phone. A pair of sandals lies on the pavement beside them. - One person in dark clothing with a light-blue backpack standing near the parked scooters on the left, present throughout, occasionally shifting position. - One person in light/pale clothing standing near the planting bed by the road, present throughout. - Road traffic: a scooter with headlight on travelling away left at 0s; two motorcycles approaching with headlights on around 5 10s; a large orange/white bus passing left-to-right across the background at approximately 15 20s; a red/orange bus visible far left around 20 25s; a white car and a red/dark vehicle on the road around 25 30s; a motorcycle with rider in patterned shirt entering the parking area from the left around 45 50s and stopping among the parked bikes by 50 55s; occasional distant headlights and an auto-rickshaw far left around 50s. 3. VEHICLES IDENTIFIED CONFIRMED: None identified. PROBABLE (unconfirmed): - Large orange/white coach-style bus, rear and side visible only, moving left to right on the road, ~15 20s (unconfirmed motion blur and partial view). - White hatchback/small car, front view with headlights, road traffic, ~25 30s (unconfirmed glare and distance). - Dark motorcycle with rider in patterned shirt, entering parking area, ~45 55s (unconfirmed darkness, no badge visible). 4. REGISTRATIONS READ None legible. (Any plates present are too small, angled or glare-obscured; all reads would be single automatic reads, not verified against any registry.) 5. NOTABLE EVENTS - Two men remain crouched in a dark corner by the shutter for the entire 55 seconds, focused on a mobile phone, largely motionless consistent with loitering in an unlit area; flagged for awareness only. - No collisions, altercations, unattended bags or restricted-area access observed. 6. CROWD AND CONGESTION None observed. Pedestrian presence is sparse (4 5 individuals) and road traffic flows freely. 7. TRAFFIC VIOLATIONS None observed. 8. PATTERN OF ACTIVITY The scene is dominated by static parked two-wheelers and a small group of stationary pedestrians; the only dynamic element is light through-traffic on the road to the left, travelling in both directions, with one bus passing through mid-clip. The main change between early and late frames is the arrival of a motorcycle with rider into the parking area in the final ~10 seconds, and minor repositioning of the standing pedestrians. Overall a quiet night-time period with no build-up of traffic or people. 9. QUIET PERIODS None observed there is always some movement (headlights on the road or minor pedestrian motion), though the forecourt itself is essentially still throughout.
================================================================================


================================================================================Batches:   0%|          | 0/1 [00:00<?, ?it/s]
🤖 [cam15_stream-15] SEGMENT VLM - #654 - 2026-06-14 07:53:57
================================================================================
Recorded 14-06-2026 (Sunday) 07:53:57 to 07:54:27 at Suvidhapark, camera cam15_stream-15. 1. SCENE The camera overlooks a signalised road junction at Suvidhapark (camera legend "Suvidhapark P3 RLVD" on the overlay), with zebra crossings on multiple arms, a traffic signal pole on the right, and a footpath/building line on the left. Conditions are daylight, overcast/hazy, with dry road surface. Traffic is light-to-moderate throughout. 2. TRAFFIC AND PEOPLE - One male pedestrian in a yellow-and-black striped shirt and dark trousers crosses the carriageway from right to left across the junction, entering at the start of the clip and reaching the left footpath by about 10s. - One green-and-yellow auto-rickshaw crosses the junction centre at the start, moving away from camera toward the top of frame (0 5s). - One white SUV enters from the right at about 5s, turning left across the near zebra crossing and exiting toward the top-left. - One red sedan enters from the bottom of frame at about 15s, moving away from camera across the crossing and exiting top of frame by about 20s. - Multiple two-wheelers (scooters and motorcycles) in assorted colours, roughly eight to ten across the clip, crossing in various directions. - One red city bus (with advertisement panels on its flank) crosses right-to-left across the top of frame at about 25s; a second red bus crosses the same way at about 45s. - One dark (black) SUV crosses right-to-left at the top of frame at about 30s. - One yellow-and-green auto-rickshaw crosses left to right at about 30 35s. - One white sedan enters from the left at about 45 49s, moving right. - Two pedestrians one in white clothing, one in an orange top cross together from left toward centre at about 45 49s. - One person in a high-visibility yellow-green vest with a white baton appears at the bottom-left corner at about 30s, apparently a traffic marshal. 3. VEHICLES IDENTIFIED CONFIRMED: None identified. PROBABLE (unconfirmed): - White compact SUV, Duster/Creta class (unconfirmed), rear three-quarter view only, badge not legible, turning left across the near crossing, 5s. - Red compact sedan, Dzire/Aura class (unconfirmed), rear view, motion blur and distance prevent badge reading, 15s. - Dark medium SUV, Creta/Seltos class (unconfirmed), distant side view at top of frame, 30s. - Red city bus, single-decker, appears to be an AMTS-type city bus (unconfirmed), 25s and again 45s rear/side views only, no badge legible. 4. REGISTRATIONS READ None legible. (A partial plate is visible on the red sedan at 15s, appearing to begin "GJ", but the remainder is not readable; this is a single automatic read, not verified against any registry.) 5. NOTABLE EVENTS - At about 18s, two motorcycles converge closely in the middle of the junction; the frame shows heavy pixelation/motion blur, but their paths appear to cross at very close quarters. This may be a near-miss; no fall or collision is visible in the frames available. - No other incidents observed. 6. CROWD AND CONGESTION None observed. Traffic flows freely throughout; no queues or build-ups form at the stop line. 7. TRAFFIC VIOLATIONS - The amber signal is shown illuminated on the right-hand signal head at about 25s and again at about 49s while vehicles (including a scooter at 49s) continue to move through the junction; possible signal-jumping, though the signal facing those vehicles cannot be confirmed from this angle. - No helmetless riders, wrong-way driving or other violations clearly observed. 8. PATTERN OF ACTIVITY The clip shows steady, free-flowing morning traffic at a signalised junction, dominated by two-wheelers moving in all directions with occasional cars, auto-rickshaws and buses. In the early part of the clip movement is mostly away from the camera toward the far side; in the later part (from about 30s) more cross-traffic moves right-to-left across the top of frame, including two red buses, and pedestrian activity increases with two people crossing together. A marshal in a high-visibility vest appears near the bottom-left crossing at about 30s. No congestion develops at any point. 9. QUIET PERIODS None observed vehicles or pedestrians are in motion in every sampled frame.
================================================================================

Batches: 100%|██████████| 1/1 [00:00<00:00, 33.70it/s]
Batches:   0%|          | 0/1 [00:00<?, ?it/s]Batches: 100%|██████████| 1/1 [00:00<00:00, 30.13it/s]
2026-09-03 04:45:02,979 - MainProcess - WARNING - [cam13_stream-13] Segment #141: frame seek failed, skipping
2026-09-03 04:45:02,980 - MainProcess - INFO - [cam13_stream-13] #141  49/627 (  7.8%) | seg   0.00s = seek 69.03 (0f, 69.03s/frame) + vlm   0.00 + azure  0.00 + embed  0.00 | avg   7.00s | elapsed 0:05:42 | ETA 1:07:23
2026-09-03 04:45:03,158 - MainProcess - INFO - ✅ Segment #654 stored in MongoDB
✅ Segment #654 from Camera cam15_stream-15 stored in MongoDB
2026-09-03 04:45:03,159 - MainProcess - INFO - [cam15_stream-15] segment 654 looks alert-worthy - asking z-ai/glm-5.3-flash
2026-09-03 04:45:03,159 - MainProcess - INFO - [AI->] https://openrouter.ai/api/v1/chat/completions z-ai/glm-5.3-flash (max_tokens=2000, prompt=5291 chars)
2026-09-03 04:45:03,165 - MainProcess - INFO - ✅ Segment #586 stored in MongoDB
✅ Segment #586 from Camera cam17_17_Rajkot_Bus_Port_CCTV stored in MongoDB
2026-09-03 04:45:03,165 - MainProcess - INFO - [cam17_17_Rajkot_Bus_Port_CCTV] segment 586 looks alert-worthy - asking z-ai/glm-5.3-flash
2026-09-03 04:45:03,165 - MainProcess - INFO - [AI->] https://openrouter.ai/api/v1/chat/completions z-ai/glm-5.3-flash (max_tokens=2000, prompt=4977 chars)
2026-09-03 04:45:05,641 - MainProcess - INFO - [AI<-] z-ai/glm-5.3-flash ok in 2.5s | prompt_tok=1315 completion_tok=25 cost=$0.000101035 | 14 chars returned
2026-09-03 04:45:05,641 - MainProcess - INFO - [cam15_stream-15] ✅ Segment #654 complete
2026-09-03 04:45:06,524 - MainProcess - INFO - [AI<-] z-ai/glm-5.3-flash ok in 3.4s | prompt_tok=1231 completion_tok=32 cost=$9.6485e-05 | 14 chars returned
2026-09-03 04:45:06,524 - MainProcess - INFO - [cam17_17_Rajkot_Bus_Port_CCTV] ✅ Segment #586 complete
2026-09-03 04:45:06,897 - MainProcess - INFO - [Memory] RAM: 12.5% | Process: 2.09GB | GPU: 7367/24564MB (30.0%)
2026-09-03 04:45:06,897 - MainProcess - INFO - [cam15_stream-15] #654  11/73 ( 15.1%) | seg 230.55s = seek 13.43 (12f, 1.12s/frame) + vlm 212.94 + azure  1.11 + embed  0.44 | avg  31.49s | elapsed 0:05:46 | ETA 0:32:32
2026-09-03 04:45:07,429 - MainProcess - INFO - [Memory] RAM: 12.6% | Process: 1.98GB | GPU: 6927/24564MB (28.2%)
2026-09-03 04:45:07,429 - MainProcess - INFO - [cam17_17_Rajkot_Bus_Port_CCTV] #586  13/144 (  9.0%) | seg 109.61s = seek 70.93 (12f, 5.91s/frame) + vlm  30.83 + azure  1.33 + embed  0.46 | avg  26.62s | elapsed 0:05:46 | ETA 0:58:06
2026-09-03 04:45:07,469 - MainProcess - INFO - [AI->] https://openrouter.ai/api/v1/chat/completions z-ai/glm-5.3-flash (1 frames, max_tokens=40)
2026-09-03 04:45:10,301 - MainProcess - INFO - [AI<-] z-ai/glm-5.3-flash ok in 2.8s | prompt_tok=1442 completion_tok=15 cost=$0.0001119 | 22 chars
2026-09-03 04:45:11,723 - MainProcess - INFO - [AI->] https://openrouter.ai/api/v1/chat/completions z-ai/glm-5.3-flash (12 frames, max_tokens=2600)
2026-09-03 04:45:14,539 - MainProcess - INFO - [AI<-] z-ai/glm-5.3-flash ok in 16.0s | prompt_tok=7644 completion_tok=554 cost=$0.0007118 | 2225 chars returned
2026-09-03 04:45:14,540 - MainProcess - INFO - [cam14_stream-14] summary: condensing minutes 525-549 (22/29)
2026-09-03 04:45:14,540 - MainProcess - INFO - [AI->] https://openrouter.ai/api/v1/chat/completions z-ai/glm-5.3-flash (max_tokens=700, prompt=30942 chars)
2026-09-03 04:45:22,278 - MainProcess - WARNING - [cam13_stream-13] Segment #142: frame seek failed, skipping
2026-09-03 04:45:23,055 - MainProcess - INFO - [Memory] RAM: 12.5% | Process: 2.04GB | GPU: 6003/24564MB (24.4%)
2026-09-03 04:45:23,055 - MainProcess - INFO - [cam13_stream-13] #142  50/627 (  8.0%) | seg   0.00s = seek 40.16 (0f, 40.16s/frame) + vlm   0.00 + azure  0.00 + embed  0.00 | avg   7.26s | elapsed 0:06:02 | ETA 1:09:47
2026-09-03 04:45:24,753 - MainProcess - INFO - [AI<-] z-ai/glm-5.3-flash ok in 45.1s | prompt_tok=15352 completion_tok=898 cost=$0.0026366 | 3630 chars
2026-09-03 04:45:24,753 - MainProcess - INFO - [VLM] Response received. Content len: 3630, Thinking len: 0

================================================================================
🤖 [cam17_17_Rajkot_Bus_Port_CCTV] SEGMENT VLM - #587 - 2026-06-13 22:15:17
================================================================================
Recorded 13-06-2026 (Saturday) 22:15:17 to 22:15:47 at Rajkot Bus Port, camera cam17_17_Rajkot_Bus_Port_CCTV. 1. SCENE The camera ("1 CENTER") overlooks a covered walkway/veranda beside closed shop shutters at Rajkot Bus Port, with a view out onto the public road to the left. Illuminated signage is visible: "HOTEL JK" (A/C, Non A/C Rooms & Dormitory, "Rooms starts from 799/- only"), a "BUS EXIT ONLY" sign, a "COTTON" shop hoarding with Gujarati text and mobile numbers, and a "BOOKING" counter sign. It is night; lighting is artificial (streetlight and shop signage), with heavy glare and lens flare from a bright light source on the left, and overall poor visibility on the roadway. 2. TRAFFIC AND PEOPLE - Parked two-wheelers: approximately 8 10 scooters and motorcycles, mostly black/dark, plus one white scooter, stationary throughout the clip. - Road traffic: several two-wheelers with headlights on passing on the road (one around 0 5s, others around 30 35s and 50 55s); a white/blue bus or large vehicle passes left-to-right in the background around 20 25s; a car with headlights on visible in the distance around 0s and again around 50 55s. - People: two to three persons crouched/sitting on the kerb/planting strip on the right of frame for the whole clip one wearing a pale pink/salmon long-sleeve shirt, one in dark clothing with a backpack, who appears to be looking at a mobile phone. On the left, a small number of pedestrians (roughly 3 5 at a time) walk past or stand near the parked bikes: a man in dark clothing with a bag (0 10s), a woman in a patterned dress and a man in a light shirt (15 30s), a man in a white t-shirt (35 45s), and a man in a light shirt walking among the parked bikes (45 55s). 3. VEHICLES IDENTIFIED CONFIRMED: None identified. PROBABLE (unconfirmed): - White/blue bus or large passenger vehicle, rear/side view through glare, passing left to right on the road, ~22s (unconfirmed distance, headlight glare and motion blur). - Dark sedan/hatchback with headlights on, distant on the road, ~0s and ~52s (unconfirmed distance and glare). - Multiple two-wheelers with headlights on passing on the road, ~0 5s, ~30 35s, ~50 55s (unconfirmed motion blur and darkness; makes not readable). 4. REGISTRATIONS READ None legible. (Any plates present are too small, angled or glare-obscured; all reads would be single automatic reads, not verified against any registry.) 5. NOTABLE EVENTS - Throughout the clip, two or three people remain crouched low on the kerb/planting strip beside the shutters in a dark area away from the lighting, one handling a mobile phone. This is prolonged loitering in a poorly lit spot; no offence is visible but the behaviour and position are worth note. - No collisions, altercations, snatching or unattended bags observed. 6. CROWD AND CONGESTION None observed. Pedestrian numbers remain low (under six at any moment); no queues or build-ups form. 7. TRAFFIC VIOLATIONS None observed. 8. PATTERN OF ACTIVITY This is a quiet night-time scene dominated by stationary parked two-wheelers and light, intermittent road traffic passing left to right in the background. The constant element is the small group crouched by the planters on the right, present from the first frame to the last with only minor posture changes. Pedestrians drift through the left side in ones and twos, none lingering more than a few seconds. Between the early and late frames the only change is a slight turnover in passers-by and a bus passing mid-clip; there is no build-up of activity in either direction. 9. QUIET PERIODS None observed there is always some movement (pedestrians, passing traffic or the seated group shifting), though the scene remains generally calm throughout.
================================================================================

Batches:   0%|          | 0/1 [00:00<?, ?it/s]Batches: 100%|██████████| 1/1 [00:00<00:00, 26.64it/s]
2026-09-03 04:45:25,677 - MainProcess - INFO - ✅ Segment #587 stored in MongoDB
✅ Segment #587 from Camera cam17_17_Rajkot_Bus_Port_CCTV stored in MongoDB
2026-09-03 04:45:25,677 - MainProcess - INFO - [cam17_17_Rajkot_Bus_Port_CCTV] segment 587 looks alert-worthy - asking z-ai/glm-5.3-flash
2026-09-03 04:45:25,678 - MainProcess - INFO - [AI->] https://openrouter.ai/api/v1/chat/completions z-ai/glm-5.3-flash (max_tokens=2000, prompt=5030 chars)
2026-09-03 04:45:28,293 - MainProcess - INFO - [AI<-] z-ai/glm-5.3-flash ok in 2.6s | prompt_tok=1291 completion_tok=42 cost=$0.000103485 | 141 chars returned
2026-09-03 04:45:28,294 - MainProcess - INFO - [cam17_17_Rajkot_Bus_Port_CCTV] segment 587 -> 1 alert(s)
2026-09-03 04:45:28,294 - MainProcess - WARNING - [cam17_17_Rajkot_Bus_Port_CCTV] no VMS device id in camera_did_map.json - alert skipped: 2-3 persons crouched loitering in dark area by shutters near parked bikes, whole clip
2026-09-03 04:45:28,295 - MainProcess - INFO - [cam17_17_Rajkot_Bus_Port_CCTV] ✅ Segment #587 complete
2026-09-03 04:45:28,296 - MainProcess - INFO - [cam17_17_Rajkot_Bus_Port_CCTV] #587  14/144 (  9.7%) | seg 125.65s = seek 73.48 (12f, 6.12s/frame) + vlm  45.61 + azure  1.47 + embed  0.42 | avg  26.21s | elapsed 0:06:06 | ETA 0:56:46
2026-09-03 04:45:30,354 - MainProcess - WARNING - [cam13_stream-13] Segment #143: frame seek failed, skipping
2026-09-03 04:45:30,355 - MainProcess - INFO - [cam13_stream-13] #143  51/627 (  8.1%) | seg   0.00s = seek 40.66 (0f, 40.66s/frame) + vlm   0.00 + azure  0.00 + embed  0.00 | avg   7.26s | elapsed 0:06:10 | ETA 1:09:40
2026-09-03 04:45:37,112 - MainProcess - INFO - [AI<-] z-ai/glm-5.3-flash ok in 25.4s | prompt_tok=15352 completion_tok=710 cost=$0.0025426 | 2997 chars
2026-09-03 04:45:37,113 - MainProcess - INFO - [VLM] Response received. Content len: 2997, Thinking len: 0

================================================================================
🤖 [cam17_17_Rajkot_Bus_Port_CCTV] SEGMENT VLM - #588 - 2026-06-13 22:16:17
================================================================================
Recorded 13-06-2026 (Saturday) 22:16:17 to 22:16:47 at Rajkot Bus Port, camera cam17_17_Rajkot_Bus_Port_CCTV. 1. SCENE Camera "1 CENTER" overlooks a footpath and two-wheeler parking bay at Rajkot Bus Port at night. Illumination is from a bright streetlight/pole light on the left and illuminated shop signage (HOTEL JK, a "COTTON" hoarding in Gujarati, a "BUS EXIT ONLY" sign). The road to the left carries passing traffic; the right of frame is a closed shop shutter. Wet-looking road surface suggests recent rain or cleaning. 2. TRAFFIC AND PEOPLE - Parked two-wheelers: approximately 8-10 motorcycles/scooters, mostly black, plus one white scooter, stationary throughout. - Two people seated/crouched on the kerb right of centre: one in a pale pink/salmon shirt, one in dark clothing with a backpack, both looking at a mobile phone. Present from the start to the end of the clip, essentially motionless. - One pedestrian in dark top and jeans with a light-coloured shoulder bag, standing near the parked bikes on the left, shifting position slightly throughout. - Early in the clip (0-10s) a small group including a person with a bicycle and a person with a phone-light near the left edge; these disperse by about 15s. - Road traffic: occasional two-wheelers and cars passing left to right in the distance, including a car with headlights on around 15-20s, a three-wheeler/auto around 45s, and a motorcycle around 50-55s. 3. VEHICLES IDENTIFIED CONFIRMED None identified. PROBABLE (unconfirmed) - White scooter-type two-wheeler, parked, stationary throughout (unconfirmed - parked, angle and darkness prevent model ID). - Dark sedan/hatchback passing on the road, around 15-20s (unconfirmed - distance, headlight glare and motion blur). - Auto-rickshaw (three-wheeler), passing left to right on the road, around 45s (unconfirmed - distance and darkness). - One parked motorcycle carries legible "THOR"-style tank branding; insufficient to confirm a model (unconfirmed). 4. REGISTRATIONS READ None legible. (Any plates present are too small, angled or dark to read; all above are single automatic reads only, not verified against any registry.) 5. NOTABLE EVENTS None observed. The two people seated on the kerb remain in the same spot for the full clip; their prolonged loitering with a phone is noted but not in itself suspicious. 6. CROWD AND CONGESTION None observed. Footfall is light; no queues or build-ups at any point. 7. TRAFFIC VIOLATIONS None observed. 8. PATTERN OF ACTIVITY This is a quiet night-time scene dominated by stationary parked two-wheelers and a small number of people resting on the kerb. The only movement is intermittent road traffic passing in the background and minor repositioning by the standing pedestrian on the left. The early frames show slightly more pedestrian activity near the bike bay (a cyclist and a person with a light), which disperses within the first 15 seconds; after that the scene is essentially static through to the end. 9. QUIET PERIODS Roughly 25s to 40s: no road traffic passes and no person changes position; the scene is effectively still.
================================================================================

Batches:   0%|          | 0/1 [00:00<?, ?it/s]Batches: 100%|██████████| 1/1 [00:00<00:00, 39.69it/s]
2026-09-03 04:45:37,922 - MainProcess - INFO - [AI<-] z-ai/glm-5.3-flash ok in 23.4s | prompt_tok=7901 completion_tok=562 cost=$0.000733075 | 1978 chars returned
2026-09-03 04:45:37,922 - MainProcess - INFO - [cam14_stream-14] summary: condensing minutes 550-574 (23/29)
2026-09-03 04:45:37,923 - MainProcess - INFO - [AI->] https://openrouter.ai/api/v1/chat/completions z-ai/glm-5.3-flash (max_tokens=700, prompt=30942 chars)
2026-09-03 04:45:38,024 - MainProcess - INFO - ✅ Segment #588 stored in MongoDB
✅ Segment #588 from Camera cam17_17_Rajkot_Bus_Port_CCTV stored in MongoDB
2026-09-03 04:45:38,025 - MainProcess - INFO - [cam17_17_Rajkot_Bus_Port_CCTV] segment 588 looks alert-worthy - asking z-ai/glm-5.3-flash
2026-09-03 04:45:38,025 - MainProcess - INFO - [AI->] https://openrouter.ai/api/v1/chat/completions z-ai/glm-5.3-flash (max_tokens=2000, prompt=4407 chars)
2026-09-03 04:45:39,758 - MainProcess - INFO - [AI<-] z-ai/glm-5.3-flash ok in 1.7s | prompt_tok=1106 completion_tok=7 cost=$8.086e-05 | 14 chars returned
2026-09-03 04:45:39,759 - MainProcess - INFO - [cam17_17_Rajkot_Bus_Port_CCTV] ✅ Segment #588 complete
2026-09-03 04:45:41,233 - MainProcess - INFO - [Memory] RAM: 12.6% | Process: 2.04GB | GPU: 7379/24564MB (30.0%)
2026-09-03 04:45:41,234 - MainProcess - INFO - [cam17_17_Rajkot_Bus_Port_CCTV] #588  15/144 ( 10.4%) | seg  83.29s = seek 50.99 (12f, 4.25s/frame) + vlm  25.89 + azure  1.28 + embed  0.41 | avg  25.32s | elapsed 0:06:19 | ETA 0:54:26
2026-09-03 04:45:44,452 - MainProcess - WARNING - [cam13_stream-13] Segment #144: frame seek failed, skipping
2026-09-03 04:45:44,453 - MainProcess - INFO - [cam13_stream-13] #144  52/627 (  8.3%) | seg   0.00s = seek 41.47 (0f, 41.47s/frame) + vlm   0.00 + azure  0.00 + embed  0.00 | avg   7.39s | elapsed 0:06:24 | ETA 1:10:48
2026-09-03 04:45:49,988 - MainProcess - INFO - [AI->] https://openrouter.ai/api/v1/chat/completions z-ai/glm-5.3-flash (12 frames, max_tokens=2600)
2026-09-03 04:45:59,069 - MainProcess - INFO - [AI->] https://openrouter.ai/api/v1/chat/completions z-ai/glm-5.3-flash (1 frames, max_tokens=40)
2026-09-03 04:46:00,499 - MainProcess - INFO - [AI<-] z-ai/glm-5.3-flash ok in 22.6s | prompt_tok=7901 completion_tok=700 cost=$0.000767575 | 2659 chars returned
2026-09-03 04:46:00,499 - MainProcess - INFO - [cam14_stream-14] summary: condensing minutes 575-599 (24/29)
2026-09-03 04:46:00,499 - MainProcess - INFO - [AI->] https://openrouter.ai/api/v1/chat/completions z-ai/glm-5.3-flash (max_tokens=700, prompt=30942 chars)
2026-09-03 04:46:00,907 - MainProcess - INFO - [AI<-] z-ai/glm-5.3-flash ok in 1.8s | prompt_tok=1442 completion_tok=18 cost=$0.00011265 | 31 chars
2026-09-03 04:46:02,367 - MainProcess - INFO - [AI->] https://openrouter.ai/api/v1/chat/completions z-ai/glm-5.3-flash (12 frames, max_tokens=2600)
2026-09-03 04:46:07,664 - MainProcess - WARNING - [cam13_stream-13] Segment #145: frame seek failed, skipping
2026-09-03 04:46:09,124 - MainProcess - INFO - [Memory] RAM: 12.6% | Process: 2.11GB | GPU: 7233/24564MB (29.4%)
2026-09-03 04:46:09,124 - MainProcess - INFO - [cam13_stream-13] #145  53/627 (  8.5%) | seg   0.00s = seek 45.39 (0f, 45.39s/frame) + vlm   0.00 + azure  0.00 + embed  0.00 | avg   7.72s | elapsed 0:06:48 | ETA 1:13:48
2026-09-03 04:46:15,683 - MainProcess - INFO - [AI<-] z-ai/glm-5.3-flash ok in 15.2s | prompt_tok=7975 completion_tok=448 cost=$0.000710125 | 1645 chars returned
2026-09-03 04:46:15,684 - MainProcess - INFO - [cam14_stream-14] summary: condensing minutes 600-624 (25/29)
2026-09-03 04:46:15,684 - MainProcess - INFO - [AI->] https://openrouter.ai/api/v1/chat/completions z-ai/glm-5.3-flash (max_tokens=700, prompt=30942 chars)
2026-09-03 04:46:21,494 - MainProcess - INFO - [AI<-] z-ai/glm-5.3-flash ok in 5.8s | prompt_tok=7841 completion_tok=700 cost=$0.00152615 | 2371 chars returned
2026-09-03 04:46:21,494 - MainProcess - INFO - [cam14_stream-14] summary: condensing minutes 625-649 (26/29)
2026-09-03 04:46:21,494 - MainProcess - INFO - [AI->] https://openrouter.ai/api/v1/chat/completions z-ai/glm-5.3-flash (max_tokens=700, prompt=30942 chars)
2026-09-03 04:46:21,677 - MainProcess - INFO - [AI->] https://openrouter.ai/api/v1/chat/completions z-ai/glm-5.3-flash (1 frames, max_tokens=40)
2026-09-03 04:46:30,408 - MainProcess - INFO - [AI->] https://openrouter.ai/api/v1/chat/completions z-ai/glm-5.3-flash (1 frames, max_tokens=40)
2026-09-03 04:46:30,946 - MainProcess - WARNING - [cam13_stream-13] Segment #146: frame seek failed, skipping
2026-09-03 04:46:30,947 - MainProcess - INFO - [cam13_stream-13] #146  54/627 (  8.6%) | seg   0.00s = seek 60.59 (0f, 60.59s/frame) + vlm   0.00 + azure  0.00 + embed  0.00 | avg   7.98s | elapsed 0:07:10 | ETA 1:16:10
2026-09-03 04:46:33,361 - MainProcess - INFO - [AI<-] z-ai/glm-5.3-flash ok in 43.4s | prompt_tok=15352 completion_tok=975 cost=$0.00133755 | 3289 chars
2026-09-03 04:46:33,361 - MainProcess - INFO - [VLM] Response received. Content len: 3289, Thinking len: 561
2026-09-03 04:46:33,592 - MainProcess - INFO - [AI<-] z-ai/glm-5.3-flash ok in 3.2s | prompt_tok=1442 completion_tok=15 cost=$0.0002238 | 22 chars

================================================================================
🤖 [cam15_stream-15] SEGMENT VLM - #660 - 2026-06-14 07:59:57
================================================================================
Recorded 14-06-2026 (Sunday) 07:59:57 to 08:00:27 at Suvidhapark, camera cam15_stream-15. 1. SCENE The camera overlooks a signal-controlled road junction at Suvidhapark (camera marked "Suvidhapark P3 RLVD"), with zebra crossings on multiple arms, a traffic signal head on the right, a striped bollard island, and footpaths with trees and small shops on the left. Daylight, overcast/hazy conditions; the amber signal is illuminated at 15s and again around 41-46s. 2. TRAFFIC AND PEOPLE Light, free-flowing traffic throughout: approximately 6-8 cars (dark grey, black, white), 4-5 auto-rickshaws (green with yellow canopies, plus one green goods-carrying three-wheeler), 1 green-and-yellow auto turning across the junction at 45-46s, 3-4 cycle rickshaws carrying goods (15-23s), 2 scooters with riders, and roughly 8-10 motorcycles/scooters. Around 12-15 people in total, all riders or rickshaw pullers; no pedestrians on the crossings. 3. VEHICLES IDENTIFIED CONFIRMED: None identified. PROBABLE (unconfirmed): - dark grey compact SUV/hatchback, Baleno/i20 class (unconfirmed), crossing left to right over the crossing, 0s - distance and motion blur. - dark MPV/station wagon, Ertiga class (unconfirmed), right side of junction, 0s - rear three-quarter angle only. - white compact sedan, Dzire/Aura class (unconfirmed), entering from left, 19s - angle and distance. - green-and-yellow auto-rickshaws at 5s, 15s, 45-46s (unconfirmed as to type beyond body shape) - standard silhouette, no markings legible. 4. REGISTRATIONS READ None legible. (Any plates visible are too small/distant for a single automatic read; these would not be verified against any registry.) 5. NOTABLE EVENTS - Cycle rickshaws and hand-carts loaded with goods crossing the junction against mixed traffic, 15-23s - notable but not a violation beyond congestion risk. - A motorcycle with rider and pillion travelling through the junction, 41s - no collision or near-miss observed. No collisions, near-misses, suspicious persons or unattended objects observed. 6. CROWD AND CONGESTION None observed. Traffic flows continuously in small groups; no queues or jams form at any point. 7. TRAFFIC VIOLATIONS - Two riders on one scooter, 9s (rider plus pillion, adult) - carrying two on a two-wheeler. - Two riders on one scooter, 19s (rider plus pillion). Helmet status cannot be determined at this distance; no wrong-way driving or signal jumping is clearly visible. 8. PATTERN OF ACTIVITY This is a typical early-morning junction with light, mixed traffic - two-wheelers and auto-rickshaws dominate, with cars in small numbers. Movement is multi-directional: vehicles cross from left to right over the near crossing early on (0-5s), then traffic rotates to other arms - goods rickshaws and handcarts move across the upper part of the frame around 15-23s, followed by scooters and motorcycles heading away from the camera toward the far arm (28-54s). The junction empties noticeably in the last few seconds, with only a single scooter and one distant car by 54s. Between early and late frames the character shifts from car-heavy crossing movements to lighter two-wheeler traffic, with no congestion at any stage. 9. QUIET PERIODS The junction is nearly empty around 28s (only two motorcycles in frame) and again from about 50s to the end of the clip, when only one scooter and one distant car are visible.
================================================================================

Batches:   0%|          | 0/1 [00:00<?, ?it/s]Batches: 100%|██████████| 1/1 [00:00<00:00, 22.22it/s]
2026-09-03 04:46:34,299 - MainProcess - INFO - ✅ Segment #660 stored in MongoDB
✅ Segment #660 from Camera cam15_stream-15 stored in MongoDB
2026-09-03 04:46:34,300 - MainProcess - INFO - [cam15_stream-15] segment 660 looks alert-worthy - asking z-ai/glm-5.3-flash
2026-09-03 04:46:34,300 - MainProcess - INFO - [AI->] https://openrouter.ai/api/v1/chat/completions z-ai/glm-5.3-flash (max_tokens=2000, prompt=4661 chars)
2026-09-03 04:46:34,309 - MainProcess - INFO - [AI<-] z-ai/glm-5.3-flash ok in 12.6s | prompt_tok=1442 completion_tok=15 cost=$0.0002238 | 22 chars
2026-09-03 04:46:35,174 - MainProcess - INFO - [AI->] https://openrouter.ai/api/v1/chat/completions z-ai/glm-5.3-flash (12 frames, max_tokens=2600)
2026-09-03 04:46:36,636 - MainProcess - INFO - [AI->] https://openrouter.ai/api/v1/chat/completions z-ai/glm-5.3-flash (12 frames, max_tokens=2600)
2026-09-03 04:46:38,278 - MainProcess - INFO - [AI<-] z-ai/glm-5.3-flash ok in 4.0s | prompt_tok=1207 completion_tok=81 cost=$0.000106935 | 122 chars returned
2026-09-03 04:46:38,278 - MainProcess - INFO - [cam15_stream-15] segment 660 -> 1 alert(s)
2026-09-03 04:46:38,279 - MainProcess - WARNING - [cam15_stream-15] no VMS device id in camera_did_map.json - alert skipped: Two riders on scooter at 9s and 19s (pillion); helmet status unclear
2026-09-03 04:46:38,279 - MainProcess - INFO - [cam15_stream-15] ✅ Segment #660 complete
2026-09-03 04:46:38,831 - MainProcess - INFO - [Memory] RAM: 12.4% | Process: 2.06GB | GPU: 6808/24564MB (27.7%)
2026-09-03 04:46:38,831 - MainProcess - INFO - [cam15_stream-15] #660  12/73 ( 16.4%) | seg  92.64s = seek 42.03 (12f, 3.50s/frame) + vlm  43.88 + azure  1.09 + embed  0.44 | avg  36.53s | elapsed 0:07:18 | ETA 0:37:08
2026-09-03 04:46:43,747 - MainProcess - WARNING - [cam13_stream-13] Segment #147: frame seek failed, skipping
2026-09-03 04:46:44,029 - MainProcess - INFO - [AI<-] z-ai/glm-5.3-flash ok in 22.5s | prompt_tok=7981 completion_tok=660 cost=$0.00152715 | 2267 chars returned
2026-09-03 04:46:44,030 - MainProcess - INFO - [cam14_stream-14] summary: condensing minutes 650-674 (27/29)
2026-09-03 04:46:44,030 - MainProcess - INFO - [AI->] https://openrouter.ai/api/v1/chat/completions z-ai/glm-5.3-flash (max_tokens=700, prompt=30942 chars)
2026-09-03 04:46:44,762 - MainProcess - INFO - [Memory] RAM: 12.5% | Process: 2.06GB | GPU: 7120/24564MB (29.0%)
2026-09-03 04:46:44,762 - MainProcess - INFO - [cam13_stream-13] #147  55/627 (  8.8%) | seg   0.00s = seek 59.30 (0f, 59.30s/frame) + vlm   0.00 + azure  0.00 + embed  0.00 | avg   8.08s | elapsed 0:07:24 | ETA 1:17:03
2026-09-03 04:46:49,376 - MainProcess - WARNING - [cam13_stream-13] Segment #148: frame seek failed, skipping
2026-09-03 04:46:49,376 - MainProcess - INFO - [cam13_stream-13] #148  56/627 (  8.9%) | seg   0.00s = seek 41.71 (0f, 41.71s/frame) + vlm   0.00 + azure  0.00 + embed  0.00 | avg   8.02s | elapsed 0:07:29 | ETA 1:16:19
2026-09-03 04:47:06,659 - MainProcess - INFO - [AI<-] z-ai/glm-5.3-flash ok in 30.0s | prompt_tok=15352 completion_tok=827 cost=$0.0027163 | 3481 chars
2026-09-03 04:47:06,659 - MainProcess - INFO - [VLM] Response received. Content len: 3481, Thinking len: 0

================================================================================
🤖 [cam17_17_Rajkot_Bus_Port_CCTV] SEGMENT VLM - #590 - 2026-06-13 22:18:17
================================================================================
Recorded 13-06-2026 (Saturday) 22:18:17 to 22:18:47 at Rajkot Bus Port, camera cam17_17_Rajkot_Bus_Port_CCTV. 1. SCENE Camera "1 CENTER" at Rajkot Bus Port, overlooking a paved forecourt/parking area beside a building with closed metal shutters, opening onto a public road at left. Night-time, lit by a bright streetlight and illuminated signage including "HOTEL JK" (2nd floor, rooms from 790/-), a "BUS EXIT ONLY" sign, and a yellow/red "COTTON" advertisement board with Gujarati text and a mobile number. Image is slightly hazy/low-light with glare from the streetlight. 2. TRAFFIC AND PEOPLE - Multiple parked two-wheelers in the foreground: approximately 8-10, mostly black motorcycles/scooters, one white scooter, one with yellow-green accents. Stationary throughout. - One person in a dark top and light trousers with a light blue bag, standing at the left edge near the kerb throughout the clip, mostly stationary. - Early in the clip (0-15s), two to three people standing near the planter by the road; they move off/exit toward the road by around 20-25s. - A group of two to three people crouched/sitting at the base of the planter wall right of centre, present for the entire 55 seconds; one wears a distinctive salmon/pink shirt, another dark clothing with a backpack. A pair of dark slippers lies on the pavement beside them. - On the road: occasional passing traffic - a motorcycle with headlight on passes left to right around 30-35s; a white car passes on the road around 45-50s; other distant headlights and a possible auto-rickshaw in the far left background at various points. 3. VEHICLES IDENTIFIED CONFIRMED: None identified. PROBABLE (unconfirmed): - White scooter, TVS Jupiter class (unconfirmed), parked throughout - badge area not legible due to distance and glare. - Black motorcycle, Bajaj Pulsar class (unconfirmed), parked foreground throughout - "PULSAR"-style tank text faintly visible but not clearly legible. - White hatchback on the road, Swift/i10 class (unconfirmed), around 45-50s - motion blur and headlight glare prevent confirmation. 4. REGISTRATIONS READ None legible. (Any plate-shaped marks on parked two-wheelers are too small and blurred; these are single automatic reads, not verified against any registry.) 5. NOTABLE EVENTS - A group of people remain crouched at the base of the planter in the same spot for the full 55 seconds, close to the parked two-wheelers, with one person bent low over the wall/planting area for most of the clip. This prolonged loitering/crouching in a dim area adjacent to parked vehicles is alert-worthy and merits a check on what they are doing (visible from 0s through end of clip). - No collision, theft act, assault or fire observed. 6. CROWD AND CONGESTION None observed. Footfall is light; no queues or build-ups. 7. TRAFFIC VIOLATIONS None observed. 8. PATTERN OF ACTIVITY The scene is dominated by a static parked two-wheeler bay and a small group of people crouched at the planter, who do not move for the whole clip. The only change across the 55 seconds is on the road: the pedestrians standing near the planter early on depart around 20-25s, after which passing traffic (a motorcycle, then a white car) becomes the only movement. Overall a quiet night-time scene with low activity, the main point of interest being the stationary crouched group. 9. QUIET PERIODS The forecourt itself is essentially static throughout; the only movement is on the road. No fully dead period - road traffic passes at intervals - but the forecourt area shows no movement other than the crouched group's minor shifts.
================================================================================

Batches:   0%|          | 0/1 [00:00<?, ?it/s]Batches: 100%|██████████| 1/1 [00:00<00:00, 27.35it/s]
2026-09-03 04:47:07,618 - MainProcess - INFO - ✅ Segment #590 stored in MongoDB
✅ Segment #590 from Camera cam17_17_Rajkot_Bus_Port_CCTV stored in MongoDB
2026-09-03 04:47:07,619 - MainProcess - INFO - [cam17_17_Rajkot_Bus_Port_CCTV] segment 590 looks alert-worthy - asking z-ai/glm-5.3-flash
2026-09-03 04:47:07,619 - MainProcess - INFO - [AI->] https://openrouter.ai/api/v1/chat/completions z-ai/glm-5.3-flash (max_tokens=2000, prompt=4891 chars)
2026-09-03 04:47:07,863 - MainProcess - WARNING - [cam13_stream-13] Segment #149: frame seek failed, skipping
2026-09-03 04:47:07,863 - MainProcess - INFO - [cam13_stream-13] #149  57/627 (  9.1%) | seg   0.00s = seek 36.92 (0f, 36.92s/frame) + vlm   0.00 + azure  0.00 + embed  0.00 | avg   8.20s | elapsed 0:07:47 | ETA 1:17:56
2026-09-03 04:47:09,735 - MainProcess - WARNING - Frame seek timed out at 39560.0s in cam15_stream-15.mp4
2026-09-03 04:47:09,736 - MainProcess - WARNING - [cam15_stream-15] Segment #659: only 11/12 frames decoded
2026-09-03 04:47:09,855 - MainProcess - INFO - [AI<-] z-ai/glm-5.3-flash ok in 2.2s | prompt_tok=1225 completion_tok=44 cost=$9.9035e-05 | 155 chars returned
2026-09-03 04:47:09,856 - MainProcess - INFO - [cam17_17_Rajkot_Bus_Port_CCTV] segment 590 -> 1 alert(s)
2026-09-03 04:47:09,856 - MainProcess - WARNING - [cam17_17_Rajkot_Bus_Port_CCTV] no VMS device id in camera_did_map.json - alert skipped: Group crouched at planter by parked two-wheelers, loitering entire clip - check what they 
2026-09-03 04:47:09,856 - MainProcess - INFO - [cam17_17_Rajkot_Bus_Port_CCTV] ✅ Segment #590 complete
2026-09-03 04:47:10,609 - MainProcess - INFO - [Memory] RAM: 12.6% | Process: 2.10GB | GPU: 7435/24564MB (30.3%)
2026-09-03 04:47:10,609 - MainProcess - INFO - [cam17_17_Rajkot_Bus_Port_CCTV] #590  16/144 ( 11.1%) | seg 101.56s = seek 53.37 (12f, 4.45s/frame) + vlm  30.53 + azure  1.84 + embed  0.46 | avg  29.32s | elapsed 0:07:49 | ETA 1:02:33
2026-09-03 04:47:10,875 - MainProcess - INFO - [AI->] https://openrouter.ai/api/v1/chat/completions z-ai/glm-5.3-flash (11 frames, max_tokens=2600)
2026-09-03 04:47:19,249 - MainProcess - INFO - [AI->] https://openrouter.ai/api/v1/chat/completions z-ai/glm-5.3-flash (12 frames, max_tokens=2600)
2026-09-03 04:47:22,998 - MainProcess - INFO - [AI<-] z-ai/glm-5.3-flash ok in 47.8s | prompt_tok=15352 completion_tok=901 cost=$0.0026381 | 3698 chars
2026-09-03 04:47:22,998 - MainProcess - INFO - [VLM] Response received. Content len: 3698, Thinking len: 0

================================================================================
🤖 [cam17_17_Rajkot_Bus_Port_CCTV] SEGMENT VLM - #591 - 2026-06-13 22:19:17
================================================================================
Recorded 13-06-2026 (Saturday) 22:19:17 to 22:19:47 at Rajkot Bus Port, camera cam17_17_Rajkot_Bus_Port_CCTV. 1. SCENE The camera ("1 CENTER") overlooks a paved forecourt/parking area at the edge of Rajkot Bus Port at night, adjacent to a public road. Illumination is from a bright streetlight and illuminated shop signage; the road area is glare-affected and partly washed out. Legible signage includes "HOTEL JK" (with "A/C, NON A/C ROOMS & DORMITORY AVAILABLE", "ROOM STARTS FROM 799/- ONLY", "2 FLOOR"), a "BUS EXIT ONLY" sign, and a yellow/red advertisement board reading "COTTON" with Gujarati text and "Mo. 87339 29701 / 702". A closed shop shutter occupies the right of frame. Conditions are dark, consistent with late evening/night. 2. TRAFFIC AND PEOPLE - Parked two-wheelers: approximately 8 10, mostly black motorcycles/scooters, one white scooter, one with yellow-green accents, stationary throughout. - One person in dark clothing with a light-coloured bag stands near the parked two-wheelers on the left throughout the clip, occasionally shifting position. - Two people crouched/sitting on a low ledge near the planter on the right side throughout: one in a pale pink/salmon shirt, one in dark clothing with a backpack, both looking at a mobile phone. They remain in the same spot for the full 55 seconds. - On the road: a motorcycle with headlight passes left to right early in the clip (around 0 5s); a car with headlights on passes left to right around 30 35s; a blue-and-white GSRTC bus enters from the left around 35s and exits left/up the road by about 42s; further two-wheelers and a small vehicle pass in the distance around 45 55s. - Two pedestrians walk along the left edge of the road around 25 30s, moving away from camera. 3. VEHICLES IDENTIFIED CONFIRMED: - GSRTC (Gujarat State Road Transport Corporation) bus, blue and white livery, "GSRTC" legible on the side, no plate legible, travelling left to right along the road, seen at ~35 42s. PROBABLE (unconfirmed): - Dark-coloured car (hatchback/sedan class, unconfirmed), headlights on, rear/side angle and glare prevent identification, ~30 35s. - Distant two-wheelers on the road, unconfirmed due to darkness and distance, ~0 5s and ~45 55s. 4. REGISTRATIONS READ None legible. (Any plates present are obscured by darkness, glare and angle; no reads attempted against any registry.) 5. NOTABLE EVENTS - Two individuals remain crouched together in a dark corner by the planter/shutter for the entire 55 seconds, focused on a mobile phone, largely out of the main lighting. This is consistent with loitering in a poorly lit area; no offence is visible, but the prolonged stationary behaviour is noted for awareness. - No collisions, altercations, unattended bags or restricted-area access observed. 6. CROWD AND CONGESTION None observed. Footfall is light; no queues or build-ups at any point. 7. TRAFFIC VIOLATIONS None observed. 8. PATTERN OF ACTIVITY This is a quiet night-time scene dominated by stationary parked two-wheelers and a small number of people lingering at the edge of the bus port. Road traffic is light and intermittent: a motorcycle early, a car mid-clip, then the GSRTC bus passing through around the 35 42s mark, which is the only significant movement in the clip. The late frames show slightly more distant two-wheeler activity on the road than the early frames, but the forecourt itself is essentially unchanged start to finish the same two people remain crouched by the planter and the same individual stands by the parked bikes. 9. QUIET PERIODS The forecourt is static throughout, but the clip is not entirely still road traffic passes at intervals. The quietest stretch is roughly 5 25s, when nothing moves on the road and the only visible activity is minor shifting by the people in frame.
================================================================================

Batches:   0%|          | 0/1 [00:00<?, ?it/s]Batches: 100%|██████████| 1/1 [00:00<00:00, 29.22it/s]
2026-09-03 04:47:23,916 - MainProcess - INFO - ✅ Segment #591 stored in MongoDB
✅ Segment #591 from Camera cam17_17_Rajkot_Bus_Port_CCTV stored in MongoDB
2026-09-03 04:47:23,917 - MainProcess - INFO - [cam17_17_Rajkot_Bus_Port_CCTV] segment 591 looks alert-worthy - asking z-ai/glm-5.3-flash
2026-09-03 04:47:23,917 - MainProcess - INFO - [AI->] https://openrouter.ai/api/v1/chat/completions z-ai/glm-5.3-flash (max_tokens=2000, prompt=5104 chars)
2026-09-03 04:47:24,744 - MainProcess - WARNING - [cam13_stream-13] Segment #150: frame seek failed, skipping
2026-09-03 04:47:24,832 - MainProcess - INFO - [AI<-] z-ai/glm-5.3-flash ok in 14.0s | prompt_tok=14154 completion_tok=809 cost=$0.0025276 | 3200 chars
2026-09-03 04:47:24,832 - MainProcess - INFO - [VLM] Response received. Content len: 3200, Thinking len: 0

================================================================================
🤖 [cam15_stream-15] SEGMENT VLM - #659 - 2026-06-14 07:58:57
================================================================================
Recorded 14-06-2026 (Sunday) 07:58:57 to 07:59:27 at Suvidhapark, camera cam15_stream-15. 1. SCENE Elevated CCTV view of a signalised road junction at Suvidhapark (camera label "Suvidhapark P3 RLVD" bottom right). Zebra crossings on all approaches, traffic signal heads on the right, a red/white bollard on the right kerb, buildings and a small blue awning top left. Daylight, overcast/hazy, dry road. Amber signal visible on the right-hand head around 15s in. 2. TRAFFIC AND PEOPLE Light-to-moderate mixed traffic: motorcycles/scooters (numerous, various colours), auto-rickshaws (green/yellow and green), a white van, a blue three-wheeler goods carrier, a dark grey hatchback, a dark SUV-type vehicle, and one pedestrian (man in white t-shirt and dark trousers). Roughly 15 20 two-wheelers and 6 8 three/four-wheelers across the clip. 3. VEHICLES IDENTIFIED CONFIRMED None identified. PROBABLE (unconfirmed) - White van, Maruti Omni/Eeco class (unconfirmed), entering from right and crossing left to right of frame, 35s distance and motion blur prevent badge/plate reading. - Dark grey hatchback, i20/Baleno class (unconfirmed), crossing the far junction left to right, 55s rear/side angle, too distant. - Dark compact SUV, Creta/Seltos class (unconfirmed), turning at the far left of the junction, 25s motion blur and oblique angle. - Green/yellow auto-rickshaws, several (unconfirmed), 0s, 25s, 35s, 55s standard body type only, no badges legible. 4. REGISTRATIONS READ None legible. (Any plates visible are too small/blurred; all reads would be single automatic reads, not verified against any registry.) 5. NOTABLE EVENTS - At 15s, a large vehicle (roof/canopy only visible at bottom edge of frame) passes directly under the camera, briefly blocking the view. - At 40s, a man in a white t-shirt and dark trousers walks across the carriageway on the near zebra crossing, right to left, while two-wheelers are still moving through the junction no near-miss observed. - At 25s, a rider in dark clothing on a scooter crosses the junction centre; a green auto-rickshaw and a dark SUV manoeuvre close by, but no contact is seen. Nothing else alert-worthy. 6. CROWD AND CONGESTION None observed. Traffic flows freely throughout; no queues or jams. 7. TRAFFIC VIOLATIONS - Around 40s, the pedestrian crossing on foot is not itself a violation observed against signal state; no signal state for pedestrians is confirmable. Otherwise none observed. No helmetless riders, wrong-way driving or red-light jumping can be confirmed from these frames. 8. PATTERN OF ACTIVITY Early frames (0 10s) show light, scattered two-wheeler traffic crossing the junction in all directions, thinning to an empty carriageway around 10 20s. From 25s onward activity builds: autos, a van, goods three-wheelers and motorcycles cross continuously in mixed directions, with the busiest movement in the 35 45s window. By the final frames (50 55s) flow has eased again, with a hatchback, a motorcycle and a green/yellow auto the last vehicles through. Dominant traffic is two-wheelers; no single direction dominates. 9. QUIET PERIODS Approximately 10s to 20s the carriageway is empty of moving traffic (a brief obstruction by a passing vehicle at 15s aside). Otherwise the clip is continuously active.
================================================================================

Batches:   0%|          | 0/1 [00:00<?, ?it/s]Batches: 100%|██████████| 1/1 [00:00<00:00, 12.52it/s]
2026-09-03 04:47:25,542 - MainProcess - INFO - [Memory] RAM: 12.3% | Process: 2.15GB | GPU: 6133/24564MB (25.0%)
2026-09-03 04:47:25,542 - MainProcess - INFO - [cam13_stream-13] #150  58/627 (  9.3%) | seg   0.00s = seek 41.00 (0f, 41.00s/frame) + vlm   0.00 + azure  0.00 + embed  0.00 | avg   8.37s | elapsed 0:08:05 | ETA 1:19:21
2026-09-03 04:47:25,800 - MainProcess - INFO - ✅ Segment #659 stored in MongoDB
✅ Segment #659 from Camera cam15_stream-15 stored in MongoDB
2026-09-03 04:47:25,801 - MainProcess - INFO - [cam15_stream-15] segment 659 looks alert-worthy - asking z-ai/glm-5.3-flash
2026-09-03 04:47:25,801 - MainProcess - INFO - [AI->] https://openrouter.ai/api/v1/chat/completions z-ai/glm-5.3-flash (max_tokens=2000, prompt=4562 chars)
2026-09-03 04:47:25,829 - MainProcess - INFO - [AI<-] z-ai/glm-5.3-flash ok in 1.9s | prompt_tok=1297 completion_tok=22 cost=$9.8935e-05 | 14 chars returned
2026-09-03 04:47:25,829 - MainProcess - INFO - [cam17_17_Rajkot_Bus_Port_CCTV] ✅ Segment #591 complete
2026-09-03 04:47:25,830 - MainProcess - INFO - [cam17_17_Rajkot_Bus_Port_CCTV] #591  17/144 ( 11.8%) | seg 106.07s = seek 50.64 (12f, 4.22s/frame) + vlm  48.33 + azure  1.35 + embed  0.42 | avg  28.49s | elapsed 0:08:04 | ETA 1:00:18
2026-09-03 04:47:27,198 - MainProcess - INFO - [AI<-] z-ai/glm-5.3-flash ok in 1.4s | prompt_tok=1184 completion_tok=7 cost=$9.055e-05 | 14 chars returned
2026-09-03 04:47:27,198 - MainProcess - INFO - [cam15_stream-15] ✅ Segment #659 complete
2026-09-03 04:47:28,244 - MainProcess - INFO - [Memory] RAM: 12.5% | Process: 2.15GB | GPU: 5679/24564MB (23.1%)
2026-09-03 04:47:28,244 - MainProcess - INFO - [cam15_stream-15] #659  13/73 ( 17.8%) | seg 228.93s = seek 211.47 (11f, 19.22s/frame) + vlm  14.46 + azure  1.00 + embed  0.47 | avg  37.52s | elapsed 0:08:07 | ETA 0:37:31
2026-09-03 04:47:28,766 - MainProcess - INFO - [AI<-] z-ai/glm-5.3-flash ok in 204.8s | prompt_tok=15352 completion_tok=1092 cost=$0.0013668 | 3451 chars
2026-09-03 04:47:28,766 - MainProcess - INFO - [VLM] Response received. Content len: 3451, Thinking len: 892

================================================================================
🤖 [cam15_stream-15] SEGMENT VLM - #658 - 2026-06-14 07:57:57
================================================================================
Recorded 14-06-2026 (Sunday) 07:57:57 to 07:58:27 at Suvidhapark, camera cam15_stream-15. 1. SCENE The camera overlooks a wide signalised road junction at Suvidhapark (camera label "Suvidhapark P3 RLVD" on the overlay), from an elevated pole position. Zebra crossings mark the approaches on both the left and right sides; a traffic signal head and a red-and-white striped bollard stand on the right corner. The scene is in daylight, overcast, on dry tarmac. Traffic light phases change during the clip (amber visible on the right-side signal head at 12s, 33s and 42s). Heavy compression/pixelation artifacts corrupt parts of several frames. 2. TRAFFIC AND PEOPLE Mixed light traffic: one white MPV/hatchback, one green-and-yellow auto-rickshaw, one dark grey sedan, one red compact SUV, one further green auto-rickshaw, several scooters and motorcycles (approximately six to eight two-wheelers in total), two cyclists, and one motorcyclist carrying a large red-covered load. A pedestrian appears briefly on the far crossing at 12s. Numbers are approximate owing to frame corruption. 3. VEHICLES IDENTIFIED CONFIRMED None identified. PROBABLE (unconfirmed) - White MPV/hatchback, rear only, plate not legible, moving away to the right, 0s. - Green-and-yellow three-wheeler auto-rickshaw, mid-junction turning, plate not legible, 0s. - Dark grey compact sedan, rear three-quarter angle, motion blur, crossing left to right, 12s. - Green three-wheeler auto-rickshaw, rear only, moving away from camera into the junction, 18s. - Red compact SUV, Creta/Seltos class (unconfirmed), rear three-quarter view, pixelated, entering from the left and crossing right, 42s; still present slowing near the right corner at 45s. - White scooter, left approach crossing, small and blurred, 24s and 29s. 4. REGISTRATIONS READ None legible. All plates are either obscured, rear-facing at distance, or lost to compression. Any registration noted would be a single automatic read and not verified against any registry. 5. NOTABLE EVENTS - At 45s a cyclist rides through the right-side zebra crossing while the red SUV is still manoeuvring near that corner; no contact or near-miss is actually visible, but the crossing of the cyclist within the vehicle's path area is noted. - Otherwise none observed. 6. CROWD AND CONGESTION None observed. Traffic flows freely throughout; no queues or build-ups form at the stop line. 7. TRAFFIC VIOLATIONS None clearly observed. Several riders on two-wheelers appear to be without visible helmets (0s, 18s), but resolution does not permit a definitive finding. 8. PATTERN OF ACTIVITY The clip shows light, free-flowing traffic at a signal-controlled junction. In the early seconds a green-and-yellow auto-rickshaw and a white MPV clear the junction moving right, and a heavily laden motorcyclist works along the left crossing. Mid-clip (roughly 12s to 29s) the focus shifts to two-wheelers and a dark sedan crossing, followed by a lull with only scattered scooters on the approaches. In the final seconds a red compact SUV dominates, entering from the left and slowing at the right corner, accompanied by a cyclist crossing on foot-pedal power. The general direction of travel is across the junction from the left approach toward the right corner. The signal was at amber at several sampled moments, consistent with vehicles clearing the junction between phases. 9. QUIET PERIODS Around 24s to 33s the junction is nearly empty, with only distant two-wheelers on the approaches; otherwise traffic is present throughout.
================================================================================

Batches:   0%|          | 0/1 [00:00<?, ?it/s]Batches: 100%|██████████| 1/1 [00:00<00:00, 41.15it/s]
2026-09-03 04:47:29,675 - MainProcess - INFO - ✅ Segment #658 stored in MongoDB
✅ Segment #658 from Camera cam15_stream-15 stored in MongoDB
2026-09-03 04:47:29,675 - MainProcess - INFO - [cam15_stream-15] segment 658 looks alert-worthy - asking z-ai/glm-5.3-flash
2026-09-03 04:47:29,675 - MainProcess - INFO - [AI->] https://openrouter.ai/api/v1/chat/completions z-ai/glm-5.3-flash (max_tokens=2000, prompt=4823 chars)
2026-09-03 04:47:31,448 - MainProcess - WARNING - [cam13_stream-13] Segment #151: frame seek failed, skipping
2026-09-03 04:47:31,449 - MainProcess - INFO - [cam13_stream-13] #151  59/627 (  9.4%) | seg   0.00s = seek 42.07 (0f, 42.07s/frame) + vlm   0.00 + azure  0.00 + embed  0.00 | avg   8.33s | elapsed 0:08:11 | ETA 1:18:49
2026-09-03 04:47:32,220 - MainProcess - INFO - [AI<-] z-ai/glm-5.3-flash ok in 2.5s | prompt_tok=1192 completion_tok=22 cost=$9.106e-05 | 14 chars returned
2026-09-03 04:47:32,220 - MainProcess - INFO - [cam15_stream-15] ✅ Segment #658 complete
2026-09-03 04:47:32,222 - MainProcess - INFO - [cam15_stream-15] #658  14/73 ( 19.2%) | seg 255.79s = seek 46.18 (12f, 3.85s/frame) + vlm 205.33 + azure  1.11 + embed  0.41 | avg  35.13s | elapsed 0:08:11 | ETA 0:34:32
2026-09-03 04:47:49,238 - MainProcess - INFO - [AI<-] z-ai/glm-5.3-flash ok in 65.2s | prompt_tok=7816 completion_tok=646 cost=$0.0007477 | 2210 chars returned
2026-09-03 04:47:49,239 - MainProcess - INFO - [cam14_stream-14] summary: condensing minutes 675-699 (28/29)
2026-09-03 04:47:49,239 - MainProcess - INFO - [AI->] https://openrouter.ai/api/v1/chat/completions z-ai/glm-5.3-flash (max_tokens=700, prompt=30942 chars)
2026-09-03 04:47:56,833 - MainProcess - INFO - [AI->] https://openrouter.ai/api/v1/chat/completions z-ai/glm-5.3-flash (1 frames, max_tokens=40)
2026-09-03 04:47:57,435 - MainProcess - WARNING - [cam13_stream-13] Segment #152: frame seek failed, skipping
2026-09-03 04:47:58,453 - MainProcess - INFO - [Memory] RAM: 12.6% | Process: 2.10GB | GPU: 7219/24564MB (29.4%)
2026-09-03 04:47:58,454 - MainProcess - INFO - [cam13_stream-13] #152  60/627 (  9.6%) | seg   0.00s = seek 49.57 (0f, 49.57s/frame) + vlm   0.00 + azure  0.00 + embed  0.00 | avg   8.64s | elapsed 0:08:38 | ETA 1:21:37
2026-09-03 04:47:58,888 - MainProcess - INFO - [AI<-] z-ai/glm-5.3-flash ok in 2.1s | prompt_tok=1442 completion_tok=15 cost=$0.0001119 | 22 chars
2026-09-03 04:48:00,278 - MainProcess - INFO - [AI->] https://openrouter.ai/api/v1/chat/completions z-ai/glm-5.3-flash (12 frames, max_tokens=2600)
2026-09-03 04:48:13,323 - MainProcess - INFO - [AI->] https://openrouter.ai/api/v1/chat/completions z-ai/glm-5.3-flash (1 frames, max_tokens=40)
2026-09-03 04:48:14,438 - MainProcess - WARNING - [cam13_stream-13] Segment #153: frame seek failed, skipping
2026-09-03 04:48:14,439 - MainProcess - INFO - [cam13_stream-13] #153  61/627 (  9.7%) | seg   0.00s = seek 49.69 (0f, 49.69s/frame) + vlm   0.00 + azure  0.00 + embed  0.00 | avg   8.76s | elapsed 0:08:54 | ETA 1:22:36
2026-09-03 04:48:15,363 - MainProcess - INFO - [AI<-] z-ai/glm-5.3-flash ok in 2.0s | prompt_tok=1442 completion_tok=15 cost=$0.0001119 | 22 chars
2026-09-03 04:48:16,362 - MainProcess - INFO - [AI<-] z-ai/glm-5.3-flash ok in 27.1s | prompt_tok=7849 completion_tok=700 cost=$0.000763675 | 2362 chars returned
2026-09-03 04:48:16,362 - MainProcess - INFO - [cam14_stream-14] summary: condensing minutes 700-719 (29/29)
2026-09-03 04:48:16,362 - MainProcess - INFO - [AI->] https://openrouter.ai/api/v1/chat/completions z-ai/glm-5.3-flash (max_tokens=700, prompt=24867 chars)
2026-09-03 04:48:16,876 - MainProcess - INFO - [AI->] https://openrouter.ai/api/v1/chat/completions z-ai/glm-5.3-flash (12 frames, max_tokens=2600)
2026-09-03 04:48:22,323 - MainProcess - INFO - [AI<-] z-ai/glm-5.3-flash ok in 63.1s | prompt_tok=15352 completion_tok=1077 cost=$0.00136305 | 3957 chars
2026-09-03 04:48:22,324 - MainProcess - INFO - [VLM] Response received. Content len: 3957, Thinking len: 263

================================================================================
🤖 [cam15_stream-15] SEGMENT VLM - #661 - 2026-06-14 08:00:57
================================================================================
Recorded 14-06-2026 (Sunday) 08:00:57 to 08:01:27 at Suvidhapark, camera cam15_stream-15. 1. SCENE The camera overlooks a signalised road junction (Suvidhapark P3 RLVD as per the on-screen location text), with zebra crossings on multiple arms, a traffic signal post at the right corner, a red/white striped bollard and a kerb with black-and-yellow painting on the right, and buildings, a blue awning and a footpath on the left. Daytime, overcast/muted daylight; the scene is well lit. 2. TRAFFIC AND PEOPLE - Two green-and-yellow auto-rickshaws: one crossing the junction near the top at 0 3s moving left; another with passengers crossing left near the far crosswalk around 19 21s; two more (one carrying passengers) moving left off-frame around 33 37s. - One scooter with a rider in dark red/maroon clothing and a dark helmet, moving away from camera across the crossing around 11s, exiting top of frame shortly after. - One white open-body goods mini-truck crossing right-to-left across the upper junction around 19s. - One red SUV/car entering from the left around 35 37s and moving out of view left. - One small white goods mini-truck loaded with hay/straw, travelling away from camera toward the top-right from about 44s. - One motorcycle with a rider in a light shirt, moving left across the upper junction around 44s. - Around 49s: a group of two motorcycles (riders in red) travelling away from camera top-centre; a scooter with a rider in light pink/white clothing travelling away with a pink sack/bag on the back, visible with load through ~51s; a blue scooter with rider at the right edge around 49s moving right/inward; two-wheelers at the far top-right corner. - Around 58 60s: a cyclist in dark clothing crossing left on the far crosswalk; a handcart loaded with green produce near the top-right being pushed, with two pedestrians walking beside it (one in white shirt/trousers, one in dark sports jersey); a two-wheeler at the top edge. - A pedestrian visible at the top-right corner around 19s. 3. VEHICLES IDENTIFIED CONFIRMED: None identified. PROBABLE (unconfirmed): - Green-and-yellow three-wheeler auto-rickshaw, rear/three-quarter angle and distance prevent model/plate reading, 0 3s - White open-body mini goods truck, side angle in motion, plate not legible, 19s - Red compact SUV class vehicle, partially visible at frame edge, 35 37s (unconfirmed) - White mini goods truck loaded with hay, rear-only angle, plate not legible, 44s (unconfirmed) - Blue scooter, rider angle/edge of frame, 49 51s (unconfirmed) 4. REGISTRATIONS READ None legible. (No registration number on any vehicle is readable at this resolution/angle; any single automatic reads would be unverified against any registry.) 5. NOTABLE EVENTS None observed. Traffic flows normally through the junction; no collisions, near-misses, stopped vehicles in live lanes or unattended objects seen. 6. CROWD AND CONGESTION None observed. Traffic is light throughout; no queues or build-ups at any point. 7. TRAFFIC VIOLATIONS None observed. The signal head shows red/amber toward the camera, but cross traffic passing through the junction cannot be confirmed as running a red from this angle. No helmetless riders clearly visible; no wrong-way or footpath riding observed. 8. PATTERN OF ACTIVITY Light, free-flowing traffic dominated by two- and three-wheelers, with occasional light goods vehicles. Most movement is across the upper/left portion of the junction (vehicles travelling leftward or crossing away from camera toward the far side); the foreground crossing is largely unused except by the scooter around 11s. Early frames show sparse crossing traffic (an auto and a scooter); mid-clip a goods truck and red car pass; later frames bring a busier mix of two-wheelers, a loaded mini-truck, a cyclist and handcart-pulling pedestrians. The junction remains orderly throughout with no phase where queued traffic accumulates. 9. QUIET PERIODS Approximately 24 33s and 51 58s the junction is nearly empty, with only distant movement at the frame edges.
================================================================================

Batches:   0%|          | 0/1 [00:00<?, ?it/s]Batches: 100%|██████████| 1/1 [00:00<00:00, 27.22it/s]
2026-09-03 04:48:23,252 - MainProcess - INFO - ✅ Segment #661 stored in MongoDB
✅ Segment #661 from Camera cam15_stream-15 stored in MongoDB
2026-09-03 04:48:23,253 - MainProcess - INFO - [cam15_stream-15] segment 661 looks alert-worthy - asking z-ai/glm-5.3-flash
2026-09-03 04:48:23,253 - MainProcess - INFO - [AI->] https://openrouter.ai/api/v1/chat/completions z-ai/glm-5.3-flash (max_tokens=2000, prompt=5291 chars)
2026-09-03 04:48:23,331 - MainProcess - INFO - [AI->] https://openrouter.ai/api/v1/chat/completions z-ai/glm-5.3-flash (12 frames, max_tokens=2600)
2026-09-03 04:48:25,481 - MainProcess - INFO - [AI<-] z-ai/glm-5.3-flash ok in 2.2s | prompt_tok=1313 completion_tok=7 cost=$9.6385e-05 | 14 chars returned
2026-09-03 04:48:25,481 - MainProcess - INFO - [cam15_stream-15] ✅ Segment #661 complete
2026-09-03 04:48:27,258 - MainProcess - INFO - [Memory] RAM: 12.8% | Process: 2.15GB | GPU: 8549/24564MB (34.8%)
2026-09-03 04:48:27,258 - MainProcess - INFO - [cam15_stream-15] #661  15/73 ( 20.5%) | seg 107.20s = seek 39.47 (12f, 3.29s/frame) + vlm  63.58 + azure  1.14 + embed  0.43 | avg  36.45s | elapsed 0:09:06 | ETA 0:35:14
2026-09-03 04:48:30,592 - MainProcess - INFO - [AI<-] z-ai/glm-5.3-flash ok in 30.3s | prompt_tok=15352 completion_tok=822 cost=$0.0027138 | 3413 chars
2026-09-03 04:48:30,592 - MainProcess - INFO - [VLM] Response received. Content len: 3413, Thinking len: 0

================================================================================
🤖 [cam17_17_Rajkot_Bus_Port_CCTV] SEGMENT VLM - #592 - 2026-06-13 22:20:17
================================================================================
Recorded 13-06-2026 (Saturday) 22:20:17 to 22:20:47 at Rajkot Bus Port, camera cam17_17_Rajkot_Bus_Port_CCTV. 1. SCENE The camera ("1 CENTER") overlooks a paved forecourt/parking area at Rajkot Bus Port at night, adjacent to a road on the left. Illumination is from a bright streetlight and illuminated signage, including a lit board reading "HOTEL JK", "A/C, NON A/C ROOMS & DORMITORY BED AVAILABLE", "ROOM STARTS FROM 799/- ONLY", a "BUS EXIT ONLY" sign, and a yellow/red advertisement board with Gujarati text and the word "COTTON". A closed shop shutter occupies the right side. Conditions are dark with strong glare and some haze/smoke drifting across the frame. 2. TRAFFIC AND PEOPLE - Parked two-wheelers: approximately 8-10 motorcycles and scooters, mostly black/dark, plus one white scooter, stationary throughout the clip. - One person in a dark top and light trousers with a pale blue/white bag stands near the parked bikes on the left from the start, shifting position slightly and remaining through the clip. - Two people crouched/sitting on a low ledge on the right side throughout: one in a pale pink/salmon shirt, bent over, appearing to handle something (possibly a phone with a lit screen); a second person in dark clothing beside them. A pair of shoes lies on the pavement nearby. - Around 15s in, a man in a light shirt carrying a bag walks from the road toward the parked bikes, then moves off left. - Around 45-50s in, a group of three to four pedestrians (one in a light blue shirt, one in white, one with a backpack) enters from the left and walks along the road, exiting left by 55s. - On the road: a motorcycle with headlight passes left to right early in the clip (0-5s); a three-wheeler (auto-rickshaw) passes left to right around 40-45s; car headlights visible in the distance around 45-50s; a white car passes on the far left road around 50s. 3. VEHICLES IDENTIFIED CONFIRMED: None identified. PROBABLE (unconfirmed): - White scooter (gearless, Activa class), parked, visible throughout - rear/side angle and darkness prevent confirmation. - Black commuter motorcycle with "TOR" style tank decal visible on one parked bike (unconfirmed), parked throughout - badge not clearly legible. - Three-wheeler auto-rickshaw, dark colour, moving left to right on the road, 40-45s - motion blur and distance. - White hatchback-class car, far left road, around 50s - distance and headlight glare. 4. REGISTRATIONS READ None legible. 5. NOTABLE EVENTS - Two individuals remain crouched on the ledge in a dark corner beside the closed shutter for the entire 55 seconds, one apparently using a lit phone screen; prolonged loitering in an unlit area - possibly alert-worthy. - Haze or smoke drifts across the scene, most noticeable from around 20s onward; source not visible. 6. CROWD AND CONGESTION None observed. 7. TRAFFIC VIOLATIONS None observed. 8. PATTERN OF ACTIVITY The scene is dominated by a static parked two-wheeler bay and a quiet night-time road. The only consistent human presence is the pair crouched by the shutter and one person waiting by the bikes. Early frames show light passing traffic (motorcycle, distant headlights); mid-clip is calm with only a pedestrian crossing; late frames bring a small group of pedestrians and an auto-rickshaw, suggesting a slight pickup in foot traffic toward the end. Nothing changes in the parked vehicles. 9. QUIET PERIODS Roughly 20s to 40s: no moving vehicles and no pedestrian movement other than minor shifts by the people already in frame.
================================================================================

Batches:   0%|          | 0/1 [00:00<?, ?it/s]Batches: 100%|██████████| 1/1 [00:00<00:00, 36.83it/s]
2026-09-03 04:48:31,528 - MainProcess - INFO - ✅ Segment #592 stored in MongoDB
✅ Segment #592 from Camera cam17_17_Rajkot_Bus_Port_CCTV stored in MongoDB
2026-09-03 04:48:31,529 - MainProcess - INFO - [cam17_17_Rajkot_Bus_Port_CCTV] segment 592 looks alert-worthy - asking z-ai/glm-5.3-flash
2026-09-03 04:48:31,529 - MainProcess - INFO - [AI->] https://openrouter.ai/api/v1/chat/completions z-ai/glm-5.3-flash (max_tokens=2000, prompt=4823 chars)
2026-09-03 04:48:33,969 - MainProcess - INFO - [AI<-] z-ai/glm-5.3-flash ok in 2.4s | prompt_tok=1219 completion_tok=53 cost=$0.000100835 | 155 chars returned
2026-09-03 04:48:33,969 - MainProcess - INFO - [cam17_17_Rajkot_Bus_Port_CCTV] segment 592 -> 1 alert(s)
2026-09-03 04:48:33,970 - MainProcess - WARNING - [cam17_17_Rajkot_Bus_Port_CCTV] no VMS device id in camera_did_map.json - alert skipped: Two individuals crouched in dark corner beside closed shutter for full clip, one handling 
2026-09-03 04:48:33,970 - MainProcess - INFO - [cam17_17_Rajkot_Bus_Port_CCTV] ✅ Segment #592 complete
2026-09-03 04:48:36,425 - MainProcess - INFO - [Memory] RAM: 12.9% | Process: 2.05GB | GPU: 7239/24564MB (29.5%)
2026-09-03 04:48:36,425 - MainProcess - INFO - [cam17_17_Rajkot_Bus_Port_CCTV] #592  18/144 ( 12.5%) | seg  84.12s = seek 46.96 (12f, 3.91s/frame) + vlm  30.82 + azure  1.23 + embed  0.43 | avg  30.83s | elapsed 0:09:15 | ETA 1:04:45
2026-09-03 04:48:40,564 - MainProcess - INFO - [AI<-] z-ai/glm-5.3-flash ok in 24.2s | prompt_tok=6221 completion_tok=603 cost=$0.000617325 | 2235 chars returned
2026-09-03 04:48:40,564 - MainProcess - INFO - [AI->] https://openrouter.ai/api/v1/chat/completions z-ai/glm-5.3-flash (max_tokens=6000, prompt=60869 chars)
2026-09-03 04:48:46,830 - MainProcess - WARNING - [cam13_stream-13] Segment #154: frame seek failed, skipping
2026-09-03 04:48:47,119 - MainProcess - INFO - [AI<-] z-ai/glm-5.3-flash ok in 30.2s | prompt_tok=15352 completion_tok=862 cost=$0.0027338 | 3593 chars
2026-09-03 04:48:47,119 - MainProcess - INFO - [VLM] Response received. Content len: 3593, Thinking len: 0
2026-09-03 04:48:47,238 - MainProcess - INFO - [AI->] https://openrouter.ai/api/v1/chat/completions z-ai/glm-5.3-flash (12 frames, max_tokens=2600)

================================================================================
🤖 [cam17_17_Rajkot_Bus_Port_CCTV] SEGMENT VLM - #593 - 2026-06-13 22:21:17
================================================================================
Recorded 13-06-2026 (Saturday) 22:21:17 to 22:21:47 at Rajkot Bus Port, camera cam17_17_Rajkot_Bus_Port_CCTV. 1. SCENE The camera ("1 CENTER") overlooks a paved forecourt/parking area at Rajkot Bus Port at night, adjacent to a road on the left. Illumination is from a bright streetlight and illuminated signage, including a large "HOTEL JK" board (advertising AC, Non AC rooms and dormitory, rooms from 799/-), a "BUS EXIT ONLY" sign, and a red/yellow advertisement board with Gujarati text and a mobile number (87339 29701 / 702). A closed shop shutter occupies the right of frame. The road surface appears wet/reflective. Conditions are dark with strong glare and motion blur in places. 2. TRAFFIC AND PEOPLE - Parked two-wheelers: approximately 8 10 motorcycles and scooters, mostly black/dark, one white scooter and one white/pale scooter near the centre, stationary throughout the clip. - Road traffic (left side): a dark car with headlights on travelling away from camera around 5s; an auto-rickshaw passing around 22s and again around 47 52s; a motorcycle with headlight around 52s; a large blue and white bus (letters "TC" visible on its side) passing left to right across the upper frame around 42s. - People: a person in dark clothing with a light blue/white backpack stands near the parked bikes on the left throughout most of the clip. A group of two to three people sits/crouches on a low ledge by the planter on the right-centre for the whole clip, one wearing a pale pink/salmon shirt, one in dark clothing, appearing to look at a mobile phone. A person in a light patterned shirt walks from the bike area toward the shutter and exits up the walkway around 5 10s. Pedestrians on the road: two to three walking toward camera around 5 12s, a man in a white shirt crossing around 47 52s, and two people near the bikes around 52s. 3. VEHICLES IDENTIFIED CONFIRMED: None identified. PROBABLE (unconfirmed): - Blue and white large bus, ST/road-transport class (unconfirmed), 42s side-only view in darkness, only partial lettering "TC" legible. - Dark hatchback car (unconfirmed), 5s rear/headlight view, distance and glare. - Auto-rickshaw, black/dark (unconfirmed), 22s and 47 52s standard three-wheeler silhouette, motion blur. 4. REGISTRATIONS READ None legible. (Any plates present are too distant, angled or blurred; all reads would be single automatic reads, not verified against any registry.) 5. NOTABLE EVENTS None observed. The seated group remains in the same spot throughout; no altercation, unattended bag or restricted-area entry is visible. The person in the patterned shirt bending among the parked bikes around 0 5s appears to be moving through the parking area and walks off; nothing indicates tampering with vehicles. 6. CROWD AND CONGESTION None observed. Pedestrian numbers remain low (roughly 3 6 visible at any time); no queues form. 7. TRAFFIC VIOLATIONS None observed. 8. PATTERN OF ACTIVITY The clip shows a quiet night scene dominated by stationary parked two-wheelers and a small seated group by the planter, who remain in place from start to finish. The road on the left carries light, intermittent traffic a car, an auto-rickshaw twice, a motorcycle, and one large bus passing around 42s, the most significant vehicle movement of the clip. Pedestrians drift along the road in ones and twos; early in the clip one person crosses the bike-parking area and leaves up the walkway, while later frames show only passing pedestrians. Little changes between early and late frames apart from the passing bus and shifting pedestrians. 9. QUIET PERIODS None observed there is always some pedestrian or vehicle movement, though activity is light throughout.
================================================================================

Batches:   0%|          | 0/1 [00:00<?, ?it/s]Batches: 100%|██████████| 1/1 [00:00<00:00, 11.21it/s]
2026-09-03 04:48:48,022 - MainProcess - INFO - [Memory] RAM: 12.5% | Process: 2.08GB | GPU: 6873/24564MB (28.0%)
2026-09-03 04:48:48,022 - MainProcess - INFO - [cam13_stream-13] #154  62/627 (  9.9%) | seg   0.00s = seek 75.38 (0f, 75.38s/frame) + vlm   0.00 + azure  0.00 + embed  0.00 | avg   9.16s | elapsed 0:09:27 | ETA 1:26:14
2026-09-03 04:48:48,097 - MainProcess - INFO - ✅ Segment #593 stored in MongoDB
✅ Segment #593 from Camera cam17_17_Rajkot_Bus_Port_CCTV stored in MongoDB
2026-09-03 04:48:48,098 - MainProcess - INFO - [cam17_17_Rajkot_Bus_Port_CCTV] segment 593 looks alert-worthy - asking z-ai/glm-5.3-flash
2026-09-03 04:48:48,118 - MainProcess - INFO - [AI->] https://openrouter.ai/api/v1/chat/completions z-ai/glm-5.3-flash (max_tokens=2000, prompt=4993 chars)
2026-09-03 04:48:50,117 - MainProcess - INFO - [AI<-] z-ai/glm-5.3-flash ok in 2.0s | prompt_tok=1255 completion_tok=7 cost=$9.2035e-05 | 14 chars returned
2026-09-03 04:48:50,117 - MainProcess - INFO - [cam17_17_Rajkot_Bus_Port_CCTV] ✅ Segment #593 complete
2026-09-03 04:48:50,123 - MainProcess - INFO - [cam17_17_Rajkot_Bus_Port_CCTV] #593  19/144 ( 13.2%) | seg  84.29s = seek 47.41 (12f, 3.95s/frame) + vlm  30.75 + azure  1.36 + embed  0.48 | avg  29.93s | elapsed 0:09:28 | ETA 1:02:21
2026-09-03 04:49:01,379 - MainProcess - INFO - [AI<-] z-ai/glm-5.3-flash ok in 20.8s | prompt_tok=16300 completion_tok=4274 cost=$0.004582 | 13025 chars returned
2026-09-03 04:49:01,379 - MainProcess - INFO - [cam14_stream-14] summary alert pass skipped - ALERT_MODE=realtime, alerts were raised per segment
Batches:   0%|          | 0/1 [00:00<?, ?it/s]Batches: 100%|██████████| 1/1 [00:00<00:00,  2.50it/s]Batches: 100%|██████████| 1/1 [00:00<00:00,  2.50it/s]
2026-09-03 04:49:02,166 - MainProcess - INFO - [cam14_stream-14] ✅ video summary stored (13025 chars over 720 minutes)
2026-09-03 04:49:02,168 - MainProcess - INFO - [cam14_stream-14] summary took 582.4s

==============================================================================
VIDEO SUMMARY — cam14_stream-14 (Unknown Location (cam14))
==============================================================================
# POLICE SUMMARY — CCTV cam14_stream-14 (Unknown Location, "DELIGHT P1 RLVD" junction)

**Footage:** 720 minutes (minutes 0–719), continuous, from Saturday 13-06-2026 evening through Sunday 14-06-2026 morning (~21:25 to ~08:15 by internal timestamps).

---

## 1. SCENE

The camera overlooks a large, signalised urban intersection in an Indian city (Delhi-style junction; CTU/DTC-style buses, GSRTC and "DELHI" coaches noted). The camera overlay "DELIGHT P1 RLVD" indicates a red-light-violation enforcement camera. A Coca-Cola branded kiosk/sign sits near the centre island (minutes 240, 488, 499); "WESTBANK" shops and a right-side hoarding/bus shelter line the right footpath. The footage is entirely night-time or pre-dawn until roughly minute 550, after which dull, hazy overcast early-morning daylight prevails. The road surface was repeatedly wet/reflective, indicating recent or ongoing rain, in many stretches (e.g. minutes 15, 21, 23, 29–32, 50–51, 58, 67, 77, 81, 84, 92, 96, 106, 109, 118, 120, 155–157, 162, 164–166, 169, 171, 173–174, throughout 225–249, from ~281 onward, 303, 307, 316, 318, 357, 360, 362, from ~395, and damp roads in the morning hours). Heavy headlight glare and motion blur limited detail throughout the dark hours.

## 2. TRAFFIC AND PEOPLE

Traffic was continuous mixed traffic at a signalised junction for the full 12 hours, free-flowing throughout with no jams.

- **Motorcycles/scooters:** present in every part; roughly 15–25 per minute at night peak (minutes 175–224), 8–20 per minute in the early hours, 6–15 overnight, rising again to 8–20 per minute after dawn. Many carried pillion riders (occasionally three riders, minute 281); many riders appeared helmetless, especially from minute 200 onward.
- **Auto-rickshaws:** a constant feature in every minute — early on in white, yellow, green, yellow-green, red, black and blue liveries; from roughly minute 175 onward overwhelmingly yellow-and-green CNG autos, typically 4–12 per minute, plus blue three-wheeler goods carriers and cycle-rickshaws.
- **Cars:** predominantly white hatchbacks, sedans, SUVs and MPVs, with recurring black/dark, silver/grey, red/maroon and occasional blue, gold/tan, lime-green and brown/orange vehicles. A recurring white hatchback entered from the left and exited right at ~30s in nearly every minute across the whole footage.
- **Buses:** frequent throughout — red, red/orange, blue, blue-and-white, white, orange/white, cream and double-decker city and intercity coaches; named/lettered buses included "GSRTC" (minute 36), "Model Patel" (minute 161), "AMER" (minute 287), "JALARAM" (minute 578), "SALUJA BUS SERVICE" (minute 582), "PUNJAB" (minute 605), "TANNA"/"ANNA" (minute 616), "SAI" (minute 644), "JAMIA" (minute 363), "HUMAN" (minute 690), "GURUDEV/GUILDFORD TRAVELS" (minute 684), "A.S" (minutes 710–711, 717), destination "401 Chandni" (minute 620).
- **Goods vehicles/trucks:** tarpaulin-covered goods trucks, tippers, concrete mixers, box trucks, tankers, a garbage truck (minute 125, and green refuse trucks minutes 286–287, 412, 582), a road-roller (minute 581), tractor-trolleys, road-sweeping machines, and branded trucks "BALA JI …JAIPUR" (minute 626), "ON DUTY" (minute 629), "AMC 15" (minute 631), "R.K.M. LOGISTICS" (minute 647).
- **Vans/emergency-type vehicles:** white vans including "FS COURIERS & CARGO SERVICE" (minute 85), "Ban…" branding (minute 46), ambulance-type vans with beacons (minutes 175, 183, 207, 210, 240, 277, 345, 377–383, 439, 505, 525, 533, 552, 567, 569, 654, 681, 684), police-type vehicles with blue lights (minutes 206, 353, 462, 463, 466, 631), a fire tender (minute 269).
- **Pedestrians:** heavy footpath crowds at night (roughly 20–50 people on the right footpath near the lit shops, minutes 200–224; ~20–30 at minute 235; 6–10 loiterers at minute 249), thinning to sparse individuals and small groups (1–4) overnight and in the morning. Crossings were occasional and mostly at zebras; one person in bright orange/red clothing walked on the carriageway among traffic (minute 215). Cyclists and hand-carts appeared intermittently.

## 3. VEHICLES IDENTIFIED

### CONFIRMED
None identified. No make or model was confirmed anywhere in the 720 minutes; all identifications were explicitly unconfirmed due to night, distance, rear-only angles and motion blur.

### PROBABLE (unconfirmed)
- White Dzire/Aura-class compact sedan (unconfirmed) — minute 203
- Dark City/Verna-class sedan (unconfirmed) — minute 217
- White MPV, Innova-type (unconfirmed) — minute 224
- Swift/i10-class hatchback (unconfirmed) — minute 269
- Creta/Seltos-class SUV (unconfirmed) and Dzire/Aura-class sedan (unconfirmed) — minute 273
- White compact SUV, Creta/Seltos-class (unconfirmed) — minute 559
- Brezza-class SUV (unconfirmed) and Eeco-class MPV (unconfirmed) — minute 562
- White compact hatchback, badge area suggesting Maruti Suzuki family (unconfirmed); silver/white compact SUV of Renault/Kwid-family shape (unconfirmed) — minute 614
- Probable Wagon R-class white tall-boy hatchback (unconfirmed); City/Verna-class grey sedan (unconfirmed); i20/Baleno-class black hatchback (unconfirmed) — minute 615
- i10/Grand i10-class hatchback (unconfirmed) — minute 655
- i10/i20-class hatchback (unconfirmed) — minute 662
- Creta/Seltos-class white SUV (unconfirmed) — minute 672

## 4. REGISTRATIONS READ

- "MH02CJ1537" — red car, minute 106 (described as fully legible).
- "123456" (partial) — white hatchback, minute 24; white car, minute 66; white hatchback, minute 119 (part 5, read once); white hatchback, minute 154.
- "79" (partial) — white hatchback, minute 51.

All of the above are single automatic reads from the video and have not been verified against any registry; the "123456" and "79" partials are of doubtful evidential value.

## 5. NOTABLE EVENTS

- Minute 104 — red car reversed back into its lane.
- Minutes 108, 112 — black car reversing in the intersection.
- Minute 113 — traffic light briefly turned red.
- Minute 121 — red car stationary in foreground then moving slightly.
- Minutes 185, 197, 198 — footage failed to process (no image data; re-submission recommended).
- Minute 187 — red open-top 4x4-style vehicle appeared.
- Minute 206 — police vehicle with flashing blue lights.
- Minute 210 — ambulance-type van with rear doors open near the right side.
- Minute 215 — person in bright orange/red clothing walking on the carriageway among moving traffic.
- Minute 266 — large dark-red/maroon van driving toward camera with rear doors open and interior light showing.
- Minute 269 — red fire tender with flashing blue/purple lights crossing the junction.
- Minute 274 — white ambulance-type van with red markings entering from the bottom.
- Minute 304 — group of two to three people standing around a stopped two-wheeler mid-junction.
- Minute 319 — small yellow backhoe/wheeled loader at bottom right.
- Minutes 350–351 — vehicle with flashing red/blue lights near the far left approach.
- Minute 353 — white SUV with blue roof light entering from the right.
- Minute 358 — dog on the carriageway.
- Minute 360 — pedestrian with a large purple/lilac bag crossed the right-hand carriageway on foot over ~10–35s.
- Minute 361 — loose cable/wire hanging across the road near the island (recurred minutes 427, 429, 446).
- Minute 383 — dark car partially visible parked at bottom of frame.
- Minute 415 — white cement mixer stopped mid-junction for ~25 seconds.
- Minute 424 — two people pushed a street-food cart marked "SAHU CHINESE" across the zebra.
- Minute 442 — stationary dark vehicle parked off to the right side throughout the minute.
- Minutes 462, 463, 466 — apparent emergency/official vehicles: vehicle with flashing blue lights up the left approach; white SUV/police-type vehicle with blue beacon; white sedan with blue and red roof beacons travelling right to left.
- Minutes 483–487 — yellow backhoe loader parked in a roadworks area on the right, driving off around minute 487.
- Minute 466 — dog on the crossing.
- Minute 514 — white car parked/stationary near centre-right throughout the minute.
- Minute 522 — three-wheeler parked near right-side buildings throughout the minute.
- Minute 535 — stationary water tanker trailer on the right carriageway throughout the minute.
- Minute 536 — small dog crossed the near zebra (~25s).
- Minute 556 — tractor-style loader/earthmover on the carriageway; minute 558 — earthmoving machine.
- Minute 558 — white MPV stopped at the near stop line with its front-left door open, person in dark clothing nearby.
- Minute 599 — apparent collision involving a white SUV around 14s.
- Minute 611 — brown dog crossed the carriageway via the pedestrian crossing (~50s).
- Minute 654 — ambulance with beacon apparently ran a red light.
- Minutes 666, 672 — white open-bed truck / concrete mixer carrying people in its bed.
- Minute 670 — blue three-wheeled cart parked kerbside throughout the minute.

## 6. CROWD AND CONGESTION

No traffic jams or blockages occurred at any point; traffic was described as free-flowing in every part. Pedestrian crowd build-ups on footpaths: roughly 20–50 people on the right footpath near the lit shops through minutes 200–224; crowds of ~20–30 at minute 235; 6–10 loiterers near white barricades at minute 249; standing groups of 3–8 near the right-side hoarding/bus shelter through minutes 250–268. Vehicle queues at red signals: groups of up to 15–20 two-wheelers waiting (minutes 695, 699 area); queues of two-wheelers, autos, a dark sedan and a white mini-truck at stop lines (minutes 667, 669, 671); a large pale-roofed bus briefly blocked the view (minute 248); a large dark bus briefly blocked the view (minute 319); an orange/yellow bus occupied the near crossing for the whole of minute 692; a blue open-body tipper stopped centre-foreground (minutes 718–719); a green refuse truck stationary in the foreground (minutes 286–287); a red bus stationary bottom centre (minutes 3–4).

## 7. TRAFFIC VIOLATIONS

- Minute 477 — white van/MPV stopped briefly on the zebra crossing.
- Minute 538 — multiple vehicles (a white car, a dark car and several autos) ran the red/amber signal.
- Minute 580 — near-side signal showing amber/red for much of the time yet largely unheeded by traffic.
- Minute 599 — apparent collision involving a white SUV (~14s).
- Minute 654 — ambulance with beacon apparently ran a red light.
- Helmetless riders: observed extensively from minute 200 onward (minutes 200–224 "many appearing unhelmeted"), minute 633, and by minute 673 "some helmetless"; few visible helmets also noted minutes 150–174.
- Minutes 254 onward — the "DELIGHT P1 RLVD" red-light-enforcement overlay was intermittently visible, indicating the camera operates in red-light-violation detection mode.

## 8. PATTERN OF ACTIVITY

The footage covers a full 12-hour cycle at a busy signalised Delhi-style junction. The busiest period was Saturday night, roughly minutes 175–249 (approximately 23:15–01:30), when two-wheeler traffic reached 15–25 per minute and pedestrian crowds of 20–50 gathered on the right footpath outside the lit shops. Traffic then lightened steadily through the small hours: minutes 275–499 were consistently light overnight traffic dominated by two-wheelers and yellow-and-green auto-rickshaws, with goods vehicles (tippers, mixers, container trucks) and intercity coaches prominent — consistent with overnight freight movement. From roughly minute 500 (05:19) activity gradually built again with morning commuters, cyclists, cycle-rickshaws and pedestrians returning, though volumes remained "light-to-moderate" through to the end of the footage (~08:15). The dominant vehicle types across the entire period were motorcycles/scooters (frequently two-up, increasingly helmetless after midnight) and yellow-and-green CNG auto-rickshaws, present in every single minute. A white hatchback entering from the left and exiting right at ~30 seconds was a near-constant recurrence across all 720 minutes. City buses of many liveries passed throughout. Rain/wet roads recurred in waves (early evening, late evening, overnight and pre-dawn). Signal phases cycled normally; the near-side signal showed amber/red for much of the night with compliance appearing weaker in the early hours.

## 9. QUIET PERIODS

The quietest stretches, with consistently light traffic and virtually no pedestrian activity, were:

- Minutes 275–349 (approximately 01:54–03:49): consistently light, free-flowing overnight traffic; pedestrians rare to absent (from minute 269 onward no pedestrians on foot were observed for a stretch).
- Minutes 350–449 (approximately 02:49–04:49): light pre-dawn traffic, pedestrians rare (single individuals only; one clear pedestrian at minute 360, one at minute 411).
- Minutes 450–499 (approximately 04:50–05:18): very light pre-dawn traffic; pedestrians rare and isolated.

No minute in the entire footage was completely devoid of traffic; even the quietest periods carried a steady flow of two-wheelers and auto-rickshaws.
==============================================================================

2026-09-03 04:49:02,218 - MainProcess - INFO - [cam14_stream-14] Done: {'camera_id': 'cam14_stream-14', 'segments': 0, 'failed': 0, 'skipped': 720, 'wall_seconds': 0.0, 'mean_segment_seconds': 0.0, 'mean_seek_seconds': 0.0, 'mean_vlm_seconds': 0.0, 'mean_azure_seconds': 0.0, 'mean_embed_seconds': 0.0, 'frames_sampled': 0, 'summary_seconds': 582.4, 'anchor': '2026-06-13T20:59:20.800000', 'anchor_confidence': 'ocr_verified'}
2026-09-03 04:49:03,532 - MainProcess - WARNING - [cam13_stream-13] Segment #156: frame seek failed, skipping
2026-09-03 04:49:03,533 - MainProcess - INFO - [cam13_stream-13] #156  63/627 ( 10.0%) | seg   0.00s = seek 49.09 (0f, 49.09s/frame) + vlm   0.00 + azure  0.00 + embed  0.00 | avg   9.26s | elapsed 0:09:43 | ETA 1:27:02
2026-09-03 04:49:04,143 - MainProcess - WARNING - [cam13_stream-13] Segment #155: frame seek failed, skipping
2026-09-03 04:49:04,143 - MainProcess - INFO - [cam13_stream-13] #155  64/627 ( 10.2%) | seg   0.00s = seek 66.71 (0f, 66.71s/frame) + vlm   0.00 + azure  0.00 + embed  0.00 | avg   9.12s | elapsed 0:09:43 | ETA 1:25:36
2026-09-03 04:49:13,261 - MainProcess - INFO - [AI->] https://openrouter.ai/api/v1/chat/completions z-ai/glm-5.3-flash (12 frames, max_tokens=2600)
2026-09-03 04:49:23,995 - MainProcess - INFO - [AI<-] z-ai/glm-5.3-flash ok in 60.7s | prompt_tok=15352 completion_tok=1016 cost=$0.0013478 | 3479 chars
2026-09-03 04:49:23,995 - MainProcess - INFO - [VLM] Response received. Content len: 3479, Thinking len: 518

================================================================================
🤖 [cam15_stream-15] SEGMENT VLM - #662 - 2026-06-14 08:01:57
================================================================================
Recorded 14-06-2026 (Sunday) 08:01:57 to 08:02:27 at Suvidhapark, camera cam15_stream-15. 1. SCENE The camera overlooks a signal-controlled road junction at Suvidhapark (camera legend "Suvidhapark P3 RLVD"). Two zebra crossings are visible - one across the near carriageway and one across the far arm - plus a traffic signal post on the right showing an amber/red aspect toward the camera's approach, and a red-and-white bollard on the kerb island. A building with a white wall and a small blue awning sits on the left. Lighting is full daylight, overcast/hazy conditions. 2. TRAFFIC AND PEOPLE Roughly 20 road users over the clip: about 6-7 two-wheelers (scooters and motorcycles, riders in dark, blue, red and white clothing, several carrying pillions), 3-4 yellow-and-green auto-rickshaws, 2-3 pedal cycle rickshaws, one white compact car, one dark-coloured car, one bicycle, and about 6-8 pedestrians/crossers including a man in a white t-shirt and jeans carrying an orange item crossing the near zebra at 0s, a man in a checkered shirt wheeling a bicycle across the near crossing at 23s, and a cyclist on the far left at 29s. 3. VEHICLES IDENTIFIED CONFIRMED: None identified. PROBABLE (unconfirmed): - White tall-boy compact hatchback, WagonR class (unconfirmed), crossing left-to-right mid-junction at 29s - rear/side angle, plate not legible at distance. - Dark (black/navy) sedan/car, class unconfirmable, entering bottom edge of frame at 36s - only the roof/bonnet visible before it leaves frame. - Yellow-and-green auto-rickshaws at 0s, 23s, 34-36s and 54s - a common type but no badge or plate readable (unconfirmed on any specific make). 4. REGISTRATIONS READ None legible. (No registration on any vehicle is readable at this distance/angle; all entries would be single automatic reads only, but none could be made.) 5. NOTABLE EVENTS None observed. All movement appears routine; no collisions, stops in lane, or suspicious behaviour seen. The man in the white t-shirt crossing at 0s and the man wheeling a bicycle at 23s cross during the amber/red phase for their carriageway but move steadily and clear the crossing. 6. CROWD AND CONGESTION None observed. The junction stays lightly trafficked; no queues or build-ups at any point. 7. TRAFFIC VIOLATIONS - Pedestrian in white t-shirt and dark jeans crossing the near zebra while the signal toward the camera shows amber/red, 0s. - Man in checkered shirt wheeling a bicycle across the near zebra against the amber/red phase, 23s. - Several two-wheelers (e.g. scooter with rider in dark clothing at 0s, motorcycle with blue-shirted rider at 4s) traverse the junction while the camera-facing signal shows amber/red; no helmets clearly resolvable on most riders at this distance. 8. PATTERN OF ACTIVITY The clip shows a quiet urban signalised junction with light, free-flowing traffic dominated by two-wheelers and auto-rickshaws moving in mixed directions across both arms. The early part (0-8s) is the busiest, with a cluster of scooters, motorcycles, pedestrians and a cycle rickshaw clearing the junction as the signal faces amber/red. Mid-clip (14-17s) the junction is essentially empty, then a second wave arrives around 23-36s - an auto-rickshaw, a white compact car and a dark car - before the scene empties again by 47s, with a final auto-rickshaw and scooter passing at 54s. Movement is continuous but sparse throughout; no single dominant direction. 9. QUIET PERIODS Approximately 14s to 20s and approximately 44s to 50s the junction is completely empty of moving traffic and pedestrians.
================================================================================

Batches:   0%|          | 0/1 [00:00<?, ?it/s]Batches: 100%|██████████| 1/1 [00:00<00:00, 24.64it/s]
2026-09-03 04:49:24,918 - MainProcess - INFO - ✅ Segment #662 stored in MongoDB
✅ Segment #662 from Camera cam15_stream-15 stored in MongoDB
2026-09-03 04:49:24,919 - MainProcess - INFO - [cam15_stream-15] segment 662 looks alert-worthy - asking z-ai/glm-5.3-flash
2026-09-03 04:49:24,919 - MainProcess - INFO - [AI->] https://openrouter.ai/api/v1/chat/completions z-ai/glm-5.3-flash (max_tokens=2000, prompt=4851 chars)
2026-09-03 04:49:26,834 - MainProcess - INFO - [AI<-] z-ai/glm-5.3-flash ok in 204.5s | prompt_tok=15352 completion_tok=977 cost=$0.0026761 | 4001 chars
2026-09-03 04:49:26,834 - MainProcess - INFO - [VLM] Response received. Content len: 4001, Thinking len: 0

================================================================================
🤖 [cam17_17_Rajkot_Bus_Port_CCTV] SEGMENT VLM - #589 - 2026-06-13 22:17:17
================================================================================
Recorded 13-06-2026 (Saturday) 22:17:17 to 22:17:47 at Rajkot Bus Port, camera cam17_17_Rajkot_Bus_Port_CCTV. 1. SCENE The camera ("1 CENTER") overlooks a paved forecourt and two-wheeler parking area at Rajkot Bus Port, adjacent to a shuttered shop unit on the right. Illuminated signage is visible: "HOTEL JK" (2nd floor, AC/non-AC rooms, rooms from 799/-), a "BUS EXIT ONLY" sign, a "COTTON" advertisement board with Gujarati text and contact numbers, and a government hospital directional sign. It is night; lighting is artificial and uneven, with strong headlight glare from the road on the left washing out parts of the scene. The footage is slightly hazy/low-contrast throughout. 2. TRAFFIC AND PEOPLE - Parked two-wheelers: approximately 8-10 motorcycles/scooters, mostly black, plus one white scooter, stationary throughout the clip. - Two people crouched/sitting at the planter edge near the shutter for the full 55 seconds: one in a pale pink/salmon long-sleeve top, one in dark clothing with a backpack, both looking at a mobile phone screen. A pair of sandals lies on the pavement beside them. - One person in dark clothing with a light shoulder bag standing near the parked scooters on the left, present throughout. - Pedestrians on the road/footpath to the left: a person in white clothing walking left at the start (0-5s); two people crossing near the signboard around 5-10s; a man in a light shirt on the phone near the planter around 10-15s; two men in light shirts standing by the roadside around 20-25s; two or three people standing/walking near the signboard from around 30s onward. - Vehicles passing on the road (left of frame): a motorcycle with headlight at 0-5s; a large bus passing left-to-right around 10-15s; a red/orange GSRTC bus around 20-25s; a red bus around 25-30s; a blue-and-white bus around 50-55s; several cars and motorcycles with headlights on in the background throughout, especially 30-55s. - Two people walking up the frame right past the shutter around 45-50s. 3. VEHICLES IDENTIFIED CONFIRMED: - GSRTC bus, red/orange livery with "GSRTC" legible on the side, travelling left to right on the road, seen around 20-25s. PROBABLE (unconfirmed): - White/blue intercity bus passing left to right around 10-15s (unconfirmed) - motion blur and rear/side angle, no operator markings legible. - Red bus, rear only, around 25-30s (unconfirmed) - rear-only view, no text legible. - Blue-and-white bus, side view, around 50-55s (unconfirmed) - distance and glare, no markings readable. - Multiple cars and motorcycles in the background road traffic, 30-55s (unconfirmed) - headlight glare, distance and darkness prevent any model or colour assessment. 4. REGISTRATIONS READ None legible. (Any plates present are too distant, angled or glare-obscured; all reads would be single automatic reads, not verified against any registry.) 5. NOTABLE EVENTS - Two individuals remain crouched together in the same spot by the planter for the entire clip, focused on a mobile phone, largely motionless - consistent with loitering in a dimly lit corner adjacent to a closed shutter; not in itself an offence but noteworthy. - No collisions, altercations, unattended bags or restricted-area access observed. 6. CROWD AND CONGESTION None observed. Pedestrian numbers remain low (roughly 4-7 visible at any time); road traffic flows freely. 7. TRAFFIC VIOLATIONS None observed. 8. PATTERN OF ACTIVITY The dominant activity is static: parked two-wheelers and a small group of people resting/loitering by the planter near the shuttered shop. The road to the left carries steady passing traffic - buses in the first half (10-30s), then more cars and motorcycles in the second half (30-55s). Pedestrians move intermittently along the road edge and footpath, with no single dominant direction. The scene changes little between early and late frames; the crouched pair and the parked vehicles are unchanged from start to finish. 9. QUIET PERIODS None observed - there is continuous background road traffic and pedestrian movement throughout, even though the foreground remains largely static.
================================================================================

Batches:   0%|          | 0/1 [00:00<?, ?it/s]Batches: 100%|██████████| 1/1 [00:00<00:00, 31.11it/s]
2026-09-03 04:49:27,750 - MainProcess - INFO - ✅ Segment #589 stored in MongoDB
✅ Segment #589 from Camera cam17_17_Rajkot_Bus_Port_CCTV stored in MongoDB
2026-09-03 04:49:27,750 - MainProcess - INFO - [cam17_17_Rajkot_Bus_Port_CCTV] segment 589 looks alert-worthy - asking z-ai/glm-5.3-flash
2026-09-03 04:49:27,751 - MainProcess - INFO - [AI->] https://openrouter.ai/api/v1/chat/completions z-ai/glm-5.3-flash (max_tokens=2000, prompt=5309 chars)
2026-09-03 04:49:29,637 - MainProcess - INFO - [AI<-] z-ai/glm-5.3-flash ok in 4.7s | prompt_tok=1253 completion_tok=7 cost=$9.1885e-05 | 14 chars returned
2026-09-03 04:49:29,637 - MainProcess - INFO - [cam15_stream-15] ✅ Segment #662 complete
2026-09-03 04:49:30,352 - MainProcess - INFO - [Memory] RAM: 12.6% | Process: 2.02GB | GPU: 9710/24564MB (39.5%)
2026-09-03 04:49:30,353 - MainProcess - INFO - [cam15_stream-15] #662  16/73 ( 21.9%) | seg 122.44s = seek 54.92 (12f, 4.58s/frame) + vlm  61.17 + azure  1.02 + embed  0.42 | avg  38.12s | elapsed 0:10:09 | ETA 0:36:12
2026-09-03 04:49:31,702 - MainProcess - INFO - [AI<-] z-ai/glm-5.3-flash ok in 4.0s | prompt_tok=1363 completion_tok=65 cost=$0.000114635 | 142 chars returned
2026-09-03 04:49:31,702 - MainProcess - INFO - [cam17_17_Rajkot_Bus_Port_CCTV] segment 589 -> 1 alert(s)
2026-09-03 04:49:31,703 - MainProcess - WARNING - [cam17_17_Rajkot_Bus_Port_CCTV] no VMS device id in camera_did_map.json - alert skipped: Two people loitering crouched by planter near closed shutter, phone-focused, full clip
2026-09-03 04:49:31,703 - MainProcess - INFO - [cam17_17_Rajkot_Bus_Port_CCTV] ✅ Segment #589 complete
2026-09-03 04:49:33,540 - MainProcess - INFO - [Memory] RAM: 12.8% | Process: 2.02GB | GPU: 8836/24564MB (36.0%)
2026-09-03 04:49:33,540 - MainProcess - INFO - [cam17_17_Rajkot_Bus_Port_CCTV] #589  20/144 ( 13.9%) | seg 265.17s = seek 52.53 (12f, 4.38s/frame) + vlm 204.97 + azure  1.31 + embed  0.41 | avg  30.61s | elapsed 0:10:12 | ETA 1:03:15
2026-09-03 04:49:35,935 - MainProcess - INFO - [AI->] https://openrouter.ai/api/v1/chat/completions z-ai/glm-5.3-flash (1 frames, max_tokens=40)
2026-09-03 04:49:37,339 - MainProcess - WARNING - [cam13_stream-13] Segment #157: frame seek failed, skipping
2026-09-03 04:49:38,220 - MainProcess - INFO - [AI<-] z-ai/glm-5.3-flash ok in 2.3s | prompt_tok=1442 completion_tok=15 cost=$0.0001119 | 22 chars
2026-09-03 04:49:38,295 - MainProcess - INFO - [Memory] RAM: 12.4% | Process: 2.05GB | GPU: 6850/24564MB (27.9%)
2026-09-03 04:49:38,295 - MainProcess - INFO - [cam13_stream-13] #157  65/627 ( 10.4%) | seg   0.00s = seek 50.51 (0f, 50.51s/frame) + vlm   0.00 + azure  0.00 + embed  0.00 | avg   9.51s | elapsed 0:10:18 | ETA 1:29:04
2026-09-03 04:49:39,545 - MainProcess - INFO - [AI->] https://openrouter.ai/api/v1/chat/completions z-ai/glm-5.3-flash (12 frames, max_tokens=2600)
2026-09-03 04:49:52,736 - MainProcess - INFO - [AI->] https://openrouter.ai/api/v1/chat/completions z-ai/glm-5.3-flash (1 frames, max_tokens=40)
2026-09-03 04:49:53,842 - MainProcess - WARNING - [cam13_stream-13] Segment #158: frame seek failed, skipping
2026-09-03 04:49:53,843 - MainProcess - INFO - [cam13_stream-13] #158  66/627 ( 10.5%) | seg   0.00s = seek 50.31 (0f, 50.31s/frame) + vlm   0.00 + azure  0.00 + embed  0.00 | avg   9.60s | elapsed 0:10:33 | ETA 1:29:45
2026-09-03 04:49:55,157 - MainProcess - INFO - [AI<-] z-ai/glm-5.3-flash ok in 2.4s | prompt_tok=1442 completion_tok=15 cost=$0.0001119 | 22 chars
2026-09-03 04:49:56,591 - MainProcess - INFO - [AI->] https://openrouter.ai/api/v1/chat/completions z-ai/glm-5.3-flash (12 frames, max_tokens=2600)
2026-09-03 04:50:00,667 - MainProcess - INFO - [AI<-] z-ai/glm-5.3-flash ok in 73.4s | prompt_tok=15352 completion_tok=1224 cost=$0.0013998 | 3267 chars
2026-09-03 04:50:00,668 - MainProcess - INFO - [VLM] Response received. Content len: 3267, Thinking len: 1292

================================================================================
🤖 [cam15_stream-15] SEGMENT VLM - #663 - 2026-06-14 08:02:57
================================================================================
Recorded 14-06-2026 (Sunday) 08:02:57 to 08:03:27 at Suvidhapark, camera cam15_stream-15. 1. SCENE The camera overlooks a signalised road junction at Suvidhapark (camera label "Suvidhapark P3 RLVD" on the overlay). Multiple zebra crossings meet at a wide asphalt intersection; a traffic signal pole stands on the right with a red/white bollard and chequered kerb. Lighting is even daylight, consistent with morning. Some frames show compression/pixelation artefacts. 2. TRAFFIC AND PEOPLE Light-to-moderate traffic flows through the junction in all directions. Visible over the clip: 3 green-and-yellow auto-rickshaws (0s, 10s, 55s), 1 black sedan (10s), 1 black compact SUV (25s), 1 white van (25 29s), 1 white hatchback (29s), 1 white sedan (55s), and roughly 8 10 two-wheelers (motorcycles and scooters) ridden by single riders or rider plus pillion, plus 1 cycle rickshaw (44s). All riders appear helmeted except one, noted in section 7. No pedestrians cross within the frame. 3. VEHICLES IDENTIFIED CONFIRMED: None identified. No badge or model marking is legible at this resolution and distance. PROBABLE (unconfirmed): - dark sedan, Honda City/Ciaz class (unconfirmed), turning left across the junction, 10s rear-only angle and motion blur prevent reading the badge. - black compact SUV, Creta/Seltos class (unconfirmed), crossing right to left, 25s rear silhouette suggests the family but the badge is not legible. - white boxy van, Omni/Eeco class (unconfirmed), entering from left edge, 25 29s small window count and boxy shape only; no markings legible. - white hatchback, i20/Baleno class (unconfirmed), crossing top of frame, 29s distant, tailgate unreadable. 4. REGISTRATIONS READ None legible. No registration plate in this clip is sharp enough to read; any figures would be single automatic reads only, not verified against any registry. 5. NOTABLE EVENTS None observed. Vehicles move steadily through the junction; no collision, near-miss, stopped vehicle, unattended object or restricted-area entry is visible. Brief pixelation/corruption of the image around 28s and 32 40s is a recording artefact, not an event on the road. 6. CROWD AND CONGESTION None observed. Traffic is free-flowing throughout; no queues or build-ups form at the stop line. 7. TRAFFIC VIOLATIONS - One rider in a white shirt on a white scooter crosses the near zebra at 55s wearing no helmet; all other riders appear helmeted. - No wrong-way driving, red-light jumping, three-on-a-two-wheeler or footpath riding is seen. 8. PATTERN OF ACTIVITY This is a working morning junction dominated by two-wheelers and auto-rickshaws, with a steady interchange of traffic in all directions rather than one dominant flow; vehicles cross the frame within 5 15 seconds of entering. Early frames (0 14s) show mostly two-wheelers and an auto leaving the frame; the middle of the clip (25 32s) is the busiest, with a black SUV, white van, white hatchback and scooters sharing the junction; the late frames (44 55s) thin out again to isolated scooters, a cycle rickshaw and a final auto and sedan. Flow stays continuous, with no signal-induced stop visible in the sampled frames. 9. QUIET PERIODS None observed. There is always at least one vehicle in motion in each frame, though the junction is noticeably emptier at 44s and 51s, with only a single scooter in view.
================================================================================

Batches:   0%|          | 0/1 [00:00<?, ?it/s]Batches: 100%|██████████| 1/1 [00:00<00:00, 21.91it/s]
2026-09-03 04:50:01,600 - MainProcess - INFO - ✅ Segment #663 stored in MongoDB
✅ Segment #663 from Camera cam15_stream-15 stored in MongoDB
2026-09-03 04:50:01,601 - MainProcess - INFO - [cam15_stream-15] segment 663 looks alert-worthy - asking z-ai/glm-5.3-flash
2026-09-03 04:50:01,601 - MainProcess - INFO - [AI->] https://openrouter.ai/api/v1/chat/completions z-ai/glm-5.3-flash (max_tokens=2000, prompt=4631 chars)
2026-09-03 04:50:02,190 - MainProcess - WARNING - [cam13_stream-13] Segment #159: frame seek failed, skipping
2026-09-03 04:50:02,191 - MainProcess - INFO - [cam13_stream-13] #159  67/627 ( 10.7%) | seg   0.00s = seek 58.05 (0f, 58.05s/frame) + vlm   0.00 + azure  0.00 + embed  0.00 | avg   9.58s | elapsed 0:10:41 | ETA 1:29:25
2026-09-03 04:50:09,321 - MainProcess - INFO - [AI<-] z-ai/glm-5.3-flash ok in 7.7s | prompt_tok=1199 completion_tok=43 cost=$9.6835e-05 | 113 chars returned
2026-09-03 04:50:09,321 - MainProcess - INFO - [cam15_stream-15] segment 663 -> 1 alert(s)
2026-09-03 04:50:09,321 - MainProcess - WARNING - [cam15_stream-15] no VMS device id in camera_did_map.json - alert skipped: No-helmet rider on white scooter crossing near zebra at 55s
2026-09-03 04:50:09,325 - MainProcess - INFO - [cam15_stream-15] ✅ Segment #663 complete
2026-09-03 04:50:10,722 - MainProcess - INFO - [Memory] RAM: 12.6% | Process: 2.12GB | GPU: 6843/24564MB (27.9%)
2026-09-03 04:50:10,722 - MainProcess - INFO - [cam15_stream-15] #663  17/73 ( 23.3%) | seg 157.10s = seek 73.30 (12f, 6.11s/frame) + vlm  73.94 + azure  1.19 + embed  0.43 | avg  38.25s | elapsed 0:10:50 | ETA 0:35:42
2026-09-03 04:50:11,621 - MainProcess - INFO - [AI<-] z-ai/glm-5.3-flash ok in 32.1s | prompt_tok=15352 completion_tok=938 cost=$0.0026566 | 3975 chars
2026-09-03 04:50:11,621 - MainProcess - INFO - [VLM] Response received. Content len: 3975, Thinking len: 0

================================================================================
🤖 [cam17_17_Rajkot_Bus_Port_CCTV] SEGMENT VLM - #594 - 2026-06-13 22:22:17
================================================================================
Recorded 13-06-2026 (Saturday) 22:22:17 to 22:22:47 at Rajkot Bus Port, camera cam17_17_Rajkot_Bus_Port_CCTV. 1. SCENE The camera ("1 CENTER") overlooks a paved forecourt/parking area at Rajkot Bus Port, adjacent to a shopfront with a closed metal shutter on the right. Signage visible includes "HOTEL JK" (2nd floor, rooms from 799/-), a "BUS EXIT ONLY" sign, and a "COTTON" advertisement board. A public road with passing traffic runs along the left. It is night; the scene is lit by street lighting and vehicle headlights, with some glare and motion blur. Road surface appears damp/reflective. 2. TRAFFIC AND PEOPLE - Parked two-wheelers: approximately 8-10 motorcycles and scooters, mostly black, plus one white scooter and one white-and-black scooter, stationary throughout. - Road traffic: several motorcycles with headlamps on passing left to right early in the clip (0-15s); a white car passing right to left around 5-10s; a large pink/white GSRTC "SLEEPER COACH" bus entering from the left around 45-50s and crossing the frame left to right, followed by a second white bus with orange/blue livery around 50-55s. - People: two to three persons crouched/sitting at the planter edge centre-right for the whole clip, one wearing a distinctive pale pink/salmon long-sleeve top, one in dark clothing with a backpack; a pair of sandals lies on the pavement beside them. A man in a light shirt walks among the parked bikes from around 30s, handling a motorcycle near the bottom of frame. Other pedestrians pass on the left roadway, including a man in white clothing around 35-40s and a man in dark clothing around 40-45s. 3. VEHICLES IDENTIFIED CONFIRMED: - GSRTC sleeper-coach bus, white with pink/maroon livery, "GSRTC" and "SLEEPER COACH" legible on the body, travelling left to right on the roadway, seen around 45-52s. PROBABLE (unconfirmed): - White compact car, hatchback/sedan class (unconfirmed), travelling right to left on the roadway around 5-10s; headlight glare and distance prevent confirmation. - White bus with orange and blue stripes, intercity coach class (unconfirmed), travelling left to right around 50-55s; rear/side angle and darkness prevent reading of operator or model. - Multiple motorcycles on the roadway, various colours (unconfirmed), 0-15s; headlight glare and motion blur. 4. REGISTRATIONS READ None legible. All plates on parked two-wheelers and passing vehicles are either angled away, too small, or washed out by glare. Any registration-like text visible is a single automatic read at best and not verified against any registry. 5. NOTABLE EVENTS - Throughout the clip (0-55s), a small group including a person in a pale pink top remains crouched low at the planter edge in a shadowed area beside the closed shutter, largely motionless. This reads as loitering in a dim, unobserved corner; the pair of sandals on the pavement beside them is noted. No offence is visible, but the location and posture are alert-worthy for follow-up. - Around 30-50s a man moves among the parked motorcycles and appears to handle/manoeuvre one of them; possibly a rider retrieving his bike, but worth noting given the adjacent loitering group. 6. CROWD AND CONGESTION None observed. Roadway flows freely; the forecourt holds only the parked two-wheelers and a handful of pedestrians. 7. TRAFFIC VIOLATIONS None observed. 8. PATTERN OF ACTIVITY The dominant activity is steady, light traffic on the roadway to the left, mostly two-wheelers early on, building to two full-size buses passing in the final ten seconds, all travelling left to right except one early car. The forecourt itself is static: parked bikes do not move, and the only changes are individual pedestrians crossing and one man interacting with a parked motorcycle in the latter half. The crouched group by the planter is present from the first frame to the last with no significant change. Overall a quiet night-time scene with no build-up of traffic or people. 9. QUIET PERIODS None observed - there is continuous movement on the roadway or among the parked bikes throughout the 55 seconds.
================================================================================

Batches:   0%|          | 0/1 [00:00<?, ?it/s]Batches: 100%|██████████| 1/1 [00:00<00:00, 35.38it/s]
2026-09-03 04:50:12,542 - MainProcess - INFO - ✅ Segment #594 stored in MongoDB
✅ Segment #594 from Camera cam17_17_Rajkot_Bus_Port_CCTV stored in MongoDB
2026-09-03 04:50:12,543 - MainProcess - INFO - [cam17_17_Rajkot_Bus_Port_CCTV] segment 594 looks alert-worthy - asking z-ai/glm-5.3-flash
2026-09-03 04:50:12,543 - MainProcess - INFO - [AI->] https://openrouter.ai/api/v1/chat/completions z-ai/glm-5.3-flash (max_tokens=2000, prompt=5309 chars)
2026-09-03 04:50:16,097 - MainProcess - INFO - [AI<-] z-ai/glm-5.3-flash ok in 3.6s | prompt_tok=1322 completion_tok=56 cost=$0.0002263 | 164 chars returned
2026-09-03 04:50:16,097 - MainProcess - INFO - [cam17_17_Rajkot_Bus_Port_CCTV] segment 594 -> 1 alert(s)
2026-09-03 04:50:16,097 - MainProcess - WARNING - [cam17_17_Rajkot_Bus_Port_CCTV] no VMS device id in camera_did_map.json - alert skipped: Group crouched loitering in shadowed corner by planter, sandals on pavement; man handling 
2026-09-03 04:50:16,098 - MainProcess - INFO - [cam17_17_Rajkot_Bus_Port_CCTV] ✅ Segment #594 complete
2026-09-03 04:50:18,265 - MainProcess - INFO - [Memory] RAM: 13.1% | Process: 2.02GB | GPU: 9072/24564MB (36.9%)
2026-09-03 04:50:18,265 - MainProcess - INFO - [cam17_17_Rajkot_Bus_Port_CCTV] #594  21/144 ( 14.6%) | seg 102.12s = seek 61.95 (12f, 5.16s/frame) + vlm  32.58 + azure  1.18 + embed  0.42 | avg  31.28s | elapsed 0:10:56 | ETA 1:04:07
2026-09-03 04:50:26,534 - MainProcess - INFO - [AI->] https://openrouter.ai/api/v1/chat/completions z-ai/glm-5.3-flash (1 frames, max_tokens=40)
2026-09-03 04:50:30,049 - MainProcess - INFO - [AI<-] z-ai/glm-5.3-flash ok in 76.8s | prompt_tok=15352 completion_tok=1169 cost=$0.00138605 | 3798 chars
2026-09-03 04:50:30,049 - MainProcess - INFO - [VLM] Response received. Content len: 3798, Thinking len: 1030

================================================================================
🤖 [cam15_stream-15] SEGMENT VLM - #664 - 2026-06-14 08:03:57
================================================================================
Recorded 14-06-2026 (Sunday) 08:03:57 to 08:04:27 at Suvidhapark, camera cam15_stream-15. 1. SCENE The camera overlooks a wide signalised road junction at Suvidhapark (camera label "Suvidhapark P3 RLVD"), with zebra crossings on the approaches, a traffic signal pole on the right island, and buildings/shops on the left corner. Conditions are daylight, overcast/hazy, with good visibility of the whole junction. The signal head on the right shows red/amber phases at various points; this is a red-light-violation-detection (RLVD) camera position. 2. TRAFFIC AND PEOPLE Traffic is mixed and moderate: auto-rickshaws (yellow-and-green, at least three), a white van, several white cars, one dark/black car and a dark SUV, a blue-and-white tractor towing a green tanker trailer, and numerous two-wheelers (scooters and motorcycles, colours including silver, red, white and dark). Two riders are seen on one scooter at the start. Two pedestrians appear: one in dark clothing carrying a white bag crossing the carriageway on foot (25s 34s), and a cyclist in light clothing near the left crossing at 15s. 3. VEHICLES IDENTIFIED CONFIRMED None identified. PROBABLE (unconfirmed) - White van (auto-rickshaw/van class), top of frame exiting right, 0s (unconfirmed distance, rear-only angle). - Dark compact SUV, Creta/Seltos class (unconfirmed), crossing left to right through the junction, 15s distance and motion blur. - Dark sedan, mid-size class (unconfirmed), crossing the junction, 10s and again a black sedan turning across, 49s rear/three-quarter angle only. - Dark SUV on the zebra crossing, 34s (unconfirmed heavy compression artefacts, plate illegible). - Blue tractor with white canopy towing a green water tanker, entering from bottom left and travelling away up the road, 39s 49s (unconfirmed rear angle, no badge legible). - White sedan, Dzire/Aura class (unconfirmed), crossing right side of junction, 25s distance and angle. 4. REGISTRATIONS READ None legible. (A plate is visible on the dark SUV at 34s but is too blurred/compressed to read; these would in any case be single automatic reads, not verified against any registry.) 5. NOTABLE EVENTS - 25s 34s: a pedestrian in dark clothing carrying a white bag walks across the carriageway well outside the marked zebra crossings, weaving between moving two-wheelers and cars alert-worthy jaywalking. - 34s: a dark SUV is stationary/moving on the pedestrian zebra crossing while the signal shows red/amber on this approach possible red-light running, captured by the RLVD camera. - 39s 44s: the tractor with tanker trailer crosses the junction on a red/amber indication possible red-light violation by an agricultural vehicle. - 53s: the frame shows severe pixelation/corruption affecting the upper half of the image a recording or transmission fault worth noting for evidential continuity. 6. CROWD AND CONGESTION None observed. Traffic flows freely throughout; no queues or jams build up. 7. TRAFFIC VIOLATIONS - 34s: dark SUV on the zebra crossing against a red/amber signal. - 39s 44s: tractor with tanker trailer crossing the junction on a red/amber signal. - 25s 34s: pedestrian crossing outside the zebra crossing. - 0s: scooter carrying two riders (pillion present); helmets not discernible at this distance. 8. PATTERN OF ACTIVITY The dominant movement is two-wheelers and auto-rickshaws crossing the junction in all directions, with occasional cars. In the early seconds traffic is sparse and mostly turning or crossing at speed; the middle of the clip sees the heaviest mixing of pedestrians, two-wheelers and cars; the later part brings larger slow vehicles (the tractor-trailer) through the junction. The clip ends with heavy image corruption, so activity after about 49s cannot be reliably assessed. 9. QUIET PERIODS None observed vehicles are present or crossing in every sampled frame.
================================================================================

Batches:   0%|          | 0/1 [00:00<?, ?it/s]Batches: 100%|██████████| 1/1 [00:00<00:00, 33.04it/s]
2026-09-03 04:50:30,972 - MainProcess - INFO - ✅ Segment #664 stored in MongoDB
✅ Segment #664 from Camera cam15_stream-15 stored in MongoDB
2026-09-03 04:50:30,973 - MainProcess - INFO - [cam15_stream-15] segment 664 looks alert-worthy - asking z-ai/glm-5.3-flash
2026-09-03 04:50:30,973 - MainProcess - INFO - [AI->] https://openrouter.ai/api/v1/chat/completions z-ai/glm-5.3-flash (max_tokens=2000, prompt=5148 chars)
2026-09-03 04:50:31,261 - MainProcess - INFO - [AI->] https://openrouter.ai/api/v1/chat/completions z-ai/glm-5.3-flash (12 frames, max_tokens=2600)
2026-09-03 04:50:35,218 - MainProcess - INFO - [AI<-] z-ai/glm-5.3-flash ok in 4.2s | prompt_tok=1274 completion_tok=101 cost=$0.0002416 | 341 chars returned
2026-09-03 04:50:35,218 - MainProcess - INFO - [cam15_stream-15] segment 664 -> 3 alert(s)
2026-09-03 04:50:35,218 - MainProcess - WARNING - [cam15_stream-15] no VMS device id in camera_did_map.json - alert skipped: Dark SUV on zebra crossing against red/amber signal (34s)
2026-09-03 04:50:35,218 - MainProcess - WARNING - [cam15_stream-15] no VMS device id in camera_did_map.json - alert skipped: Tractor with tanker trailer crossing junction on red/amber (39-44s)
2026-09-03 04:50:35,218 - MainProcess - WARNING - [cam15_stream-15] no VMS device id in camera_did_map.json - alert skipped: Pedestrian crossing carriageway outside zebra, weaving through traffic (25-34s)
2026-09-03 04:50:35,219 - MainProcess - INFO - [cam15_stream-15] ✅ Segment #664 complete
2026-09-03 04:50:35,221 - MainProcess - INFO - [cam15_stream-15] #664  18/73 ( 24.7%) | seg 129.74s = seek 46.49 (12f, 3.87s/frame) + vlm  77.29 + azure  1.09 + embed  0.42 | avg  37.49s | elapsed 0:11:14 | ETA 0:34:21
2026-09-03 04:50:39,025 - MainProcess - INFO - [AI<-] z-ai/glm-5.3-flash ok in 12.5s | prompt_tok=1442 completion_tok=15 cost=$0.0002238 | 22 chars
2026-09-03 04:50:40,527 - MainProcess - INFO - [AI->] https://openrouter.ai/api/v1/chat/completions z-ai/glm-5.3-flash (12 frames, max_tokens=2600)
2026-09-03 04:50:45,018 - MainProcess - WARNING - [cam13_stream-13] Segment #161: frame seek failed, skipping
2026-09-03 04:50:46,273 - MainProcess - WARNING - [cam13_stream-13] Segment #160: frame seek failed, skipping
2026-09-03 04:50:46,445 - MainProcess - INFO - [Memory] RAM: 12.6% | Process: 2.06GB | GPU: 7223/24564MB (29.4%)
2026-09-03 04:50:46,445 - MainProcess - INFO - [cam13_stream-13] #161  68/627 ( 10.8%) | seg   0.00s = seek 51.18 (0f, 51.18s/frame) + vlm   0.00 + azure  0.00 + embed  0.00 | avg  10.09s | elapsed 0:11:26 | ETA 1:34:01
2026-09-03 04:50:46,445 - MainProcess - INFO - [cam13_stream-13] #160  69/627 ( 11.0%) | seg   0.00s = seek 68.93 (0f, 68.93s/frame) + vlm   0.00 + azure  0.00 + embed  0.00 | avg   9.95s | elapsed 0:11:26 | ETA 1:32:29
2026-09-03 04:50:54,828 - MainProcess - WARNING - [cam13_stream-13] Segment #162: frame seek failed, skipping
2026-09-03 04:50:54,828 - MainProcess - INFO - [cam13_stream-13] #162  70/627 ( 11.2%) | seg   0.00s = seek 52.64 (0f, 52.64s/frame) + vlm   0.00 + azure  0.00 + embed  0.00 | avg   9.92s | elapsed 0:11:34 | ETA 1:32:07
2026-09-03 04:50:58,766 - MainProcess - INFO - [AI<-] z-ai/glm-5.3-flash ok in 62.2s | prompt_tok=15352 completion_tok=994 cost=$0.0026846 | 4070 chars
2026-09-03 04:50:58,767 - MainProcess - INFO - [VLM] Response received. Content len: 4070, Thinking len: 0

================================================================================
🤖 [cam17_17_Rajkot_Bus_Port_CCTV] SEGMENT VLM - #595 - 2026-06-13 22:23:17
================================================================================
Recorded 13-06-2026 (Saturday) 22:23:17 to 22:23:47 at Rajkot Bus Port, camera cam17_17_Rajkot_Bus_Port_CCTV. 1. SCENE The camera ("1 CENTER") overlooks a covered walkway/parking bay at Rajkot Bus Port, with a row of parked two-wheelers in the foreground, a shuttered shop front on the right, and the public road/bus exit lane on the left. Illuminated signage is visible: "HOTEL JK" (2nd floor, rooms from 799/-), a "BUS EXIT ONLY" sign, and a Gujarati advertisement board ("COTTON", Mo. 87339 29701 / 702). It is night; lighting is artificial streetlight and shop signage, with heavy glare and lens flare from a bright lamp on the left. The road surface appears wet, suggesting recent rain. 2. TRAFFIC AND PEOPLE - Approximately 8 10 parked two-wheelers (motorcycles and scooters, mostly black, one white scooter, one with yellow-green accents) remain stationary throughout the clip. - Two to three people crouch/sit on the kerb planter on the right side throughout, one wearing a distinctive peach/salmon-coloured long-sleeve top; they appear to be looking at a mobile phone. A pair of sandals lies on the pavement beside them. - A man in dark clothing walks along the road at the start (0s), exiting left. - A rider on a motorcycle with headlight on moves through the parking area around 5 10s, then dismounts; a man in a dark shirt and light jeans is seen walking among the parked bikes from about 30s onward, handling a bike and looking at a phone by 45 50s. - A pedestrian in a white t-shirt crosses the left area around 15s. - Road traffic on the left: several motorcycles with headlights on pass through 10 25s, a white/light car around 15 20s, an auto-rickshaw around 50s, and a large blue-and-white bus (GSRTC-style livery, "GSRTC" text visible) enters from the left and crosses the frame about 50 55s. 3. VEHICLES IDENTIFIED CONFIRMED: - GSRTC public transport bus, blue and white livery, "GSRTC" legible on the body, travelling left to right across the road lane, seen about 50 55s. Registration not legible. None identified otherwise. PROBABLE (unconfirmed): - White/light-coloured small car, hatchback class (unconfirmed), about 15 20s rear-only view, headlight glare and distance prevent confirmation. - Black motorcycle ridden slowly through the parking bay, about 5 10s (unconfirmed) motion blur and darkness. - Auto-rickshaw, three-wheeler, about 50s (unconfirmed) distant, headlight glare. 4. REGISTRATIONS READ None legible. (Any plates present are too distant, angled or glare-obscured; all reads would be single automatic reads, not verified against any registry.) 5. NOTABLE EVENTS - A group of two to three people remain crouched in the same spot by the planter for the full 55 seconds, focused on a mobile phone, with footwear removed and left on the pavement consistent with loitering; flag for attention (throughout, notably 0 55s). - A motorcycle is ridden slowly through the parked-vehicle bay rather than the carriageway, around 5 10s possible improper riding in a parking/footpath area. - No collisions, aggression or theft observed. 6. CROWD AND CONGESTION None observed. Pedestrian and vehicle numbers remain low throughout. 7. TRAFFIC VIOLATIONS - Motorcycle ridden through the parked-bike bay/walkway rather than the road, around 5 10s. - No helmetless riders clearly observable; no wrong-way driving or signal violations observed. 8. PATTERN OF ACTIVITY This is a quiet night-time scene dominated by stationary parked two-wheelers and a small group of people loitering at the planter on the right, who do not move for the entire clip. The left carriageway carries light, intermittent traffic motorcycles, a car, an auto-rickshaw mostly travelling away from the camera toward the bus exit. The main change across the clip is the arrival of a man on foot among the parked bikes around 30s, who remains there handling a bike and checking his phone, and the passage of a GSRTC bus across the frame in the final seconds, the only large vehicle of the clip. 9. QUIET PERIODS None observed there is always some movement (road traffic, pedestrians or the loitering group shifting position), though activity is consistently low.
================================================================================

Batches:   0%|          | 0/1 [00:00<?, ?it/s]Batches: 100%|██████████| 1/1 [00:00<00:00, 17.60it/s]
2026-09-03 04:50:59,707 - MainProcess - INFO - ✅ Segment #595 stored in MongoDB
✅ Segment #595 from Camera cam17_17_Rajkot_Bus_Port_CCTV stored in MongoDB
2026-09-03 04:50:59,708 - MainProcess - INFO - [cam17_17_Rajkot_Bus_Port_CCTV] segment 595 looks alert-worthy - asking z-ai/glm-5.3-flash
2026-09-03 04:50:59,708 - MainProcess - INFO - [AI->] https://openrouter.ai/api/v1/chat/completions z-ai/glm-5.3-flash (max_tokens=2000, prompt=5309 chars)
2026-09-03 04:51:03,418 - MainProcess - INFO - [AI<-] z-ai/glm-5.3-flash ok in 3.7s | prompt_tok=1356 completion_tok=75 cost=$0.0002409 | 216 chars returned
2026-09-03 04:51:03,419 - MainProcess - INFO - [cam17_17_Rajkot_Bus_Port_CCTV] segment 595 -> 2 alert(s)
2026-09-03 04:51:03,419 - MainProcess - WARNING - [cam17_17_Rajkot_Bus_Port_CCTV] no VMS device id in camera_did_map.json - alert skipped: Group loitering at planter, footwear removed, stationary 0-55s
2026-09-03 04:51:03,419 - MainProcess - WARNING - [cam17_17_Rajkot_Bus_Port_CCTV] no VMS device id in camera_did_map.json - alert skipped: Motorcycle ridden through parked-bike bay/walkway ~5-10s
2026-09-03 04:51:03,420 - MainProcess - INFO - [cam17_17_Rajkot_Bus_Port_CCTV] ✅ Segment #595 complete
2026-09-03 04:51:04,160 - MainProcess - INFO - [Memory] RAM: 12.6% | Process: 2.09GB | GPU: 6756/24564MB (27.5%)
2026-09-03 04:51:04,160 - MainProcess - INFO - [cam17_17_Rajkot_Bus_Port_CCTV] #595  22/144 ( 15.3%) | seg 133.30s = seek 62.60 (12f, 5.22s/frame) + vlm  62.68 + azure  1.28 + embed  0.44 | avg  31.94s | elapsed 0:11:42 | ETA 1:04:57
2026-09-03 04:51:10,429 - MainProcess - INFO - [AI<-] z-ai/glm-5.3-flash ok in 29.9s | prompt_tok=15352 completion_tok=812 cost=$0.0027088 | 3449 chars
2026-09-03 04:51:10,429 - MainProcess - INFO - [VLM] Response received. Content len: 3449, Thinking len: 0

================================================================================
🤖 [cam17_17_Rajkot_Bus_Port_CCTV] SEGMENT VLM - #596 - 2026-06-13 22:24:17
================================================================================
Recorded 13-06-2026 (Saturday) 22:24:17 to 22:24:47 at Rajkot Bus Port, camera cam17_17_Rajkot_Bus_Port_CCTV. 1. SCENE The camera ("1 CENTER") overlooks a covered walkway and two-wheeler parking bay at Rajkot Bus Port, with a view out onto the public road to the left. It is night; the scene is lit by a bright streetlight and illuminated shop signage ("HOTEL JK", "COTTON" hoarding, "BUS EXIT ONLY" sign). The road surface appears wet, suggesting recent rain, with strong glare and reflections. 2. TRAFFIC AND PEOPLE - Parked two-wheelers: approximately 10 12 motorcycles and scooters, mostly black, plus at least one white scooter, stationary throughout the clip. - One person in dark clothing seated among the parked bikes, present from the start, moving slightly around 30s. - Two people crouched/sitting on the kerb at the right edge of the parking bay for the full 55 seconds: one in a pale pink/salmon long-sleeved top, one in dark clothing with a backpack. They remain in the same spot throughout, heads down, apparently handling something on the ground. A pair of sandals lies on the pavement beside them. - On the road: an auto-rickshaw passing left to right around 5 10s; a motorcycle with rider around 25s; a white GSRTC bus entering from the left around 30s and moving slowly right, still visible at 45s; a second white bus entering from the left around 50s; several distant motorcycles and cars with headlights on throughout. 3. VEHICLES IDENTIFIED CONFIRMED: - GSRTC (Gujarat State Road Transport Corporation) white public service bus, legible "GSRTC" livery and logo, entering from left and travelling right along the road, seen 30s 45s. PROBABLE (unconfirmed): - White intercity coach/luxury bus, unknown operator (unconfirmed), 30s 45s GSRTC lettering readable but model and operator service not verifiable at this angle and glare. - White city bus, second vehicle (unconfirmed), 50s rear/side only, partially cut off by frame edge, no livery legible. - Black-and-yellow auto-rickshaw (unconfirmed), 5 10s motion blur and headlight glare. 4. REGISTRATIONS READ None legible. All plates on parked two-wheelers and passing vehicles are either too distant, angled away, or washed out by glare. Any registration noted would be a single automatic read, not verified against any registry. 5. NOTABLE EVENTS - Two individuals crouch motionless at the kerb edge beside the parking bay for the entire 55 seconds, heads down over an object or bag on the ground, never standing or moving off. This prolonged stationary behaviour in a low-light corner adjacent to parked motorcycles is flagged as loitering/suspicious contact warranting review (throughout, 0s 55s). - No collision, theft act, or aggression is directly visible. 6. CROWD AND CONGESTION None observed. Pedestrian and road traffic remain light throughout. 7. TRAFFIC VIOLATIONS None observed. 8. PATTERN OF ACTIVITY The dominant activity is static: a full two-wheeler parking bay and two seated individuals who do not move for the whole clip. Road traffic on the left is light and steady autos, bikes and cars passing with the notable change being the passage of two white buses in the second half of the clip (from ~30s), consistent with bus port departures or arrivals at night. Nothing in the traffic pattern changed materially between early and late frames; the only constant anomaly is the unmoving pair at the kerb. 9. QUIET PERIODS None observed road traffic and headlight movement continue throughout, and the parked-bay scene is occupied from start to finish.
================================================================================

Batches:   0%|          | 0/1 [00:00<?, ?it/s]Batches: 100%|██████████| 1/1 [00:00<00:00, 11.99it/s]
2026-09-03 04:51:11,400 - MainProcess - INFO - ✅ Segment #596 stored in MongoDB
✅ Segment #596 from Camera cam17_17_Rajkot_Bus_Port_CCTV stored in MongoDB
2026-09-03 04:51:11,401 - MainProcess - INFO - [cam17_17_Rajkot_Bus_Port_CCTV] segment 596 looks alert-worthy - asking z-ai/glm-5.3-flash
2026-09-03 04:51:11,401 - MainProcess - INFO - [AI->] https://openrouter.ai/api/v1/chat/completions z-ai/glm-5.3-flash (max_tokens=2000, prompt=4847 chars)
2026-09-03 04:51:13,405 - MainProcess - INFO - [AI<-] z-ai/glm-5.3-flash ok in 2.0s | prompt_tok=1204 completion_tok=41 cost=$0.00010055 | 155 chars returned
2026-09-03 04:51:13,405 - MainProcess - INFO - [cam17_17_Rajkot_Bus_Port_CCTV] segment 596 alert suppressed (cooldown): Two individuals crouched at kerb beside parking bay for full clip, heads down over object on ground
2026-09-03 04:51:13,405 - MainProcess - INFO - [cam17_17_Rajkot_Bus_Port_CCTV] ✅ Segment #596 complete
2026-09-03 04:51:13,411 - MainProcess - INFO - [cam17_17_Rajkot_Bus_Port_CCTV] #596  23/144 ( 16.0%) | seg 101.71s = seek 54.82 (12f, 4.57s/frame) + vlm  30.41 + azure  1.35 + embed  0.47 | avg  30.96s | elapsed 0:11:51 | ETA 1:02:25
2026-09-03 04:51:18,642 - MainProcess - INFO - [AI->] https://openrouter.ai/api/v1/chat/completions z-ai/glm-5.3-flash (1 frames, max_tokens=40)
2026-09-03 04:51:20,553 - MainProcess - INFO - [AI->] https://openrouter.ai/api/v1/chat/completions z-ai/glm-5.3-flash (12 frames, max_tokens=2600)
2026-09-03 04:51:26,816 - MainProcess - INFO - [AI<-] z-ai/glm-5.3-flash ok in 8.2s | prompt_tok=1442 completion_tok=15 cost=$0.0001119 | 22 chars
2026-09-03 04:51:28,761 - MainProcess - INFO - [AI->] https://openrouter.ai/api/v1/chat/completions z-ai/glm-5.3-flash (12 frames, max_tokens=2600)
2026-09-03 04:51:36,573 - MainProcess - WARNING - [cam13_stream-13] Segment #163: frame seek failed, skipping
2026-09-03 04:51:36,931 - MainProcess - INFO - [AI->] https://openrouter.ai/api/v1/chat/completions z-ai/glm-5.3-flash (12 frames, max_tokens=2600)
2026-09-03 04:51:37,436 - MainProcess - INFO - [Memory] RAM: 12.5% | Process: 2.07GB | GPU: 6854/24564MB (27.9%)
2026-09-03 04:51:37,436 - MainProcess - INFO - [cam13_stream-13] #163  71/627 ( 11.3%) | seg   0.00s = seek 51.55 (0f, 51.55s/frame) + vlm   0.00 + azure  0.00 + embed  0.00 | avg  10.38s | elapsed 0:12:17 | ETA 1:36:13
2026-09-03 04:51:44,374 - MainProcess - WARNING - [cam13_stream-13] Segment #164: frame seek failed, skipping
2026-09-03 04:51:44,375 - MainProcess - INFO - [cam13_stream-13] #164  72/627 ( 11.5%) | seg   0.00s = seek 58.10 (0f, 58.10s/frame) + vlm   0.00 + azure  0.00 + embed  0.00 | avg  10.34s | elapsed 0:12:24 | ETA 1:35:36
2026-09-03 04:51:44,612 - MainProcess - INFO - [AI<-] z-ai/glm-5.3-flash ok in 24.1s | prompt_tok=15352 completion_tok=1159 cost=$0.0028823 | 4564 chars
2026-09-03 04:51:44,612 - MainProcess - INFO - [VLM] Response received. Content len: 4564, Thinking len: 207

================================================================================
🤖 [cam15_stream-15] SEGMENT VLM - #666 - 2026-06-14 08:05:57
================================================================================
Recorded 14-06-2026 (Sunday) 08:05:57 to 08:06:27 at Suvidhapark, camera cam15_stream-15. 1. SCENE The camera overlooks a signalised road junction at Suvidhapark (camera label "Suvidhapark P3 RLVD" visible bottom right). Zebra crossings span the foreground and left side; a traffic signal pole with a red/white bollard stands on the right kerb. Lighting is bright daylight with long shadows, consistent with morning. The signal facing this approach shows amber/red throughout. 2. TRAFFIC AND PEOPLE - 0s: one rider in a white shirt on a dark scooter moving away from camera through the junction; another two-wheeler visible far top right. - ~6s: a woman in a light green/turquoise saree enters from the left and crosses the road on foot toward the far side, exiting view by ~20s. - ~11s: a white bus with advertising on its rear (text "BHARAT BENZ" legible on the rear) crosses the junction away from camera; a green-and-yellow auto-rickshaw crosses left to right; another auto at top right. - ~17s: a rider in blue on a motorcycle crosses away from camera; a second motorcycle with rider in dark clothing enters from the left foreground crossing; a green goods-carrying auto-rickshaw crosses left to right. - ~20s: two riders on a white scooter cross left to right; a yellow-and-green auto-rickshaw on the right with pedestrians beside it; a man with a backpack walks on the right footpath; another scooter in the left foreground. - ~25s: several scooters/motorcycles crossing in both directions, including a red scooter. - ~31s: a cluster of motorcycles and scooters crossing, including a blue motorcycle; heavy motion blur. - ~33s: a white/maroon vintage-style car crosses left to right; a scooter behind it. - ~40s: a dark (black/dark grey) sedan enters from the bottom right and stops near the stop line facing away from camera; a yellow-green auto at top right. - ~45s: the sedan remains stationary; two motorcycles and a scooter with two riders (one in red) cross left to right; a helmeted rider on a scooter enters from the bottom. - ~51s: two yellow-and-green auto-rickshaws on the left; a rider in white on a scooter crossing away; a motorcycle at top right. - ~53s: a white scooter with rider crossing away; a white car entering from the right edge; a rider in pink at the bottom edge. 3. VEHICLES IDENTIFIED CONFIRMED None identified. PROBABLE (unconfirmed) - white bus, rear shows "BHARAT BENZ" branding but body maker not confirmable at this angle (unconfirmed), 11s - dark sedan, BMW-family twin-kidney grille and badge shape suggested but too small/blurred to confirm (unconfirmed), 40s 45s - white vintage/retro-styled car, classic Ambassador-class silhouette (unconfirmed), 33s - multiple green-and-yellow auto-rickshaws, standard three-wheeler family (unconfirmed), 11s, 17s, 20s, 51s 4. REGISTRATIONS READ - Partial plate on the dark sedan at 40s 45s, appearing to begin "GJ 1..." only partially legible due to distance and angle; single automatic read, not verified against any registry. All other plates illegible. No full registration confidently legible. 5. NOTABLE EVENTS - ~40s 45s: a dark sedan stops at/near the pedestrian zebra crossing area on the amber/red signal at this approach; it is stationary within the junction approach for at least 5 seconds. Possibly signal-compliant stopping, flagged for completeness. None further observed. 6. CROWD AND CONGESTION - ~31s: a loose cluster of roughly 6 8 two-wheelers crossing the junction simultaneously; brief mixing of crossing traffic, no jam. Dispersed by ~33s. 7. TRAFFIC VIOLATIONS - ~31s: multiple two-wheelers crossing the junction while the signal facing this camera shows amber/red; crossing traffic may be on the green phase for their approach cannot confirm a violation from this angle. - ~40s: dark sedan stopped with rear wheels at the zebra markings of the crossing (possible stop-line encroachment). No helmetless riders, wrong-way driving or red-light jumping clearly observable. 8. PATTERN OF ACTIVITY Steady morning commuter flow through a signalised junction, dominated by two-wheelers and auto-rickshaws moving across the frame left-to-right and away from camera in alternating platoons, consistent with signal phases. Early frames are sparse (a single scooter, then a lone pedestrian); mid-clip sees the busiest mixed traffic including a bus and a goods auto; late frames return to lighter flow with a car and scooters. The pedestrian in green is the only person crossing on foot for most of the clip. 9. QUIET PERIODS - ~6s and ~53s: junction largely empty apart from one or two road users at the edges. Otherwise traffic present throughout.
================================================================================

Batches:   0%|          | 0/1 [00:00<?, ?it/s]Batches: 100%|██████████| 1/1 [00:00<00:00, 10.60it/s]
2026-09-03 04:51:45,598 - MainProcess - INFO - ✅ Segment #666 stored in MongoDB
✅ Segment #666 from Camera cam15_stream-15 stored in MongoDB
2026-09-03 04:51:45,599 - MainProcess - INFO - [cam15_stream-15] segment 666 looks alert-worthy - asking z-ai/glm-5.3-flash
2026-09-03 04:51:45,599 - MainProcess - INFO - [AI->] https://openrouter.ai/api/v1/chat/completions z-ai/glm-5.3-flash (max_tokens=2000, prompt=5291 chars)
2026-09-03 04:51:46,648 - MainProcess - INFO - [AI<-] z-ai/glm-5.3-flash ok in 75.4s | prompt_tok=15352 completion_tok=1393 cost=$0.00144205 | 4281 chars
2026-09-03 04:51:46,648 - MainProcess - INFO - [VLM] Response received. Content len: 4281, Thinking len: 1471

================================================================================
🤖 [cam15_stream-15] SEGMENT VLM - #665 - 2026-06-14 08:04:57
================================================================================
Recorded 14-06-2026 (Sunday) 08:04:57 to 08:05:27 at Suvidhapark, camera cam15_stream-15. 1. SCENE The camera overlooks a wide signalised road junction with marked zebra crossings on all approaches, a traffic signal pole on the right-hand traffic island, and a side road joining from the left. Lighting is full daylight with clear shadows; the scene is morning. Camera overlay reads 'Suvidhapark P3 RLVD'. Several frames (around 13s and 46-50s) show significant digital corruption/blocking artefacts, which limits detail in those windows. 2. TRAFFIC AND PEOPLE - One pedestrian, wearing a light/white striped shirt, white trousers and carrying a black backpack, crossing the carriageway from the right-of-centre toward the far top of frame at 0-3s, exiting by about 5s. - Approximately 5-6 motorcycles/scooters: a dark scooter with rider at the bottom right at 0-3s; a motorcycle with a rider in teal top crossing away from camera at 3-10s; a motorcycle with rider in white shirt entering from the left crossing at ~35s; a scooter with two riders centre at ~35s; a motorcycle at top of frame at ~39s; groups of two-wheelers crossing at ~46-55s. - Three-wheeled autos (green with yellow roofs, local auto-rickshaw livery): one crossing the junction left-to-right at 0s; two more stationary/queued at the top right at 0s; one green-and-yellow auto entering from the bottom of frame and travelling away from camera across the crossing at ~39s. - Cars: one white sedan top right at 0-3s; one dark hatchback top right at ~10s; one white compact SUV entering from the left side road at ~10s and crossing to the top right, still visible at 15-16s; one dark SUV/MPV top right at ~55s. 3. VEHICLES IDENTIFIED CONFIRMED: None identified. No badge or model marking is clearly legible in any frame. PROBABLE (unconfirmed): - White compact sedan, Honda City-class (unconfirmed), top-right approach, 0-3s - rear three-quarter angle and distance prevent badge read. - White compact SUV, Creta/Seltos class (unconfirmed), enters from left side road ~10s, crosses to top right, 10-16s - size and stance suggest the class but no badge is legible. - Dark hatchback, Swift/i10 class (unconfirmed), top right, ~10s - motion blur and distance. - Dark SUV/MPV, Ertiga/XL6 class (unconfirmed), top right, ~55s - rear angle only. - Green-and-yellow auto-rickshaws (three), standard local three-wheeler type, 0s and ~39s (unconfirmed as any specific make). 4. REGISTRATIONS READ None legible. All plates are either too distant, motion-blurred, or angled away; no registration in this clip is a verified read against any registry. 5. NOTABLE EVENTS - A pedestrian crosses the carriageway diagonally through live traffic between 0s and ~5s, close to a moving auto-rickshaw and a motorcycle; no collision occurs. - Frame corruption/artefacting at ~13s and ~46-50s obscures parts of the junction; nothing alert-worthy is discernible beneath it. Otherwise none observed. 6. CROWD AND CONGESTION - A loose cluster of several two-wheelers gathers on the far (top-right) crossing at ~46s, crossing together at ~50-55s; roughly 5-8 riders, no jam forms. No other build-ups observed. 7. TRAFFIC VIOLATIONS - Helmetless rider observed on a scooter at the bottom right at 0-3s (rider appears bare-headed). - Pedestrian crossing diagonally through moving traffic, 0-5s, rather than using the zebra alignment. - Possible red-signal movement: the signal shows amber on the right-hand pole at ~35-39s while an auto-rickshaw and motorcycles are still crossing the junction. 8. PATTERN OF ACTIVITY The clip shows a lightly trafficked junction in early-morning conditions. Early frames carry the most mixed traffic - an auto crossing, a pedestrian, a white sedan and a scooter - after which the junction empties almost completely by ~28s. Activity then resumes in pulses: a white SUV crosses from the side road, followed around 35-39s by motorcycles and a green auto travelling away from the camera, and finally a group of two-wheelers crossing together from the right approach in the last ten seconds. Overall flow is predominantly outbound from camera toward the far crossing, with the left side road feeding occasional cross traffic. 9. QUIET PERIODS - Approximately 17s to 34s the junction is essentially empty of moving traffic (a single scooter visible at the left edge ~16s, then nothing until ~35s).
================================================================================

Batches:   0%|          | 0/1 [00:00<?, ?it/s]Batches: 100%|██████████| 1/1 [00:00<00:00, 32.73it/s]
2026-09-03 04:51:47,565 - MainProcess - INFO - ✅ Segment #665 stored in MongoDB
✅ Segment #665 from Camera cam15_stream-15 stored in MongoDB
2026-09-03 04:51:47,565 - MainProcess - INFO - [cam15_stream-15] segment 665 looks alert-worthy - asking z-ai/glm-5.3-flash
2026-09-03 04:51:47,565 - MainProcess - INFO - [AI->] https://openrouter.ai/api/v1/chat/completions z-ai/glm-5.3-flash (max_tokens=2000, prompt=5291 chars)
2026-09-03 04:51:49,187 - MainProcess - INFO - [AI<-] z-ai/glm-5.3-flash ok in 3.6s | prompt_tok=1333 completion_tok=56 cost=$0.00022795 | 14 chars returned
2026-09-03 04:51:49,187 - MainProcess - INFO - [cam15_stream-15] ✅ Segment #666 complete
2026-09-03 04:51:50,236 - MainProcess - INFO - [Memory] RAM: 12.6% | Process: 1.95GB | GPU: 5690/24564MB (23.2%)
2026-09-03 04:51:50,237 - MainProcess - INFO - [cam15_stream-15] #666  19/73 ( 26.0%) | seg  99.87s = seek 69.82 (12f, 5.82s/frame) + vlm  24.57 + azure  1.21 + embed  0.48 | avg  39.46s | elapsed 0:12:29 | ETA 0:35:30
2026-09-03 04:51:51,653 - MainProcess - INFO - [AI<-] z-ai/glm-5.3-flash ok in 14.7s | prompt_tok=15352 completion_tok=1230 cost=$0.0029178 | 3855 chars
2026-09-03 04:51:51,653 - MainProcess - INFO - [VLM] Response received. Content len: 3855, Thinking len: 875

================================================================================
🤖 [cam15_stream-15] SEGMENT VLM - #667 - 2026-06-14 08:06:57
================================================================================
Recorded 14-06-2026 (Sunday) 08:06:57 to 08:07:27 at Suvidhapark, camera cam15_stream-15. 1. SCENE The camera overlooks a signalised road junction with marked zebra crossings on multiple arms, a traffic signal pole on the right with a red/white bollard, and a small blue-roofed stall and yellow/green auto-rickshaws parked at the left edge. Overhead lighting is full daylight; shadows indicate morning. The overlay identifies the location as 'Suvidhapark P3 RLVD'. Some frames show compression/pixelation artefacts. 2. TRAFFIC AND PEOPLE Light-to-moderate traffic throughout. Visible: two motorcycles crossing together at 0s; a red scooter at 9s; a dark scooter with rider at 9s; a silver/grey SUV at 13s; a white hatchback and a green auto-rickshaw at 19s; a scooter with a rider in a white shirt at 19s and again a black scooter with a rider in white at 24s; a pedestrian in a pale yellow shirt standing at the left kerb from 19s to 26s; a couple - a man in a checked shirt and a woman in a green saree - crossing the near zebra from left from 26s to 38s; two motorcycles at 35s; a white/red ambulance entering from the left at 38s and crossing the top of the frame by 44s; a red tractor with a green-canopied trailer crossing right-to-left at 38s-44s; a white car at the right edge at 38s; at 44s a white sedan, a white hatchback, a yellow/green auto-rickshaw, a scooter and a goods truck; at 48s a white sedan crossing left-to-right, a white SUV/hatchback, a yellow/green auto and a flatbed truck; at 54s a white sedan approaching the camera with its rear to view; at 60s several motorcycles and auto-rickshaws near the top of the frame. 3. VEHICLES IDENTIFIED CONFIRMED: None identified. PROBABLE (unconfirmed): - Silver compact SUV, Creta/Seltos class (unconfirmed), 13s - side-on, moving fast, no badge visible. - White compact hatchback, Wagonr/i10 class (unconfirmed), 44s - rear three-quarter, distance and blur. - White compact sedan, Aura/Dzire class (unconfirmed), 48s - side view, motion blur. - White compact SUV/hatchback, Baleno/i20 class (unconfirmed), 48s - rear angle, pixelation. - White sedan, mid-size class (unconfirmed), 54s - rear view close to camera, plate area washed out by glare/pixelation. - White/red box-body ambulance (unconfirmed), 38s-44s - silhouette clear but side text not legible. 4. REGISTRATIONS READ None legible. (A plate is visible on the white sedan at 54s but is not readable; single automatic read only, not verified against any registry.) 5. NOTABLE EVENTS - At 26s-38s, a man and a woman cross the near zebra on foot while powered two-wheelers are also moving through the junction; no conflict or near-miss is seen. - At 38s, a red tractor with an agricultural trailer crosses the junction, unusual for this urban signalised crossing but not in breach of anything visible. - No collisions, sudden stops, unattended items or other alert-worthy events observed. 6. CROWD AND CONGESTION None observed. Traffic remains free-flowing; the busiest moment is around 44s with roughly six vehicles in frame, none stationary. 7. TRAFFIC VIOLATIONS None observed. Riders visible appear helmeted where resolvable; no wrong-way movement or red-light jumping is evident. 8. PATTERN OF ACTIVITY The clip shows a quiet morning signal cycle at a wide junction. Early frames (0-24s) are sparse - isolated scooters and one SUV clearing the intersection. From about 26s pedestrian activity begins (the couple crossing, a waiting pedestrian at the left kerb), and from 38s vehicle volume rises sharply: an ambulance, a tractor-trailer, several cars, autos and trucks pass through in both directions, with the strongest flow moving left-to-right across the top of the frame. By the final seconds the junction is busy but still moving. 9. QUIET PERIODS Around 13s and again around 24s the carriageway is momentarily empty of moving traffic apart from a single scooter; otherwise traffic is present throughout.
================================================================================

Batches:   0%|          | 0/1 [00:00<?, ?it/s]Batches: 100%|██████████| 1/1 [00:00<00:00, 30.61it/s]
2026-09-03 04:51:52,644 - MainProcess - INFO - ✅ Segment #667 stored in MongoDB
✅ Segment #667 from Camera cam15_stream-15 stored in MongoDB
2026-09-03 04:51:52,645 - MainProcess - INFO - [cam15_stream-15] segment 667 looks alert-worthy - asking z-ai/glm-5.3-flash
2026-09-03 04:51:52,645 - MainProcess - INFO - [AI->] https://openrouter.ai/api/v1/chat/completions z-ai/glm-5.3-flash (max_tokens=2000, prompt=5227 chars)
2026-09-03 04:51:53,204 - MainProcess - INFO - [AI<-] z-ai/glm-5.3-flash ok in 5.6s | prompt_tok=1362 completion_tok=135 cost=$0.0001359 | 219 chars returned
2026-09-03 04:51:53,204 - MainProcess - INFO - [cam15_stream-15] segment 665 -> 2 alert(s)
2026-09-03 04:51:53,205 - MainProcess - WARNING - [cam15_stream-15] no VMS device id in camera_did_map.json - alert skipped: Helmetless scooter rider, bottom right, 0-3s
2026-09-03 04:51:53,205 - MainProcess - WARNING - [cam15_stream-15] no VMS device id in camera_did_map.json - alert skipped: Possible red-signal movement: amber shown ~35-39s while vehicles still crossing
2026-09-03 04:51:53,206 - MainProcess - INFO - [cam15_stream-15] ✅ Segment #665 complete
2026-09-03 04:51:53,206 - MainProcess - INFO - [cam15_stream-15] #665  20/73 ( 27.4%) | seg 143.57s = seek 60.45 (12f, 5.04s/frame) + vlm  75.89 + azure  1.03 + embed  0.41 | avg  37.64s | elapsed 0:12:32 | ETA 0:33:14
2026-09-03 04:52:05,419 - MainProcess - INFO - [AI<-] z-ai/glm-5.3-flash ok in 12.8s | prompt_tok=1354 completion_tok=11 cost=$0.0002086 | 14 chars returned
2026-09-03 04:52:05,419 - MainProcess - INFO - [cam15_stream-15] ✅ Segment #667 complete
2026-09-03 04:52:05,422 - MainProcess - INFO - [cam15_stream-15] #667  21/73 ( 28.8%) | seg  90.20s = seek 60.40 (12f, 5.03s/frame) + vlm  15.23 + azure  1.10 + embed  0.49 | avg  36.43s | elapsed 0:12:44 | ETA 0:31:34
2026-09-03 04:52:14,831 - MainProcess - INFO - [AI->] https://openrouter.ai/api/v1/chat/completions z-ai/glm-5.3-flash (1 frames, max_tokens=40)
2026-09-03 04:52:17,437 - MainProcess - INFO - [AI<-] z-ai/glm-5.3-flash ok in 2.6s | prompt_tok=1442 completion_tok=15 cost=$0.0001119 | 22 chars
2026-09-03 04:52:19,041 - MainProcess - INFO - [AI->] https://openrouter.ai/api/v1/chat/completions z-ai/glm-5.3-flash (12 frames, max_tokens=2600)
2026-09-03 04:52:22,133 - MainProcess - INFO - [AI->] https://openrouter.ai/api/v1/chat/completions z-ai/glm-5.3-flash (1 frames, max_tokens=40)
2026-09-03 04:52:22,836 - MainProcess - WARNING - [cam13_stream-13] Segment #165: frame seek failed, skipping
2026-09-03 04:52:23,757 - MainProcess - WARNING - [cam13_stream-13] Segment #166: frame seek failed, skipping
2026-09-03 04:52:23,993 - MainProcess - INFO - [Memory] RAM: 12.6% | Process: 2.02GB | GPU: 7534/24564MB (30.7%)
2026-09-03 04:52:23,993 - MainProcess - INFO - [cam13_stream-13] #165  73/627 ( 11.6%) | seg   0.00s = seek 88.01 (0f, 88.01s/frame) + vlm   0.00 + azure  0.00 + embed  0.00 | avg  10.74s | elapsed 0:13:03 | ETA 1:39:08
2026-09-03 04:52:23,993 - MainProcess - INFO - [cam13_stream-13] #166  74/627 ( 11.8%) | seg   0.00s = seek 47.18 (0f, 47.18s/frame) + vlm   0.00 + azure  0.00 + embed  0.00 | avg  10.59s | elapsed 0:13:03 | ETA 1:37:37
2026-09-03 04:52:29,741 - MainProcess - INFO - [AI<-] z-ai/glm-5.3-flash ok in 61.0s | prompt_tok=15352 completion_tok=1029 cost=$0.0027021 | 4246 chars
2026-09-03 04:52:29,741 - MainProcess - INFO - [VLM] Response received. Content len: 4246, Thinking len: 0

================================================================================
🤖 [cam17_17_Rajkot_Bus_Port_CCTV] SEGMENT VLM - #597 - 2026-06-13 22:25:17
================================================================================
Recorded 13-06-2026 (Saturday) 22:25:17 to 22:25:47 at Rajkot Bus Port, camera cam17_17_Rajkot_Bus_Port_CCTV. 1. SCENE The camera ("1 CENTER") overlooks a two-wheeler parking bay and covered walkway at Rajkot Bus Port, with a view of the public road and bus exit beyond. Illuminated signage is visible: "HOTEL JK" (A/C, Non A/C rooms, dormitory, rooms from 799/-), a "BUS EXIT ONLY" sign, a yellow "COTTON" shop hoarding with Gujarati text and phone numbers (87339 29701 / 702), and a "SHREEN..."-branded bus partially visible at the left edge. Conditions are night-time, lit by street lighting and vehicle headlights; the road surface appears wet/reflective, suggesting recent rain. A closed metal shutter occupies the right side of the frame. 2. TRAFFIC AND PEOPLE - Parked two-wheelers: approximately 10-12 motorcycles/scooters, mostly black, plus one white scooter and one white-and-black scooter, stationary throughout the clip. - Two people crouched at the planter/ledge beside the walkway for the full 55 seconds: one wearing a pale pink/salmon long-sleeve shirt and dark trousers, the other in dark clothing with a backpack. They remain in the same spot, handling something at the base of the plants. - One pair of sandals/slippers left on the walkway floor near them, present throughout. - Road traffic: a red/cream bus moving away left in the opening seconds; a bright headlight flare (motorcycle) around 5-10s; a red bus at the bus exit around 10-15s; a man in a light blue shirt and dark trousers walking along the road edge from about 15s, moving left and exiting around 25s; a white/yellow bus passing left to right around 30-35s; a man in a white shirt entering from the left near the parked bikes around 35-40s; a bus with "HI-Tech"/"HI-FOUR"-style destination text around 35s; another bus with "HI-TECH" legible on its front around 45-50s; assorted cars, auto-rickshaws and motorcycles with headlights on passing on the road throughout, including a car with blue-tinted lights around 50s. 3. VEHICLES IDENTIFIED CONFIRMED: None identified. PROBABLE (unconfirmed): - Red/cream single-decker bus, state-carrier type (unconfirmed), moving away from camera, 0-5s - rear/side angle, darkness and motion prevent reading of any markings. - Red city bus at the bus exit (unconfirmed), 10-15s - rear-only view, headlight glare. - White/cream bus with yellow stripe (unconfirmed), passing left to right, 30-35s - motion blur and angle. - Bus with "HI-TECH"-style front destination board (unconfirmed), approaching then passing, 35-50s - too distant and blurred to confirm operator or type. - Multiple motorcycles and one three-wheeled auto-rickshaw on the road (unconfirmed), throughout - headlight flare and distance. 4. REGISTRATIONS READ None legible. (Any plates present on parked two-wheelers are angled away, too small and too dark to read; road vehicles are too distant. All above are single automatic reads at best and not verified against any registry.) 5. NOTABLE EVENTS - Two individuals crouch concealed at the planter/ledge beside the walkway for the entire 55 seconds, largely out of the line of sight of passing pedestrians, handling an object at ground level. Their prolonged, stationary, concealed presence in a corner of the premises with a pair of slippers abandoned nearby is unusual and alert-worthy; the activity they are engaged in is not clearly visible. - No collision, assault, theft or fire observed. 6. CROWD AND CONGESTION None observed. Pedestrian presence is light; road traffic flows freely. 7. TRAFFIC VIOLATIONS None observed. 8. PATTERN OF ACTIVITY The dominant activity is steady through-traffic on the road to the left - buses, cars, auto-rickshaws and motorcycles passing in both directions under headlamps - while the parking bay itself is static, with no two-wheelers arriving or leaving. The only constant human element is the pair crouched at the planter, who do not move position at any point. Between the early and late frames the road traffic changes composition (a red bus departs early; white/yellow and "HI-TECH" buses pass mid-clip) but the volume and flow remain consistent, and the wet road and closed shutter suggest a quiet post-rain night with the adjacent premises shut. 9. QUIET PERIODS None observed. Road traffic passes continuously; the two crouched figures are present throughout.
================================================================================

Batches:   0%|          | 0/1 [00:00<?, ?it/s]Batches: 100%|██████████| 1/1 [00:00<00:00, 26.21it/s]
2026-09-03 04:52:30,670 - MainProcess - INFO - ✅ Segment #597 stored in MongoDB
✅ Segment #597 from Camera cam17_17_Rajkot_Bus_Port_CCTV stored in MongoDB
2026-09-03 04:52:30,671 - MainProcess - INFO - [cam17_17_Rajkot_Bus_Port_CCTV] segment 597 looks alert-worthy - asking z-ai/glm-5.3-flash
2026-09-03 04:52:30,671 - MainProcess - INFO - [AI->] https://openrouter.ai/api/v1/chat/completions z-ai/glm-5.3-flash (max_tokens=2000, prompt=5309 chars)
2026-09-03 04:52:32,342 - MainProcess - WARNING - [cam13_stream-13] Segment #167: frame seek failed, skipping
2026-09-03 04:52:32,342 - MainProcess - INFO - [cam13_stream-13] #167  75/627 ( 12.0%) | seg   0.00s = seek 47.97 (0f, 47.97s/frame) + vlm   0.00 + azure  0.00 + embed  0.00 | avg  10.56s | elapsed 0:13:12 | ETA 1:37:10
2026-09-03 04:52:33,560 - MainProcess - INFO - [AI<-] z-ai/glm-5.3-flash ok in 2.9s | prompt_tok=1349 completion_tok=41 cost=$0.000107585 | 156 chars returned
2026-09-03 04:52:33,560 - MainProcess - INFO - [cam17_17_Rajkot_Bus_Port_CCTV] segment 597 -> 1 alert(s)
2026-09-03 04:52:33,560 - MainProcess - WARNING - [cam17_17_Rajkot_Bus_Port_CCTV] no VMS device id in camera_did_map.json - alert skipped: Two people crouched concealed at planter by walkway for full minute, handling object at gr
2026-09-03 04:52:33,561 - MainProcess - INFO - [cam17_17_Rajkot_Bus_Port_CCTV] ✅ Segment #597 complete
2026-09-03 04:52:34,200 - MainProcess - INFO - [Memory] RAM: 12.9% | Process: 2.03GB | GPU: 9513/24564MB (38.7%)
2026-09-03 04:52:34,200 - MainProcess - INFO - [cam17_17_Rajkot_Bus_Port_CCTV] #597  24/144 ( 16.7%) | seg 137.46s = seek 62.53 (12f, 5.21s/frame) + vlm  61.49 + azure  1.60 + embed  0.43 | avg  33.03s | elapsed 0:13:12 | ETA 1:06:03
2026-09-03 04:52:34,692 - MainProcess - INFO - [AI<-] z-ai/glm-5.3-flash ok in 12.6s | prompt_tok=1442 completion_tok=15 cost=$0.0002238 | 22 chars
2026-09-03 04:52:36,062 - MainProcess - INFO - [AI->] https://openrouter.ai/api/v1/chat/completions z-ai/glm-5.3-flash (12 frames, max_tokens=2600)
2026-09-03 04:52:49,077 - MainProcess - INFO - [AI<-] z-ai/glm-5.3-flash ok in 30.0s | prompt_tok=15352 completion_tok=912 cost=$0.0027588 | 3846 chars
2026-09-03 04:52:49,077 - MainProcess - INFO - [VLM] Response received. Content len: 3846, Thinking len: 0

================================================================================
🤖 [cam17_17_Rajkot_Bus_Port_CCTV] SEGMENT VLM - #598 - 2026-06-13 22:26:17
================================================================================
Recorded 13-06-2026 (Saturday) 22:26:17 to 22:26:47 at Rajkot Bus Port, camera cam17_17_Rajkot_Bus_Port_CCTV. 1. SCENE The camera ("1 CENTER") overlooks a two-wheeler parking bay and covered walkway at Rajkot Bus Port at night. Foreground: rows of parked motorcycles and scooters, a planter strip, and a closed metal shutter on the right. Background: the public road outside the port with an illuminated "HOTEL JK" sign, a "BUS EXIT ONLY" sign, and advertising hoardings (one reading "COTTON" with a phone number Mo. 87339 29701 / 702). Lighting is artificial street/shop lighting; the road surface appears wet and reflective, suggesting recent rain. Traffic on the road is active throughout. 2. TRAFFIC AND PEOPLE - Approximately 12 15 parked two-wheelers (mostly black motorcycles, one white scooter, one yellow/black motorcycle) remain stationary in the foreground throughout the clip. - Two men crouched at the planter/wall edge at the start: one in a pink/salmon shirt, one in dark clothing with a backpack. The man in pink stands around 15s and both move left toward the road, exiting the parking area by about 30s. - A man in a light shirt with a dark backpack enters from the left around 10s, walks through the parking area, and stands near the road edge from roughly 35s to the end of the clip, appearing to wait or look toward the road. - A pedestrian in a light blue shirt passes left to right along the road around 5 10s. - Road traffic: a bus with headlights on approaches from the left background early in the clip (0 10s); a red/blue city bus passes left to right around 25 30s; several motorcycles and cars with headlights on pass on the road; a yellow/green auto-rickshaw passes around 40 45s and another around 50s. 3. VEHICLES IDENTIFIED CONFIRMED: None identified. PROBABLE (unconfirmed): - Red/blue livery city bus, Gujarat-style ST bus class (unconfirmed), passing left to right on the road at 25 30s rear/side angle, motion blur and darkness prevent reading any livery text. - Yellow-and-green auto-rickshaw, moving left to right at 40 45s standard silhouette, too dark and distant to confirm anything further. - Bus approaching head-on with headlights at 0 10s and again visible at 45 55s (unconfirmed type) headlight glare and distance. 4. REGISTRATIONS READ None legible. (Any plates present on parked two-wheelers are at too shallow an angle and too low resolution to read; road vehicles are moving and in darkness.) 5. NOTABLE EVENTS - Two men crouched for an extended period at the planter/wall edge beside the parked two-wheelers from the start of the clip until about 15s, handling something at ground level, before walking away. Behaviour consistent with loitering/tampering-adjacent activity near parked vehicles; nothing is visibly taken and no alarm is raised. Flagged for awareness only. - A pair of sandals/slippers lies abandoned on the walkway near the shutter throughout the entire clip, unattended. Possibly belonging to the crouched men. No owner returns within the clip. 6. CROWD AND CONGESTION None observed. Pedestrian numbers are low (3 4 people) and road traffic flows freely. 7. TRAFFIC VIOLATIONS None observed. 8. PATTERN OF ACTIVITY The dominant activity is static: the parked two-wheeler bay does not change at all across the 55 seconds. Road traffic in the background is steady two-way flow of buses, cars, two-wheelers and auto-rickshaws. The only human movement in the port area itself is the two crouched men, who leave the parking area toward the road in the first half of the clip, after which the area empties except for one man with a backpack standing at the road edge in the second half, apparently waiting. Early frames are more occupied; late frames are quieter with only through-traffic and the waiting pedestrian. 9. QUIET PERIODS None observed road traffic and at least one pedestrian are in motion throughout, though the parking bay itself is still from about 35s onward.
================================================================================

Batches:   0%|          | 0/1 [00:00<?, ?it/s]Batches: 100%|██████████| 1/1 [00:00<00:00, 25.66it/s]
2026-09-03 04:52:50,041 - MainProcess - INFO - ✅ Segment #598 stored in MongoDB
✅ Segment #598 from Camera cam17_17_Rajkot_Bus_Port_CCTV stored in MongoDB
2026-09-03 04:52:50,042 - MainProcess - INFO - [cam17_17_Rajkot_Bus_Port_CCTV] segment 598 looks alert-worthy - asking z-ai/glm-5.3-flash
2026-09-03 04:52:50,042 - MainProcess - INFO - [AI->] https://openrouter.ai/api/v1/chat/completions z-ai/glm-5.3-flash (max_tokens=2000, prompt=5248 chars)
2026-09-03 04:52:55,211 - MainProcess - INFO - [AI<-] z-ai/glm-5.3-flash ok in 5.2s | prompt_tok=1306 completion_tok=116 cost=$0.00012311 | 260 chars returned
2026-09-03 04:52:55,211 - MainProcess - INFO - [cam17_17_Rajkot_Bus_Port_CCTV] segment 598 -> 2 alert(s)
2026-09-03 04:52:55,211 - MainProcess - WARNING - [cam17_17_Rajkot_Bus_Port_CCTV] no VMS device id in camera_did_map.json - alert skipped: Two men crouched ~15s at planter edge beside parked two-wheelers, handling something, then
2026-09-03 04:52:55,211 - MainProcess - WARNING - [cam17_17_Rajkot_Bus_Port_CCTV] no VMS device id in camera_did_map.json - alert skipped: Pair of sandals abandoned on walkway near shutter, no owner returns
2026-09-03 04:52:55,212 - MainProcess - INFO - [cam17_17_Rajkot_Bus_Port_CCTV] ✅ Segment #598 complete
2026-09-03 04:52:55,219 - MainProcess - INFO - [cam17_17_Rajkot_Bus_Port_CCTV] #598  25/144 ( 17.4%) | seg 111.80s = seek 71.34 (12f, 5.95s/frame) + vlm  30.54 + azure  1.43 + embed  0.46 | avg  32.55s | elapsed 0:13:33 | ETA 1:04:33
2026-09-03 04:52:57,939 - MainProcess - INFO - [AI->] https://openrouter.ai/api/v1/chat/completions z-ai/glm-5.3-flash (12 frames, max_tokens=2600)
2026-09-03 04:53:09,865 - MainProcess - INFO - [AI<-] z-ai/glm-5.3-flash ok in 33.8s | prompt_tok=15352 completion_tok=984 cost=$0.0026796 | 4134 chars
2026-09-03 04:53:09,865 - MainProcess - INFO - [VLM] Response received. Content len: 4134, Thinking len: 0

================================================================================
🤖 [cam17_17_Rajkot_Bus_Port_CCTV] SEGMENT VLM - #599 - 2026-06-13 22:27:17
================================================================================
Recorded 13-06-2026 (Saturday) 22:27:17 to 22:27:47 at Rajkot Bus Port, camera cam17_17_Rajkot_Bus_Port_CCTV. 1. SCENE The camera ("1 CENTER") overlooks a footpath and two-wheeler parking bay beside a shuttered shop at Rajkot Bus Port, with the public road and bus carriageway visible to the left. Illuminated signage is prominent: "HOTEL JK" (2nd floor, AC/non-AC rooms, rooms from 799/-), a "BUS EXIT ONLY" sign, and a yellow advertisement board reading "COTTON" with a mobile number 87339 29701 / 702 and Gujarati text. It is night; the scene is lit by street lights, shop signage and vehicle headlamps. The road surface appears wet and reflective, suggesting recent rain. 2. TRAFFIC AND PEOPLE - Approximately 10 12 parked two-wheelers (motorcycles and scooters, mostly black, plus one white scooter and one white-and-black scooter) occupy the foreground parking bay throughout the clip; they remain stationary. - A truck (dark cab, headlights on) on the road at 0s, moving away left; gone by ~15s. - Several motorcycles/scooters with riders travelling on the road, mostly moving away from camera (leftward), at various points (0s, ~5s, ~35 40s, ~50s). - A red/orange GSRTC-style public transport bus enters from the right at ~20s, crosses the frame leftward, and exits by ~30s. - A white bus/staff van visible in the background near the bus exit from ~35s onward. - Two pedestrians a man in a light blue shirt and dark trousers, and a woman in dark clothing cross the road from the far side toward the footpath from ~15s, reaching the parking bay by ~25s. The man remains near the parked bikes for the rest of the clip, at times looking at a mobile phone; the woman moves out of view by ~45s. - A further pedestrian in a white shirt walks along the far footpath around ~45 50s. 3. VEHICLES IDENTIFIED CONFIRMED: - None identified. (No badge or model marking is legible on any moving vehicle; the parked bikes' branding is too small/dark to read reliably.) PROBABLE (unconfirmed): - Red/orange state transport bus, GSRTC-class livery (unconfirmed), crossing right-to-left, ~20 30s. Livery suggests a state bus but no legible fleet markings at this distance and angle. - Dark-cab goods truck/cargo vehicle (unconfirmed), moving away left, 0 15s. Rear-only view, darkness and headlight glare prevent identification. - White van/small bus near the bus exit (unconfirmed), ~35 55s. Too distant and partially obscured. 4. REGISTRATIONS READ None legible. (All plates are either too distant, at acute angles, or in darkness; any text visible is below readable resolution. These would be single automatic reads only, not verified against any registry.) 5. NOTABLE EVENTS None observed. Pedestrian movement is normal; the two pedestrians cross with the general traffic flow and the man loiters briefly by the parked bikes while using a phone, which is not in itself suspicious. No collisions, altercations or unattended items seen. A single pair of sandals lies on the footpath near the shutter throughout, unchanged. 6. CROWD AND CONGESTION None observed. Pedestrian numbers stay low (no more than 3 4 visible at once); road traffic flows freely throughout. 7. TRAFFIC VIOLATIONS None observed. No wrong-way riding, helmetless riders clearly discernible, or vehicles blocking the bus exit are visible. 8. PATTERN OF ACTIVITY This is a quiet night-time stretch at the bus port approach. The dominant movement is light road traffic motorcycles, scooters and one truck, then one state-transport-class bus all travelling leftward away from the camera along the carriageway. The only change across the clip is pedestrian: two people cross from the far side around the mid-point, after which the man in the blue shirt stays near the parked two-wheelers using his phone. The parked two-wheeler bay itself is static, with no bikes arriving or leaving. Early frames show the truck and passing two-wheelers; late frames show the white bus/van holding near the bus exit and calmer traffic. 9. QUIET PERIODS None observed in the strict sense vehicle headlamps and passing traffic are visible in every frame but activity is light throughout, with the footpath itself essentially unoccupied except for the two pedestrians from ~15s onward.
================================================================================

Batches:   0%|          | 0/1 [00:00<?, ?it/s]Batches: 100%|██████████| 1/1 [00:00<00:00, 31.26it/s]
2026-09-03 04:53:10,786 - MainProcess - INFO - ✅ Segment #599 stored in MongoDB
✅ Segment #599 from Camera cam17_17_Rajkot_Bus_Port_CCTV stored in MongoDB
2026-09-03 04:53:10,787 - MainProcess - INFO - [cam17_17_Rajkot_Bus_Port_CCTV] segment 599 looks alert-worthy - asking z-ai/glm-5.3-flash
2026-09-03 04:53:10,787 - MainProcess - INFO - [AI->] https://openrouter.ai/api/v1/chat/completions z-ai/glm-5.3-flash (max_tokens=2000, prompt=5309 chars)
2026-09-03 04:53:13,618 - MainProcess - WARNING - [cam13_stream-13] Segment #168: frame seek failed, skipping
2026-09-03 04:53:14,025 - MainProcess - INFO - [AI->] https://openrouter.ai/api/v1/chat/completions z-ai/glm-5.3-flash (12 frames, max_tokens=2600)
2026-09-03 04:53:14,433 - MainProcess - INFO - [AI->] https://openrouter.ai/api/v1/chat/completions z-ai/glm-5.3-flash (12 frames, max_tokens=2600)
2026-09-03 04:53:14,835 - MainProcess - INFO - [Memory] RAM: 12.6% | Process: 2.07GB | GPU: 7068/24564MB (28.8%)
2026-09-03 04:53:14,835 - MainProcess - INFO - [cam13_stream-13] #168  76/627 ( 12.1%) | seg   0.00s = seek 50.78 (0f, 50.78s/frame) + vlm   0.00 + azure  0.00 + embed  0.00 | avg  10.98s | elapsed 0:13:54 | ETA 1:40:51
2026-09-03 04:53:16,405 - MainProcess - INFO - [AI<-] z-ai/glm-5.3-flash ok in 5.6s | prompt_tok=1336 completion_tok=7 cost=$9.811e-05 | 14 chars returned
2026-09-03 04:53:16,405 - MainProcess - INFO - [cam17_17_Rajkot_Bus_Port_CCTV] ✅ Segment #599 complete
2026-09-03 04:53:18,333 - MainProcess - INFO - [Memory] RAM: 12.8% | Process: 2.05GB | GPU: 7265/24564MB (29.6%)
2026-09-03 04:53:18,333 - MainProcess - INFO - [cam17_17_Rajkot_Bus_Port_CCTV] #599  26/144 ( 18.1%) | seg 123.00s = seek 68.71 (12f, 5.73s/frame) + vlm  34.31 + azure  1.22 + embed  0.42 | avg  32.19s | elapsed 0:13:56 | ETA 1:03:18
2026-09-03 04:53:22,946 - MainProcess - WARNING - [cam13_stream-13] Segment #169: frame seek failed, skipping
2026-09-03 04:53:22,947 - MainProcess - INFO - [cam13_stream-13] #169  77/627 ( 12.3%) | seg   0.00s = seek 59.19 (0f, 59.19s/frame) + vlm   0.00 + azure  0.00 + embed  0.00 | avg  10.94s | elapsed 0:14:02 | ETA 1:40:19
2026-09-03 04:53:35,732 - MainProcess - INFO - [AI<-] z-ai/glm-5.3-flash ok in 37.8s | prompt_tok=15352 completion_tok=821 cost=$0.0027133 | 3377 chars
2026-09-03 04:53:35,732 - MainProcess - INFO - [VLM] Response received. Content len: 3377, Thinking len: 0

================================================================================
🤖 [cam15_stream-15] SEGMENT VLM - #668 - 2026-06-14 08:07:57
================================================================================
Recorded 14-06-2026 (Sunday) 08:07:57 to 08:08:27 at Suvidhapark, camera cam15_stream-15. 1. SCENE The camera overlooks a signalised road junction at Suvidhapark (camera label "Suvidhapark P3 RLVD" visible bottom right). Zebra crossings mark the near approach; a traffic signal head is visible at the right edge, showing amber/red throughout. Daylight, daytime, hazy sunlight with long shadows. A footpath and small shop frontage are visible on the left. 2. TRAFFIC AND PEOPLE Light, free-flowing traffic consisting almost entirely of two-wheelers and cycles: - A white scooter with rider, entering from bottom left and crossing the junction away from camera, ~0 5s. - Two scooters with riders crossing the far end of the junction left-to-right, ~0 5s. - A cycle cart (thela) loaded with goods, pushed by a man in a yellow shirt, moving right-to-left along the right side, ~0 10s, exiting left. - A pedestrian in light clothing on the far left footpath, ~0 5s. - A motorcycle with two riders crossing the junction, ~10 15s. - A white car visible in the distance at the top of frame, ~10s. - A yellow-and-green auto-rickshaw entering from the left and turning across the junction, ~20 24s. - A cyclist in dark clothing riding away from camera up the centre of the road, ~20 24s. - A scooter with two riders (pillion in dark clothing) crossing left-to-right, ~24 27s. - A white scooter with rider in white shirt crossing right-to-left, ~27 31s. - A motorcycle with rider crossing left-to-right, ~40s. - A cyclist in white shirt crossing right-to-left, ~44 48s. - A motorcycle with rider in red helmet, far side, ~47 49s. - A white car (sunroof visible) entering from bottom of frame and crossing the near zebra towards the junction, ~54 55s. 3. VEHICLES IDENTIFIED CONFIRMED: None identified. PROBABLE (unconfirmed): - Yellow-and-green three-wheeler auto-rickshaw (unconfirmed), entering left and turning across the junction, ~20 24s body shape typical but no badge legible. - White compact car with sunroof (unconfirmed), entering from bottom and crossing the near zebra, ~54 55s high rear angle, plate not visible. - White scooter, rider in white shirt (unconfirmed), ~27 31s distance and motion blur. 4. REGISTRATIONS READ None legible. No registration plate on any vehicle is readable in these frames; any plate text would be a single automatic read only and is not verifiable. 5. NOTABLE EVENTS None observed. Traffic flows normally; no collisions, stops in live lanes, or suspicious behaviour seen. 6. CROWD AND CONGESTION None observed. The junction remains clear throughout; no queues or build-ups. 7. TRAFFIC VIOLATIONS - Possible red-signal violation: the white car entering from the bottom at ~54 55s crosses the near zebra while the visible signal head shows amber/red; single-frame observation, not fully verifiable. 8. PATTERN OF ACTIVITY The dominant traffic is two-wheelers and cycles moving across the junction in both directions, with the heaviest movement left-to-right across the far side in the opening seconds. Early frames show the goods cart and several scooters clearing the junction; the middle of the clip is sparse, with isolated riders and the auto-rickshaw; the late frames show a motorcycle, a cyclist and finally the white car approaching the camera. Overall volume is low and the junction never congests. 9. QUIET PERIODS Approximately 15 20s and 32 40s: the junction is essentially empty with no moving traffic in frame.
================================================================================

Batches:   0%|          | 0/1 [00:00<?, ?it/s]Batches: 100%|██████████| 1/1 [00:00<00:00, 23.61it/s]
2026-09-03 04:53:36,660 - MainProcess - INFO - ✅ Segment #668 stored in MongoDB
✅ Segment #668 from Camera cam15_stream-15 stored in MongoDB
2026-09-03 04:53:36,661 - MainProcess - INFO - [cam15_stream-15] segment 668 looks alert-worthy - asking z-ai/glm-5.3-flash
2026-09-03 04:53:36,661 - MainProcess - INFO - [AI->] https://openrouter.ai/api/v1/chat/completions z-ai/glm-5.3-flash (max_tokens=2000, prompt=4743 chars)
2026-09-03 04:53:39,295 - MainProcess - INFO - [AI<-] z-ai/glm-5.3-flash ok in 2.6s | prompt_tok=1201 completion_tok=40 cost=$0.00020015 | 135 chars returned
2026-09-03 04:53:39,295 - MainProcess - INFO - [cam15_stream-15] segment 668 -> 1 alert(s)
2026-09-03 04:53:39,295 - MainProcess - WARNING - [cam15_stream-15] no VMS device id in camera_did_map.json - alert skipped: Possible red-light violation: white car crossing near zebra on amber/red, ~54-55s
2026-09-03 04:53:39,296 - MainProcess - INFO - [cam15_stream-15] ✅ Segment #668 complete
2026-09-03 04:53:40,650 - MainProcess - INFO - [Memory] RAM: 12.9% | Process: 1.99GB | GPU: 8934/24564MB (36.4%)
2026-09-03 04:53:40,650 - MainProcess - INFO - [cam15_stream-15] #668  22/73 ( 30.1%) | seg 110.11s = seek 67.34 (12f, 5.61s/frame) + vlm  38.30 + azure  1.17 + embed  0.43 | avg  39.10s | elapsed 0:14:20 | ETA 0:33:14
2026-09-03 04:53:47,959 - MainProcess - INFO - [AI->] https://openrouter.ai/api/v1/chat/completions z-ai/glm-5.3-flash (1 frames, max_tokens=40)
2026-09-03 04:53:50,120 - MainProcess - INFO - [AI<-] z-ai/glm-5.3-flash ok in 2.2s | prompt_tok=1442 completion_tok=15 cost=$0.0001119 | 22 chars
2026-09-03 04:53:51,536 - MainProcess - INFO - [AI->] https://openrouter.ai/api/v1/chat/completions z-ai/glm-5.3-flash (12 frames, max_tokens=2600)
2026-09-03 04:53:59,448 - MainProcess - INFO - [AI<-] z-ai/glm-5.3-flash ok in 45.0s | prompt_tok=15352 completion_tok=879 cost=$0.0026271 | 3577 chars
2026-09-03 04:53:59,448 - MainProcess - INFO - [VLM] Response received. Content len: 3577, Thinking len: 0

================================================================================
🤖 [cam15_stream-15] SEGMENT VLM - #670 - 2026-06-14 08:09:57
================================================================================
Recorded 14-06-2026 (Sunday) 08:09:57 to 08:10:27 at Suvidhapark, camera cam15_stream-15. 1. SCENE The camera overlooks a signalised road junction at Suvidhapark (overlay text "Suvidhapark P3 RLVD"), with zebra crossings on multiple arms, a traffic signal pole on the right, a striped bollard/island at the right corner, and a footpath with trees and a low wall on the far side. Daytime, overcast/hazy daylight, dry road, light traffic. 2. TRAFFIC AND PEOPLE - One motorcycle with three riders (light/white shirts) stationary at the right stop line at the start, moving off right and out of frame by ~5s. - Two yellow-and-green auto-rickshaws crossing the junction away from camera around 15-20s; a third green-and-yellow auto-rickshaw crosses right-to-left around 20-25s; another yellow-green auto crosses left-to-right around 45s. - One scooter with rider (white shirt) crossing away from camera ~15-20s. - One silver/grey hatchback crossing left to right through the junction ~25s; one white hatchback entering from the left ~25s; a dark car partially visible at the right edge ~20s. - Motorcycles: one with rider in blue ~25s (right side), one red motorcycle with two riders top-left ~35s, one motorcycle with two riders ~40s, one scooter ~45-50s, another two-wheeler top-right ~50s. - Pedestrians: a man in a light shirt and dark trousers crossing the junction right-to-left on foot ~25-35s; a young person in a dark blue t-shirt and khaki shorts crossing left-to-right through the junction ~40-55s, still crossing at the end of the clip; several pedestrians on the far footpath throughout. 3. VEHICLES IDENTIFIED CONFIRMED None identified. PROBABLE (unconfirmed) - Silver/grey compact hatchback, Santro/i10 class (unconfirmed), crossing left to right, ~25s - distance and motion blur; no badge or plate legible. - White compact hatchback, Wagon-R class (unconfirmed), entering from left, ~25s - rear three-quarter angle only, plate not legible. - Yellow-and-green auto-rickshaws (three separate), ~15s, ~20s, ~45s - body type clear but no plates legible. 4. REGISTRATIONS READ None legible. (Any plate-shaped marks are too small/blurred; these would be single automatic reads only, not verified against any registry.) 5. NOTABLE EVENTS - A pedestrian in a light shirt crosses the junction diagonally on foot, not on a zebra, between ~25s and ~35s, walking among moving vehicles. - A young person in a dark blue t-shirt walks through the middle of the live junction off the crossing from ~40s to the end of the clip (~55s). - Occasional pixelation/blocking corruption in the footage around ~15-20s and ~25s, briefly obscuring vehicles. 6. CROWD AND CONGESTION None observed. Traffic flows freely throughout. 7. TRAFFIC VIOLATIONS - Two pedestrians crossing the junction off the zebra crossings / diagonally through live traffic (~25-35s and ~40-55s). - The motorcycle at the start carries three riders (~0-5s). 8. PATTERN OF ACTIVITY Light, free-flowing mixed traffic - two-wheelers and auto-rickshaws dominate, with a couple of cars - moving through the junction in both directions in short bursts, consistent with a signal cycle releasing small platoons. The early frames show vehicles waiting at and leaving the right stop line; the middle of the clip is the busiest, with autos, a scooter and two cars crossing; the later frames thin out to scattered two-wheelers, leaving pedestrians as the main movement, both crossing outside the marked crossings. 9. QUIET PERIODS The junction is briefly empty of moving traffic around ~5-10s and again around ~35-40s, though pedestrians remain on the far footpath; otherwise there is always something in motion.
================================================================================

Batches:   0%|          | 0/1 [00:00<?, ?it/s]Batches: 100%|██████████| 1/1 [00:00<00:00, 20.62it/s]
2026-09-03 04:54:00,383 - MainProcess - INFO - ✅ Segment #670 stored in MongoDB
✅ Segment #670 from Camera cam15_stream-15 stored in MongoDB
2026-09-03 04:54:00,384 - MainProcess - INFO - [cam15_stream-15] segment 670 looks alert-worthy - asking z-ai/glm-5.3-flash
2026-09-03 04:54:00,384 - MainProcess - INFO - [AI->] https://openrouter.ai/api/v1/chat/completions z-ai/glm-5.3-flash (max_tokens=2000, prompt=4949 chars)
2026-09-03 04:54:04,054 - MainProcess - INFO - [AI->] https://openrouter.ai/api/v1/chat/completions z-ai/glm-5.3-flash (1 frames, max_tokens=40)
2026-09-03 04:54:04,646 - MainProcess - WARNING - [cam13_stream-13] Segment #170: frame seek failed, skipping
2026-09-03 04:54:05,835 - MainProcess - INFO - [Memory] RAM: 12.7% | Process: 2.07GB | GPU: 6843/24564MB (27.9%)
2026-09-03 04:54:05,836 - MainProcess - INFO - [cam13_stream-13] #170  78/627 ( 12.4%) | seg   0.00s = seek 92.30 (0f, 92.30s/frame) + vlm   0.00 + azure  0.00 + embed  0.00 | avg  11.35s | elapsed 0:14:45 | ETA 1:43:53
2026-09-03 04:54:06,261 - MainProcess - WARNING - [cam13_stream-13] Segment #171: frame seek failed, skipping
2026-09-03 04:54:06,261 - MainProcess - INFO - [cam13_stream-13] #171  79/627 ( 12.6%) | seg   0.00s = seek 52.64 (0f, 52.64s/frame) + vlm   0.00 + azure  0.00 + embed  0.00 | avg  11.22s | elapsed 0:14:46 | ETA 1:42:26
2026-09-03 04:54:06,823 - MainProcess - INFO - [AI<-] z-ai/glm-5.3-flash ok in 2.8s | prompt_tok=1442 completion_tok=15 cost=$0.0002238 | 22 chars
2026-09-03 04:54:08,421 - MainProcess - INFO - [AI->] https://openrouter.ai/api/v1/chat/completions z-ai/glm-5.3-flash (12 frames, max_tokens=2600)
2026-09-03 04:54:08,750 - MainProcess - INFO - [AI<-] z-ai/glm-5.3-flash ok in 8.4s | prompt_tok=1262 completion_tok=71 cost=$0.00010856 | 214 chars returned
2026-09-03 04:54:08,750 - MainProcess - INFO - [cam15_stream-15] segment 670 -> 2 alert(s)
2026-09-03 04:54:08,750 - MainProcess - WARNING - [cam15_stream-15] no VMS device id in camera_did_map.json - alert skipped: Two pedestrians crossing junction off zebra through live traffic
2026-09-03 04:54:08,751 - MainProcess - WARNING - [cam15_stream-15] no VMS device id in camera_did_map.json - alert skipped: Motorcycle carrying three riders at junction stop line
2026-09-03 04:54:08,751 - MainProcess - INFO - [cam15_stream-15] ✅ Segment #670 complete
2026-09-03 04:54:08,752 - MainProcess - INFO - [cam15_stream-15] #670  23/73 ( 31.5%) | seg 123.33s = seek 67.00 (12f, 5.58s/frame) + vlm  45.52 + azure  1.67 + embed  0.43 | avg  38.62s | elapsed 0:14:48 | ETA 0:32:11
2026-09-03 04:54:14,360 - MainProcess - INFO - [AI->] https://openrouter.ai/api/v1/chat/completions z-ai/glm-5.3-flash (1 frames, max_tokens=40)
2026-09-03 04:54:16,413 - MainProcess - INFO - [AI<-] z-ai/glm-5.3-flash ok in 2.1s | prompt_tok=1442 completion_tok=15 cost=$0.0001119 | 22 chars
2026-09-03 04:54:17,866 - MainProcess - INFO - [AI->] https://openrouter.ai/api/v1/chat/completions z-ai/glm-5.3-flash (12 frames, max_tokens=2600)
2026-09-03 04:54:27,301 - MainProcess - INFO - [AI<-] z-ai/glm-5.3-flash ok in 35.8s | prompt_tok=15352 completion_tok=922 cost=$0.0026486 | 3836 chars
2026-09-03 04:54:27,301 - MainProcess - INFO - [VLM] Response received. Content len: 3836, Thinking len: 0

================================================================================
🤖 [cam17_17_Rajkot_Bus_Port_CCTV] SEGMENT VLM - #601 - 2026-06-13 22:29:17
================================================================================
Recorded 13-06-2026 (Saturday) 22:29:17 to 22:29:47 at Rajkot Bus Port, camera cam17_17_Rajkot_Bus_Port_CCTV. 1. SCENE The camera ("1 CENTER") overlooks a covered walkway and two-wheeler parking bay at Rajkot Bus Port, facing out towards the bus bays and the road beyond. Foreground: parked motorcycles/scooters and a closed metal shutter on the right. Background: bus bays with signage including "HOTEL JK", a "BUS EXIT ONLY" sign, and a "COTTON" advertisement board. Night-time, lit by artificial lighting; the road surface appears wet, suggesting recent rain. 2. TRAFFIC AND PEOPLE - Parked two-wheelers: approximately 12 15 motorcycles and scooters (mostly black, one white scooter, one with yellow accents) stationary in the parking bay throughout the clip. - One GSRTC bus, white/light blue livery, in the left bus bay at the start, departing leftwards and gone by about 30s. - One GSRTC bus, orange/white livery, entering from the left around 35 40s and remaining in the bay through the end of the clip. - A further blue/white bus visible in the far background early in the clip. - One motorcycle with rider (rider in white shirt, helmetless) moving left to right through the bus area around 30 45s. - Pedestrians: a man in a blue shirt standing near the first bus from the start, at one point raising a phone (about 25s), later moving to the planter edge and sitting/leaning there from about 50s onwards; a man in a white shirt near the first bus who leaves around 20s; a man in dark uniform-style clothing near the bus early on, gone by 20s; a person in white shirt at the bottom-left corner throughout; one or two people near the orange bus around 40 50s. 3. VEHICLES IDENTIFIED CONFIRMED: - GSRTC (Gujarat State Road Transport Corporation) bus, white with light-blue skirt, livery text "GSRTC" legible on the side, stationary in the left bay at 0s, departing leftwards and exiting by about 30s. - GSRTC bus, orange and white livery, "GSRTC" text legible, entering from the left around 35 40s and stationary in the bay to the end of the clip. PROBABLE (unconfirmed): - Blue and white city-style bus in the far background, 0 20s (unconfirmed) too distant and partially obscured by the first bus to read any markings. - Motorcycle with rider in white shirt, 30 45s (unconfirmed) motion blur and rear angle prevent any model identification. 4. REGISTRATIONS READ None legible. (Any plates present are too distant, angled or blurred; all reads would be single automatic reads, not verified against any registry.) 5. NOTABLE EVENTS None observed. The man in the blue shirt raises a phone towards the departing bus around 25s, consistent with photographing/filming, but nothing suspicious. A pair of sandals lies unattended on the walkway right of the parking bay throughout the clip noted for completeness, no owner seen. 6. CROWD AND CONGESTION None observed. Pedestrian numbers remain low (roughly 3 5 visible at any time); no queues or build-ups. 7. TRAFFIC VIOLATIONS None observed. The motorcycle rider around 30 45s appears helmetless, but the image is blurred and this cannot be confirmed with certainty. 8. PATTERN OF ACTIVITY This is routine bus-port activity at night. The dominant movement is buses cycling through the left-hand bay: a white/blue GSRTC bus is stationary at the start, departs leftwards in the first half of the clip, and is replaced around 35 40s by an orange/white GSRTC bus which then holds the bay. Two-wheeler traffic is minimal a single motorcycle passes through mid-clip. Pedestrian activity is light and static, mostly people standing near the buses; the man in the blue shirt is the only person tracked continuously, ending the clip seated at the planter edge. The parking bay and walkway are unchanged throughout. 9. QUIET PERIODS None observed bus movement and pedestrian presence continue throughout, though the walkway itself (right half of frame) is static for the full 55 seconds.
================================================================================

Batches:   0%|          | 0/1 [00:00<?, ?it/s]Batches: 100%|██████████| 1/1 [00:00<00:00, 11.13it/s]
2026-09-03 04:54:28,279 - MainProcess - INFO - ✅ Segment #601 stored in MongoDB
✅ Segment #601 from Camera cam17_17_Rajkot_Bus_Port_CCTV stored in MongoDB
2026-09-03 04:54:28,280 - MainProcess - INFO - [cam17_17_Rajkot_Bus_Port_CCTV] segment 601 looks alert-worthy - asking z-ai/glm-5.3-flash
2026-09-03 04:54:28,280 - MainProcess - INFO - [AI->] https://openrouter.ai/api/v1/chat/completions z-ai/glm-5.3-flash (max_tokens=2000, prompt=5236 chars)
2026-09-03 04:54:32,589 - MainProcess - INFO - [AI<-] z-ai/glm-5.3-flash ok in 4.3s | prompt_tok=1315 completion_tok=47 cost=$0.00022075 | 14 chars returned
2026-09-03 04:54:32,589 - MainProcess - INFO - [cam17_17_Rajkot_Bus_Port_CCTV] ✅ Segment #601 complete
2026-09-03 04:54:33,557 - MainProcess - INFO - [Memory] RAM: 12.6% | Process: 2.01GB | GPU: 9178/24564MB (37.4%)
2026-09-03 04:54:33,557 - MainProcess - INFO - [cam17_17_Rajkot_Bus_Port_CCTV] #601  27/144 ( 18.8%) | seg  97.40s = seek 52.73 (12f, 4.39s/frame) + vlm  36.27 + azure  1.26 + embed  0.48 | avg  33.78s | elapsed 0:15:12 | ETA 1:05:52
2026-09-03 04:54:39,200 - MainProcess - INFO - [AI<-] z-ai/glm-5.3-flash ok in 30.8s | prompt_tok=15352 completion_tok=886 cost=$0.0026306 | 3744 chars
2026-09-03 04:54:39,200 - MainProcess - INFO - [VLM] Response received. Content len: 3744, Thinking len: 0

================================================================================
🤖 [cam17_17_Rajkot_Bus_Port_CCTV] SEGMENT VLM - #600 - 2026-06-13 22:28:17
================================================================================
Recorded 13-06-2026 (Saturday) 22:28:17 to 22:28:47 at Rajkot Bus Port, camera cam17_17_Rajkot_Bus_Port_CCTV. 1. SCENE The camera ("1 CENTER") overlooks a two-wheeler parking bay and covered walkway at Rajkot Bus Port at night. Foreground: rows of parked motorcycles and scooters, a raised planter, and a closed metal shutter on the right. Background: the public road outside the port with a lit "HOTEL JK" signboard, a "BUS EXIT ONLY" sign, and commercial hoardings (including one reading "COTTON" with a mobile number). Lighting is artificial street/shop lighting; the scene is dim with some glare from vehicle headlights on the road. 2. TRAFFIC AND PEOPLE - Approximately 12 15 parked two-wheelers (mostly black motorcycles, one white scooter, one yellow/black motorcycle) stationary throughout the clip. - Road traffic: a white bus parked/standing on the far side of the road early in the clip; a green-and-yellow auto-rickshaw moving left to right around 10 20s; several cars and motorcycles with headlights on passing on the road throughout. - People: a group of three to four men (one in a light blue shirt, one in white t-shirt) standing near the parking area at the start, dispersing by 15 20s. A man in a blue shirt with a shoulder bag stands near the planter from about 10s to the end of the clip, mostly stationary, at one point looking at a phone (around 40s). A man in a white shirt walks along the footpath near the hotel sign around 5 15s. A person in dark clothing walks along the walkway right of the planter around 30 35s. From about 40s, a large white GSRTC bus enters from the left and moves slowly rightward across the background; two or three men (one in white t-shirt, one in blue shirt) stand near it, appearing to board or wait, through the end of the clip. 3. VEHICLES IDENTIFIED CONFIRMED: - GSRTC white public transport bus, red/blue livery, "GSRTC" legible on side, entering from left and moving slowly right, seen from about 40s to end of clip. PROBABLE (unconfirmed): - White intercity coach, "Shikropa"-style text on front partially legible, standing on far side of road 0 35s (unconfirmed) distance, night lighting and angle prevent reading operator or plate. - Green-and-yellow auto-rickshaw, moving left to right on the road around 10 20s (unconfirmed) motion blur and darkness. - Dark hatchback/car with headlights on, road traffic around 0 15s (unconfirmed) headlight glare and distance. 4. REGISTRATIONS READ None legible. (Any registration text visible on parked two-wheelers or buses is too small, angled or blurred to read; all reads would be single automatic reads, not verified against any registry.) 5. NOTABLE EVENTS None observed. Movement is consistent with normal bus-port activity: pedestrians waiting, a bus arriving, and routine road traffic. A pair of footwear lies unattended on the walkway right of the planter throughout the clip noted for completeness, no owner seen. 6. CROWD AND CONGESTION None observed. No more than four or five people visible at any one time; no queues or jams. 7. TRAFFIC VIOLATIONS None observed. 8. PATTERN OF ACTIVITY The clip shows routine night-time activity at the bus port exit. Early frames are dominated by a small group of men loitering near the two-wheeler parking before dispersing, with steady car and auto-rickshaw traffic on the road behind. The main change comes around 40s, when a large white GSRTC bus enters from the left and moves slowly along the bus exit lane, drawing two or three waiting men toward it, apparently to board. Parked two-wheelers remain untouched throughout. Traffic flows left to right on the road; pedestrian activity is light and calm. 9. QUIET PERIODS None observed road traffic and pedestrian movement continue throughout, though the walkway on the right remains still except for the person passing around 30 35s.
================================================================================

Batches:   0%|          | 0/1 [00:00<?, ?it/s]Batches: 100%|██████████| 1/1 [00:00<00:00, 37.45it/s]
2026-09-03 04:54:40,128 - MainProcess - INFO - ✅ Segment #600 stored in MongoDB
✅ Segment #600 from Camera cam17_17_Rajkot_Bus_Port_CCTV stored in MongoDB
2026-09-03 04:54:40,129 - MainProcess - INFO - [cam17_17_Rajkot_Bus_Port_CCTV] segment 600 looks alert-worthy - asking z-ai/glm-5.3-flash
2026-09-03 04:54:40,129 - MainProcess - INFO - [AI->] https://openrouter.ai/api/v1/chat/completions z-ai/glm-5.3-flash (max_tokens=2000, prompt=5145 chars)
2026-09-03 04:54:41,747 - MainProcess - WARNING - [cam13_stream-13] Segment #172: frame seek failed, skipping
2026-09-03 04:54:41,940 - MainProcess - INFO - [AI->] https://openrouter.ai/api/v1/chat/completions z-ai/glm-5.3-flash (12 frames, max_tokens=2600)
2026-09-03 04:54:43,028 - MainProcess - INFO - [Memory] RAM: 12.5% | Process: 2.04GB | GPU: 7550/24564MB (30.7%)
2026-09-03 04:54:43,029 - MainProcess - INFO - [cam13_stream-13] #172  80/627 ( 12.8%) | seg   0.00s = seek 78.80 (0f, 78.80s/frame) + vlm   0.00 + azure  0.00 + embed  0.00 | avg  11.54s | elapsed 0:15:22 | ETA 1:45:09
2026-09-03 04:54:44,488 - MainProcess - INFO - [AI<-] z-ai/glm-5.3-flash ok in 26.6s | prompt_tok=15352 completion_tok=738 cost=$0.0025566 | 3135 chars
2026-09-03 04:54:44,488 - MainProcess - INFO - [VLM] Response received. Content len: 3135, Thinking len: 0

================================================================================
🤖 [cam17_17_Rajkot_Bus_Port_CCTV] SEGMENT VLM - #602 - 2026-06-13 22:30:17
================================================================================
Recorded 13-06-2026 (Saturday) 22:30:17 to 22:30:47 at Rajkot Bus Port, camera cam17_17_Rajkot_Bus_Port_CCTV. 1. SCENE The camera ("1 CENTER") overlooks a covered walkway and two-wheeler parking bay at Rajkot Bus Port, with a view out onto the adjacent street/bus exit lane to the left. It is night; the scene is lit by street and shop lighting, and the road surface appears wet and reflective, suggesting recent rain. Illuminated signage is visible including "HOTEL JK", a "BUS EXIT ONLY" sign, and a yellow advertisement board reading "COTTON" with a contact number "Mo. 87339 29701 / 702". Shop shutters on the right are closed. 2. TRAFFIC AND PEOPLE - One orange and white GSRTC bus, moving slowly leftward along the bus exit lane throughout the first ~45 seconds of the clip. - A second orange/white bus visible further back in the early frames, departing leftward. - Around 40s in, headlights of oncoming traffic appear in the distance; by 45 50s a white car, an auto-rickshaw and other vehicles are moving along the street toward the camera. - Approximately 10 12 parked two-wheelers (motorcycles and scooters, mostly black, plus one white scooter and one white motorcycle) in the foreground bay, stationary throughout. - One man in a blue/grey shirt seated on the parking-bay ledge from the start of the clip, remaining seated and looking down (apparently at a phone) throughout. - A person in a white shirt partially visible at the far left edge in the later frames. - A pair of sandals left on the tiled walkway, centre-right, present throughout. 3. VEHICLES IDENTIFIED CONFIRMED: - GSRTC orange/white state transport bus, registration not legible, travelling leftward along the bus exit lane, seen from 0s through ~45s. PROBABLE (unconfirmed): - White car (hatchback/sedan class, unconfirmed), approaching on the street with headlights on, ~45 50s distance and headlight glare prevent confirmation. - Auto-rickshaw, three-wheeler, approaching on the street, ~45 50s (unconfirmed due to distance and motion blur). - Second orange/white bus in the background, 0 10s (unconfirmed rear/side angle, distance). 4. REGISTRATIONS READ None legible. (Any registration text visible on the GSRTC bus is too small/blurred; these would be single automatic reads only, not verified against any registry.) 5. NOTABLE EVENTS None observed. The seated man remains in place with no suspicious contact; the sandals on the walkway are unattended but appear static and unremarkable across the whole clip. 6. CROWD AND CONGESTION None observed. Pedestrian activity is minimal; no queues or build-ups. 7. TRAFFIC VIOLATIONS None observed. 8. PATTERN OF ACTIVITY The clip is dominated by the slow leftward departure of GSRTC buses along the exit lane in the first three-quarters of the footage, with the parking bay and walkway essentially static. In the final ~10 seconds the bus lane empties and general street traffic (cars, auto-rickshaws) becomes the visible movement, approaching the camera. The change from bus-exit activity to ordinary street traffic marks the main transition between early and late frames. 9. QUIET PERIODS None observed bus movement or street traffic is present throughout, and the seated man is continuously visible.
================================================================================

Batches:   0%|          | 0/1 [00:00<?, ?it/s]Batches: 100%|██████████| 1/1 [00:00<00:00, 40.56it/s]
2026-09-03 04:54:45,400 - MainProcess - INFO - ✅ Segment #602 stored in MongoDB
✅ Segment #602 from Camera cam17_17_Rajkot_Bus_Port_CCTV stored in MongoDB
2026-09-03 04:54:45,401 - MainProcess - INFO - [cam17_17_Rajkot_Bus_Port_CCTV] segment 602 looks alert-worthy - asking z-ai/glm-5.3-flash
2026-09-03 04:54:45,401 - MainProcess - INFO - [AI->] https://openrouter.ai/api/v1/chat/completions z-ai/glm-5.3-flash (max_tokens=2000, prompt=4540 chars)
2026-09-03 04:54:46,938 - MainProcess - INFO - [AI<-] z-ai/glm-5.3-flash ok in 6.8s | prompt_tok=1279 completion_tok=110 cost=$0.000119585 | 14 chars returned
2026-09-03 04:54:46,938 - MainProcess - INFO - [cam17_17_Rajkot_Bus_Port_CCTV] ✅ Segment #600 complete
2026-09-03 04:54:46,939 - MainProcess - INFO - [cam17_17_Rajkot_Bus_Port_CCTV] #600  28/144 ( 19.4%) | seg 133.38s = seek 90.48 (12f, 7.54s/frame) + vlm  31.30 + azure  1.45 + embed  0.41 | avg  33.05s | elapsed 0:15:25 | ETA 1:03:54
2026-09-03 04:54:47,343 - MainProcess - INFO - [AI<-] z-ai/glm-5.3-flash ok in 1.9s | prompt_tok=1133 completion_tok=7 cost=$0.00017345 | 14 chars returned
2026-09-03 04:54:47,343 - MainProcess - INFO - [cam17_17_Rajkot_Bus_Port_CCTV] ✅ Segment #602 complete
2026-09-03 04:54:47,346 - MainProcess - INFO - [cam17_17_Rajkot_Bus_Port_CCTV] #602  29/144 ( 20.1%) | seg  90.94s = seek 57.94 (12f, 4.83s/frame) + vlm  27.13 + azure  1.29 + embed  0.41 | avg  31.93s | elapsed 0:15:25 | ETA 1:01:11
2026-09-03 04:54:55,453 - MainProcess - INFO - [AI<-] z-ai/glm-5.3-flash ok in 13.5s | prompt_tok=15352 completion_tok=1241 cost=$0.0029233 | 3930 chars
2026-09-03 04:54:55,453 - MainProcess - INFO - [VLM] Response received. Content len: 3930, Thinking len: 584

================================================================================
🤖 [cam15_stream-15] SEGMENT VLM - #671 - 2026-06-14 08:10:57
================================================================================
Recorded 14-06-2026 (Sunday) 08:10:57 to 08:11:27 at Suvidhapark, camera cam15_stream-15. 1. SCENE The camera overlooks a signalised road junction at Suvidhapark (camera label "Suvidhapark P3 RLVD" bottom right), viewed from an elevated pole position. Zebra crossings mark the near approach and the far side; a traffic signal head stands on the right pole with a red/white bollard. Daytime, bright daylight with clear shadows; dry road, light traffic. 2. TRAFFIC AND PEOPLE - Motorcycles/scooters: numerous throughout a white scooter with rider in white shirt crossing the near zebra at 0s; a rider in white shirt on a dark scooter at 7s; a rider in white shirt and helmet on a dark scooter at 41s; a scooter carrying two riders (driver in white, pillion woman in a beige/tan outfit) crossing left-to-right at 46s; a woman in light blue/grey clothing on a white scooter entering bottom-left at 49s; several scooters in the distance throughout. - Cars: a grey hatchback crossing right-to-left at 7 8s; a white MPV entering from the right at 7s; a black compact SUV crossing the near zebra away from camera at 14s; a white MPV crossing right-to-left at 21s; a white SUV far side at 25s. - Auto-rickshaws: yellow-and-green, at least four one top-right at 0s, one crossing left at 25s, one on the near zebra at 31s, one crossing the junction at 49s, one entering bottom edge at 56s. - A three-wheeled goods carrier (yellow/green) top-right at 25s. - Cyclists: one rider in blue on a bicycle at the right edge at 14s; a heavily loaded cycle cart carrying a long rack of goods crossing left-to-right at 49 56s. - Pedestrians: a woman in a teal top and dark trousers walking across the carriageway left of centre at 7 14s, exiting top-left by 14s; a pedestrian far side at 0s. 3. VEHICLES IDENTIFIED CONFIRMED: None identified. PROBABLE (unconfirmed): - Grey hatchback, i20/Baleno class (unconfirmed), 7 8s rear three-quarter angle, motion blur, no badge legible. - White MPV, Innova/Ertiga class (unconfirmed), 7s and again 21s distance and angle, no badge readable. - Black compact SUV, Creta/Seltos class (unconfirmed), 14s rear view only, badge area not legible. - White SUV far side, Creta-class (unconfirmed), 25s extreme distance. 4. REGISTRATIONS READ - Plate appearing as "GJ 01 W L078" (single automatic read, not verified against any registry) on the black compact SUV, 14s. All other plates are too small or blurred to read. 5. NOTABLE EVENTS - A pedestrian woman in a teal top walks across the live carriageway outside the marked crossing area, mid-junction, between 7s and 14s, with vehicles passing nearby near-miss potential, alert-worthy. - A cyclist with a long goods rack crosses the junction slowly at 49 56s while a yellow auto-rickshaw enters the frame behind slow-moving obstruction, no contact observed. 6. CROWD AND CONGESTION None observed. Traffic flows freely throughout; no queues or build-ups at any point. 7. TRAFFIC VIOLATIONS - Pedestrian crossing the carriageway away from the zebra, 7 14s. - The signal head shows amber at 21s, 41s and 49s; vehicles are seen moving through the junction on these frames, suggesting movement during the amber phase, though the stop-line state cannot be fully confirmed from these samples. - No helmetless riders, wrong-way driving or three-on-a-motorcycle observed. 8. PATTERN OF ACTIVITY Light, free-flowing mixed traffic typical of a mid-morning urban junction: two-wheelers dominate, interspersed with auto-rickshaws, hatchbacks and MPVs moving in all four directions with no single dominant flow. Early frames show scooters and cars clearing the junction; mid-clip a black SUV and a white MPV pass through; late frames shift to auto-rickshaws and a loaded cycle cart. The only constant is steady two-wheeler movement; nothing accumulates or stops. 9. QUIET PERIODS Around 25s the junction is nearly empty apart from one scooter on the far left crossing; otherwise traffic is present in every frame. No fully static period observed.
================================================================================

Batches:   0%|          | 0/1 [00:00<?, ?it/s]Batches: 100%|██████████| 1/1 [00:00<00:00, 32.86it/s]
2026-09-03 04:54:56,371 - MainProcess - INFO - ✅ Segment #671 stored in MongoDB
✅ Segment #671 from Camera cam15_stream-15 stored in MongoDB
2026-09-03 04:54:56,371 - MainProcess - INFO - [cam15_stream-15] segment 671 looks alert-worthy - asking z-ai/glm-5.3-flash
2026-09-03 04:54:56,371 - MainProcess - INFO - [AI->] https://openrouter.ai/api/v1/chat/completions z-ai/glm-5.3-flash (max_tokens=2000, prompt=5286 chars)
2026-09-03 04:55:00,751 - MainProcess - WARNING - [cam13_stream-13] Segment #174: frame seek failed, skipping
2026-09-03 04:55:00,752 - MainProcess - INFO - [cam13_stream-13] #174  81/627 ( 12.9%) | seg   0.00s = seek 54.49 (0f, 54.49s/frame) + vlm   0.00 + azure  0.00 + embed  0.00 | avg  11.61s | elapsed 0:15:40 | ETA 1:45:39
2026-09-03 04:55:00,937 - MainProcess - WARNING - [cam13_stream-13] Segment #173: frame seek failed, skipping
2026-09-03 04:55:00,937 - MainProcess - INFO - [cam13_stream-13] #173  82/627 ( 13.1%) | seg   0.00s = seek 56.29 (0f, 56.29s/frame) + vlm   0.00 + azure  0.00 + embed  0.00 | avg  11.47s | elapsed 0:15:40 | ETA 1:44:12
2026-09-03 04:55:01,526 - MainProcess - INFO - [AI<-] z-ai/glm-5.3-flash ok in 5.2s | prompt_tok=1390 completion_tok=39 cost=$0.00011016 | 121 chars returned
2026-09-03 04:55:01,526 - MainProcess - INFO - [cam15_stream-15] segment 671 alert suppressed (cooldown): Pedestrian crossing carriageway mid-junction outside zebra, 08:10-08:11
2026-09-03 04:55:01,526 - MainProcess - INFO - [cam15_stream-15] ✅ Segment #671 complete
2026-09-03 04:55:02,442 - MainProcess - INFO - [Memory] RAM: 12.9% | Process: 1.99GB | GPU: 7415/24564MB (30.2%)
2026-09-03 04:55:02,442 - MainProcess - INFO - [cam15_stream-15] #671  24/73 ( 32.9%) | seg  82.23s = seek 60.92 (12f, 5.08s/frame) + vlm  14.02 + azure  1.18 + embed  0.42 | avg  39.25s | elapsed 0:15:41 | ETA 0:32:03
2026-09-03 04:55:10,447 - MainProcess - INFO - [AI->] https://openrouter.ai/api/v1/chat/completions z-ai/glm-5.3-flash (12 frames, max_tokens=2600)
2026-09-03 04:55:11,551 - MainProcess - INFO - [AI<-] z-ai/glm-5.3-flash ok in 117.5s | prompt_tok=15352 completion_tok=1256 cost=$0.0014078 | 5308 chars
2026-09-03 04:55:11,551 - MainProcess - INFO - [VLM] Response received. Content len: 5308, Thinking len: 43

================================================================================
🤖 [cam15_stream-15] SEGMENT VLM - #669 - 2026-06-14 08:08:57
================================================================================
Recorded 14-06-2026 (Sunday) 08:08:57 to 08:09:27 at Suvidhapark, camera cam15_stream-15. 1. SCENE The camera overlooks a wide signalised road junction at Suvidhapark (camera legend 'Suvidhapark P3 RLVD' bottom right). Zebra crossings mark all approaches; traffic signal heads hang at the right edge and show an amber indication throughout the clip. Lighting is natural daytime, hazy/hazy-bright, consistent with early morning. A footpath with a small shelter structure and painted building wall is visible on the left; a traffic island with a bollard and signpost sits on the right. 2. TRAFFIC AND PEOPLE - Two-wheeler riders: approximately 10-12 across the clip (scooters and motorcycles, various colours including dark, red, blue and black). - Bicycles: 4 riders - one in dark clothing crossing left-to-right (~0-12s), one in red shirt on the left approach (~48s), one in light blue top on the right approach (~48s), one further back (~52s). - Auto-rickshaws: 4-5, all yellow-and-green livery, crossing right-to-left and left-to-right. - Goods vehicle: one white-and-green open-canvas truck/lorry (~5s). - Red mini-bus/van with white roof and advertising text on its side (~18-26s), travelling right-to-left. - White SUV (~27s), right-to-left. - White inter-city coach/bus (~33-39s), travelling away from camera, with legible text on rear. - Dark/black compact SUV (~48s), moving away from camera across the crossing, carrying a rider in red alongside. - No pedestrians on the crossings other than riders dismounting/cycling. 3. VEHICLES IDENTIFIED CONFIRMED: - White coach/bus, rear display legible 'PATEL' with route text and 'WWW.PTTBUS.IN' on the rear body panel, travelling away from camera towards the far junction, ~33-39s. - Dark/black compact SUV with a legible Gujarat-format 'GJ' registration on its rear plate, moving away from camera across the near crossing, ~48s. (Plate digits not reliably readable; see section 4.) No other vehicle badges or body-shape confirmations possible at this angle/quality. PROBABLE (unconfirmed): - White open-canvas goods truck on a Jeep-style 4x4 chassis (Bolero-class, unconfirmed), right-to-left crossing, ~5s - front badge not legible at distance. - White compact SUV (Creta/Seltos-class, unconfirmed), right-to-left, ~27s - badge and plate not legible at this distance and slight motion blur. - Red mini-bus on an OMNI/Traveler-style van chassis (unconfirmed), ~18-26s - small-format rear engine van, badge not readable, advertising text partially blurred. - Yellow-and-green auto-rickshaws throughout (type is standard, individual makes not assessed). 4. REGISTRATIONS READ All of the following are single automatic reads from the video frames, not verified against any registry: - Dark/black compact SUV, rear plate in Gujarat 'GJ' series - partial read only, digits not reliably legible, ~48s. - No other registration numbers legible on any vehicle; auto-rickshaw, truck, bus and two-wheeler plates are too distant, blurred or rear-angle obscured. 5. NOTABLE EVENTS - The traffic signal shows amber throughout the clip while mixed traffic continuously crosses the junction in all directions, including several two-wheelers and the auto-rickshaws. This amber-while-crossing behaviour is consistent with red-light violation at an RLVD camera approach, though no hard red indication is visible in any sampled frame, so it is recorded as a caution rather than a confirmed violation. - Near-miss risk, ~10s: a cyclist in dark clothing crosses left-to-right across the path of an oncoming white scooter with a pillion; no contact, riders pass close without apparent braking. - Nothing else unusual: no collision, no unattended object, no person on the ground. 6. CROWD AND CONGESTION None observed. Traffic flows freely in all directions throughout; no queue or jam builds at the stop line at any point. 7. TRAFFIC VIOLATIONS - Red-signal/amber-phase crossing: with the signal head showing amber for the full 55 seconds, multiple two-wheelers, auto-rickshaws and cars cross the stop line and the junction continuously (~0-55s). On an RLVD approach this is alert-worthy; confirmation of red-light jumping requires the full-frame-rate footage. - Helmetless riders: at least two riders appear without helmets - the scooter rider in a grey/blue shirt (~15-25s) and the motorcycle rider in a light shirt (~42s), plus a scooter rider in white (~5s). Compliant helmets are visible on other riders. - Three-on-a-motorcycle: one motorcycle with a rider and two pillions is visible near the right edge, ~50-52s. - No wrong-way driving, footpath riding or blocking of the crossing observed. 8. PATTERN OF ACTIVITY This is steady mixed early-morning traffic at a multi-approach junction, dominated by two-wheelers and yellow-green auto-rickshaws moving in all directions with no single dominant stream, though a substantial left-to-right flow crosses from the right approach through the frame. Early in the clip the traffic is lighter - isolated two-wheelers, a cyclist and one goods vehicle; the middle of the clip brings the larger vehicles (red mini-bus, white SUV, then the PATEL coach); late in the clip flow thins again to two-wheelers, cyclists and the black SUV. Vehicle type, not volume, is what changes over the 55 seconds. 9. QUIET PERIODS None observed. There is always at least one moving vehicle or cyclist in frame across the whole clip.
================================================================================

Batches:   0%|          | 0/1 [00:00<?, ?it/s]Batches: 100%|██████████| 1/1 [00:00<00:00, 18.38it/s]
2026-09-03 04:55:12,492 - MainProcess - INFO - ✅ Segment #669 stored in MongoDB
✅ Segment #669 from Camera cam15_stream-15 stored in MongoDB
2026-09-03 04:55:12,493 - MainProcess - INFO - [cam15_stream-15] segment 669 looks alert-worthy - asking z-ai/glm-5.3-flash
2026-09-03 04:55:12,493 - MainProcess - INFO - [AI->] https://openrouter.ai/api/v1/chat/completions z-ai/glm-5.3-flash (max_tokens=2000, prompt=5291 chars)
2026-09-03 04:55:19,614 - MainProcess - INFO - [AI<-] z-ai/glm-5.3-flash ok in 7.1s | prompt_tok=1318 completion_tok=146 cost=$0.00013151 | 147 chars returned
2026-09-03 04:55:19,614 - MainProcess - INFO - [cam15_stream-15] segment 669 -> 1 alert(s)
2026-09-03 04:55:19,614 - MainProcess - WARNING - [cam15_stream-15] no VMS device id in camera_did_map.json - alert skipped: Amber signal throughout while mixed traffic crosses RLVD junction; possible red-light runn
2026-09-03 04:55:19,615 - MainProcess - INFO - [cam15_stream-15] ✅ Segment #669 complete
2026-09-03 04:55:19,617 - MainProcess - INFO - [cam15_stream-15] #669  25/73 ( 34.2%) | seg 206.41s = seek 79.16 (12f, 6.60s/frame) + vlm 118.03 + azure  1.25 + embed  0.44 | avg  38.37s | elapsed 0:15:59 | ETA 0:30:41
2026-09-03 04:55:34,771 - MainProcess - INFO - [AI->] https://openrouter.ai/api/v1/chat/completions z-ai/glm-5.3-flash (1 frames, max_tokens=40)
2026-09-03 04:55:35,755 - MainProcess - WARNING - [cam13_stream-13] Segment #175: frame seek failed, skipping
2026-09-03 04:55:36,878 - MainProcess - INFO - [Memory] RAM: 12.6% | Process: 2.08GB | GPU: 7645/24564MB (31.1%)
2026-09-03 04:55:36,879 - MainProcess - INFO - [cam13_stream-13] #175  83/627 ( 13.2%) | seg   0.00s = seek 54.01 (0f, 54.01s/frame) + vlm   0.00 + azure  0.00 + embed  0.00 | avg  11.77s | elapsed 0:16:16 | ETA 1:46:41
2026-09-03 04:55:47,249 - MainProcess - INFO - [AI<-] z-ai/glm-5.3-flash ok in 12.5s | prompt_tok=1442 completion_tok=15 cost=$0.0002238 | 22 chars
2026-09-03 04:55:48,584 - MainProcess - INFO - [AI->] https://openrouter.ai/api/v1/chat/completions z-ai/glm-5.3-flash (12 frames, max_tokens=2600)
2026-09-03 04:55:49,996 - MainProcess - INFO - [AI<-] z-ai/glm-5.3-flash ok in 39.5s | prompt_tok=15352 completion_tok=850 cost=$0.0027278 | 3482 chars
2026-09-03 04:55:49,996 - MainProcess - INFO - [VLM] Response received. Content len: 3482, Thinking len: 0

================================================================================
🤖 [cam15_stream-15] SEGMENT VLM - #672 - 2026-06-14 08:11:57
================================================================================
Recorded 14-06-2026 (Sunday) 08:11:57 to 08:12:27 at Suvidhapark, camera cam15_stream-15. 1. SCENE Daytime, bright sunlight, elevated view of a signalised four-arm junction with zebra crossings on all approaches, traffic signal heads on the right-hand pole, and a red-and-white bollard on the right kerb. Camera overlay reads "Suvidhapark P3 RLVD". Shadows are moderate, consistent with morning. 2. TRAFFIC AND PEOPLE - Auto-rickshaws: at least six visible across the clip yellow-green and green-bodied, including one green auto with black canopy carrying passengers crossing left-to-right around 41s. - Motorcycles/scooters: roughly ten two-wheelers, including a teal/blue scooter (0s), a white scooter with two riders (6s), a blue scooter (6s), a white-shirt rider on a black motorcycle (21s), a scooter with rider in white (29s), a motorcycle with two helmetless riders (46s), and a scooter entering from the right at 55s. - Cars: one white hatchback turning left across the crossing at 46s. - Bicycle: one cyclist crossing the far junction around 35s. - Pedestrians: a man in white shirt and dark trousers crossing the junction mid-carriageway (29s 41s); a man in striped shirt and white trousers crossing on the right (24s 29s); a woman in a red patterned dress with green head covering and blue bag entering the near zebra from the left at 49s and still crossing at 55s. 3. VEHICLES IDENTIFIED CONFIRMED None identified. PROBABLE (unconfirmed) - White compact hatchback, i10/Swift class (unconfirmed), turning left across the near crossing at 46s side angle, plate not legible, motion blur. - Green auto-rickshaw with black canopy, standard CNG auto type (unconfirmed), 41s rear three-quarter angle, no plate readable. - Multiple yellow-green auto-rickshaws, standard type (unconfirmed), 0s 24s distance and angle prevent confirmation. 4. REGISTRATIONS READ None legible. No plate in this clip is readable at this resolution or angle; any such line would be a single automatic read, not verified against any registry. 5. NOTABLE EVENTS - Around 29s 41s, a male pedestrian in white shirt and dark trousers walks across the middle of the junction through live traffic rather than using a zebra crossing; vehicles pass around him. No contact observed. - At 24s, a man in a striped shirt crosses the right-hand carriageway on foot near moving autos. - No collisions, near-misses, unattended objects or other incidents observed. 6. CROWD AND CONGESTION None observed. Traffic flows freely throughout; no queues or build-ups at any point. 7. TRAFFIC VIOLATIONS - Pedestrian crossing mid-junction away from the marked crossing, 29s 41s. - Two riders on one motorcycle without visible helmets, 46s. - Two-wheelers and autos crossing the junction while the signal shows amber/red on the near approach (amber visible at 21s and 49s), suggesting movement against the signal phase, 21s and 49s. 8. PATTERN OF ACTIVITY The clip shows light, free-flowing mixed traffic at a signalised junction, dominated by two-wheelers and auto-rickshaws with only one car. Movement is multi-directional through the intersection with no dominant lane queue. Early frames (0s 8s) are the busiest, with several autos and scooters crossing together; the middle of the clip (8s 21s) is nearly empty of vehicles, and activity resumes in trickier, smaller groups from 24s onward, ending with a lone pedestrian on the near zebra at 55s. 9. QUIET PERIODS Approximately 8s to 21s the carriageway is essentially empty of moving vehicles, with only distant pedestrians at the far crossing.
================================================================================

Batches:   0%|          | 0/1 [00:00<?, ?it/s]Batches: 100%|██████████| 1/1 [00:00<00:00, 23.21it/s]
2026-09-03 04:55:50,923 - MainProcess - INFO - ✅ Segment #672 stored in MongoDB
✅ Segment #672 from Camera cam15_stream-15 stored in MongoDB
2026-09-03 04:55:50,924 - MainProcess - INFO - [cam15_stream-15] segment 672 looks alert-worthy - asking z-ai/glm-5.3-flash
2026-09-03 04:55:50,924 - MainProcess - INFO - [AI->] https://openrouter.ai/api/v1/chat/completions z-ai/glm-5.3-flash (max_tokens=2000, prompt=4846 chars)
2026-09-03 04:55:52,035 - MainProcess - INFO - [AI->] https://openrouter.ai/api/v1/chat/completions z-ai/glm-5.3-flash (1 frames, max_tokens=40)
2026-09-03 04:55:54,427 - MainProcess - INFO - [AI<-] z-ai/glm-5.3-flash ok in 2.4s | prompt_tok=1442 completion_tok=15 cost=$0.0001119 | 22 chars
2026-09-03 04:55:54,666 - MainProcess - INFO - [AI<-] z-ai/glm-5.3-flash ok in 3.7s | prompt_tok=1229 completion_tok=107 cost=$0.00023785 | 308 chars returned
2026-09-03 04:55:54,666 - MainProcess - INFO - [cam15_stream-15] segment 672 -> 3 alert(s)
2026-09-03 04:55:54,666 - MainProcess - WARNING - [cam15_stream-15] no VMS device id in camera_did_map.json - alert skipped: Vehicles crossing junction against amber/red signal, 21s and 49s
2026-09-03 04:55:54,666 - MainProcess - WARNING - [cam15_stream-15] no VMS device id in camera_did_map.json - alert skipped: Two helmetless riders on one motorcycle, 46s
2026-09-03 04:55:54,666 - MainProcess - WARNING - [cam15_stream-15] no VMS device id in camera_did_map.json - alert skipped: Pedestrian crossing mid-junction through live traffic, 29s-41s
2026-09-03 04:55:54,667 - MainProcess - INFO - [cam15_stream-15] ✅ Segment #672 complete
2026-09-03 04:55:55,819 - MainProcess - INFO - [AI->] https://openrouter.ai/api/v1/chat/completions z-ai/glm-5.3-flash (12 frames, max_tokens=2600)
2026-09-03 04:55:56,899 - MainProcess - INFO - [Memory] RAM: 12.8% | Process: 2.11GB | GPU: 7453/24564MB (30.3%)
2026-09-03 04:55:56,899 - MainProcess - INFO - [cam15_stream-15] #672  26/73 ( 35.6%) | seg 105.92s = seek 60.49 (12f, 5.04s/frame) + vlm  40.05 + azure  1.01 + embed  0.43 | avg  38.32s | elapsed 0:16:36 | ETA 0:30:01
2026-09-03 04:56:01,056 - MainProcess - INFO - [AI->] https://openrouter.ai/api/v1/chat/completions z-ai/glm-5.3-flash (1 frames, max_tokens=40)
2026-09-03 04:56:04,321 - MainProcess - INFO - [AI<-] z-ai/glm-5.3-flash ok in 3.3s | prompt_tok=1442 completion_tok=15 cost=$0.0001119 | 22 chars
2026-09-03 04:56:05,713 - MainProcess - INFO - [AI->] https://openrouter.ai/api/v1/chat/completions z-ai/glm-5.3-flash (12 frames, max_tokens=2600)
2026-09-03 04:56:20,030 - MainProcess - INFO - [AI<-] z-ai/glm-5.3-flash ok in 24.2s | prompt_tok=15352 completion_tok=686 cost=$0.0025306 | 2836 chars
2026-09-03 04:56:20,030 - MainProcess - INFO - [VLM] Response received. Content len: 2836, Thinking len: 0
2026-09-03 04:56:20,041 - MainProcess - WARNING - [cam13_stream-13] Segment #176: frame seek failed, skipping

================================================================================
🤖 [cam17_17_Rajkot_Bus_Port_CCTV] SEGMENT VLM - #604 - 2026-06-13 22:32:17
================================================================================
Recorded 13-06-2026 (Saturday) 22:32:17 to 22:32:47 at Rajkot Bus Port, camera cam17_17_Rajkot_Bus_Port_CCTV. 1. SCENE Camera "1 CENTER" overlooks a two-wheeler parking bay and covered walkway at Rajkot Bus Port, with the bus exit lane and a GSRTC bus bay visible beyond. Night-time, lit by artificial lighting; the scene is dim with some glare and motion blur. Signage visible: "HOTEL JK" illuminated board, "BUS EXIT ONLY" sign, a "COTTON" advertisement board with Gujarati text and mobile numbers, and a GSRTC-branded bus. 2. TRAFFIC AND PEOPLE - One blue-and-white GSRTC bus, stationary in the bay throughout, moving slowly leftward out of frame by around 45s. - One green-and-yellow auto-rickshaw on the left, headlights on from about 15s, stationary/creeping at the edge of the parking area through the clip. - Approximately 10 12 parked two-wheelers (motorcycles and scooters, mostly black, one white scooter, one yellow-black bike) static throughout. - One man in a grey/blue shirt seated on a parked motorcycle near the planter, using a mobile phone, present from the start to the end of the clip. - One man in light-coloured clothing walks from the auto-rickshaw area across the parking bay left to right around 30 35s, then leaves view. - A white vehicle (bus/van, rear visible) passes in the exit lane in the background around 45 55s. 3. VEHICLES IDENTIFIED CONFIRMED: - GSRTC bus (state transport), blue and white livery, plate not legible, stationary then moving left out of the bay, seen throughout to ~45s. PROBABLE (unconfirmed): - White bus or large van, rear-only view in the exit lane, headlights/taillights visible, passes right to left in background ~45 55s (unconfirmed rear angle, darkness, distance). 4. REGISTRATIONS READ None legible. (Any plates visible on parked two-wheelers are too small/blurred; these would be single automatic reads only, not verified against any registry.) 5. NOTABLE EVENTS None observed. The seated man remains with his phone; no suspicious contact, bags or altercations seen. 6. CROWD AND CONGESTION None observed. Only one or two people visible at any time. 7. TRAFFIC VIOLATIONS None observed. 8. PATTERN OF ACTIVITY A quiet night-time scene. The dominant elements are static: the parked two-wheeler bay and the seated man using his phone. The only movement is the GSRTC bus slowly departing leftward in the first half of the clip, an auto-rickshaw waiting with headlights on at the left edge, one pedestrian crossing the parking area mid-clip, and a white bus/van passing through the exit lane in the final seconds. Little changed between early and late frames apart from the bus's departure. 9. QUIET PERIODS The parking bay and walkway are effectively still throughout; the only motion is background traffic. No fully dead interval the bus movement (0 45s) and the passing white vehicle (~45 55s) keep the clip active, but foot traffic is essentially nil from ~35s onward.
================================================================================

Batches:   0%|          | 0/1 [00:00<?, ?it/s]Batches: 100%|██████████| 1/1 [00:00<00:00, 11.91it/s]
2026-09-03 04:56:21,000 - MainProcess - INFO - ✅ Segment #604 stored in MongoDB
✅ Segment #604 from Camera cam17_17_Rajkot_Bus_Port_CCTV stored in MongoDB
2026-09-03 04:56:21,001 - MainProcess - INFO - [cam17_17_Rajkot_Bus_Port_CCTV] segment 604 looks alert-worthy - asking z-ai/glm-5.3-flash
2026-09-03 04:56:21,001 - MainProcess - INFO - [AI->] https://openrouter.ai/api/v1/chat/completions z-ai/glm-5.3-flash (max_tokens=2000, prompt=4240 chars)
2026-09-03 04:56:21,301 - MainProcess - INFO - [Memory] RAM: 12.7% | Process: 2.16GB | GPU: 9471/24564MB (38.6%)
2026-09-03 04:56:21,302 - MainProcess - INFO - [cam13_stream-13] #176  84/627 ( 13.4%) | seg   0.00s = seek 79.29 (0f, 79.29s/frame) + vlm   0.00 + azure  0.00 + embed  0.00 | avg  12.16s | elapsed 0:17:01 | ETA 1:50:00
2026-09-03 04:56:23,883 - MainProcess - INFO - [AI<-] z-ai/glm-5.3-flash ok in 2.9s | prompt_tok=1081 completion_tok=7 cost=$7.8985e-05 | 14 chars returned
2026-09-03 04:56:23,883 - MainProcess - INFO - [cam17_17_Rajkot_Bus_Port_CCTV] ✅ Segment #604 complete
2026-09-03 04:56:25,680 - MainProcess - INFO - [Memory] RAM: 12.9% | Process: 2.09GB | GPU: 9470/24564MB (38.6%)
2026-09-03 04:56:25,681 - MainProcess - INFO - [cam17_17_Rajkot_Bus_Port_CCTV] #604  30/144 ( 20.8%) | seg  96.95s = seek 65.08 (12f, 5.42s/frame) + vlm  24.72 + azure  1.22 + embed  0.47 | avg  34.14s | elapsed 0:17:04 | ETA 1:04:52
2026-09-03 04:56:26,940 - MainProcess - WARNING - [cam13_stream-13] Segment #177: frame seek failed, skipping
2026-09-03 04:56:26,941 - MainProcess - INFO - [cam13_stream-13] #177  85/627 ( 13.6%) | seg   0.00s = seek 86.00 (0f, 86.00s/frame) + vlm   0.00 + azure  0.00 + embed  0.00 | avg  12.08s | elapsed 0:17:06 | ETA 1:49:06
2026-09-03 04:56:32,355 - MainProcess - INFO - [AI<-] z-ai/glm-5.3-flash ok in 26.6s | prompt_tok=15352 completion_tok=816 cost=$0.0025956 | 3370 chars
2026-09-03 04:56:32,356 - MainProcess - INFO - [VLM] Response received. Content len: 3370, Thinking len: 0

================================================================================
🤖 [cam17_17_Rajkot_Bus_Port_CCTV] SEGMENT VLM - #605 - 2026-06-13 22:33:17
================================================================================
Recorded 13-06-2026 (Saturday) 22:33:17 to 22:33:47 at Rajkot Bus Port, camera cam17_17_Rajkot_Bus_Port_CCTV. 1. SCENE The camera ("1 CENTER") overlooks a covered walkway and two-wheeler parking bay at Rajkot Bus Port, with a view out onto the bus bays to the left. Illuminated signage is visible: "HOTEL JK" (2nd floor, AC/non-AC rooms, rooms from 799/- only), a "BUS EXIT ONLY" sign, and a yellow advertisement board for a cotton business with a mobile number (87339 29701 / 702). A closed metal shutter occupies the right of frame. It is night, lit by artificial lighting; the ground appears wet, suggesting recent rain. 2. TRAFFIC AND PEOPLE - Approximately 10 12 parked two-wheelers (motorcycles and scooters, mostly black, one white scooter, one yellow/black bike) in the foreground, stationary throughout. - One green-and-yellow auto-rickshaw parked at the left edge, stationary throughout. - A blue/white bus (appears to be GSRTC-style livery) in the left background, moving slowly leftward and out of frame in the first ~30 seconds. - A large white luxury coach with dark window band, entering from the top/centre at ~0s, moving leftward across the bus bay, gradually revealing "GSRTC" lettering on its side by ~40s; it remains in frame at the end of the clip. - One man in a blue shirt seated on a parked motorcycle near the centre, using a mobile phone, present throughout the clip. - One person in a red/dark top with a backpack walking leftward past the auto-rickshaw at ~10 15s. - One person in a red shirt near the white coach at ~15 20s. - One person in a checkered shirt walking leftward near the coach at ~35s. 3. VEHICLES IDENTIFIED CONFIRMED: - GSRTC white intercity coach, registration not legible, moving leftward through the bus bay, seen from ~0s to end of clip. The "GSRTC" branding is legible on the side from ~40s. PROBABLE (unconfirmed): - Blue and white state-style bus, GSRTC-class (unconfirmed), left background, moving leftward 0 30s; livery suggests a state transport bus but branding is not legible and it is partially obscured. - Green-and-yellow auto-rickshaw, parked, 0s throughout; type is clear but no identifying marks legible. 4. REGISTRATIONS READ None legible. (No registration plates on any vehicle are readable at this distance/angle; any numbers noted would be single automatic reads, not verified against any registry.) 5. NOTABLE EVENTS None observed. Movement is normal bus-bay traffic and pedestrian movement; no collisions, altercations or suspicious activity seen. 6. CROWD AND CONGESTION None observed. Pedestrian presence is sparse (no more than 2 3 people visible at any moment). 7. TRAFFIC VIOLATIONS None observed. 8. PATTERN OF ACTIVITY This is a quiet night-time scene at the bus port. The dominant activity is bus movement through the left-hand bays: a blue/white bus departs leftward in the first half of the clip, replaced by a large white GSRTC coach traversing the same bay leftward in the second half. The two-wheeler parking area and the seated man in blue remain completely static throughout, and the walkway on the right stays empty. The only change between early and late frames is the substitution of buses in the background bay; foreground activity does not change. 9. QUIET PERIODS The right-hand walkway is empty and motionless throughout the clip, but within the scene as a whole there is always some movement (buses, the seated man shifting, pedestrians). None observed as a fully still interval.
================================================================================

Batches:   0%|          | 0/1 [00:00<?, ?it/s]Batches: 100%|██████████| 1/1 [00:00<00:00, 40.24it/s]
2026-09-03 04:56:33,266 - MainProcess - INFO - ✅ Segment #605 stored in MongoDB
✅ Segment #605 from Camera cam17_17_Rajkot_Bus_Port_CCTV stored in MongoDB
2026-09-03 04:56:33,267 - MainProcess - INFO - [cam17_17_Rajkot_Bus_Port_CCTV] segment 605 looks alert-worthy - asking z-ai/glm-5.3-flash
2026-09-03 04:56:33,267 - MainProcess - INFO - [AI->] https://openrouter.ai/api/v1/chat/completions z-ai/glm-5.3-flash (max_tokens=2000, prompt=4780 chars)
2026-09-03 04:56:34,633 - MainProcess - INFO - [AI<-] z-ai/glm-5.3-flash ok in 1.4s | prompt_tok=1214 completion_tok=7 cost=$8.896e-05 | 14 chars returned
2026-09-03 04:56:34,633 - MainProcess - INFO - [cam17_17_Rajkot_Bus_Port_CCTV] ✅ Segment #605 complete
2026-09-03 04:56:34,638 - MainProcess - INFO - [cam17_17_Rajkot_Bus_Port_CCTV] #605  31/144 ( 21.5%) | seg 107.29s = seek 73.70 (12f, 6.14s/frame) + vlm  27.15 + azure  1.25 + embed  0.41 | avg  33.33s | elapsed 0:17:13 | ETA 1:02:46
2026-09-03 04:56:46,038 - MainProcess - WARNING - [cam13_stream-13] Segment #178: frame seek failed, skipping
2026-09-03 04:56:46,038 - MainProcess - INFO - [cam13_stream-13] #178  86/627 ( 13.7%) | seg   0.00s = seek 70.28 (0f, 70.28s/frame) + vlm   0.00 + azure  0.00 + embed  0.00 | avg  12.16s | elapsed 0:17:25 | ETA 1:49:39
2026-09-03 04:56:46,156 - MainProcess - INFO - [AI->] https://openrouter.ai/api/v1/chat/completions z-ai/glm-5.3-flash (12 frames, max_tokens=2600)
2026-09-03 04:56:46,805 - MainProcess - INFO - [AI->] https://openrouter.ai/api/v1/chat/completions z-ai/glm-5.3-flash (12 frames, max_tokens=2600)
2026-09-03 04:56:56,960 - MainProcess - INFO - [AI<-] z-ai/glm-5.3-flash ok in 10.8s | prompt_tok=15352 completion_tok=1086 cost=$0.0028458 | 3322 chars
2026-09-03 04:56:56,960 - MainProcess - INFO - [VLM] Response received. Content len: 3322, Thinking len: 661

================================================================================
🤖 [cam15_stream-15] SEGMENT VLM - #673 - 2026-06-14 08:12:57
================================================================================
Recorded 14-06-2026 (Sunday) 08:12:57 to 08:13:27 at Suvidhapark, camera cam15_stream-15. 1. SCENE The camera overlooks a signalised road junction at Suvidhapark (camera label "Suvidhapark P3 RLVD" visible on the overlay). Zebra crossings mark all approaches; a traffic signal pole stands on the right island, showing amber at the start and end of the clip. Daylight, overcast/hazy conditions, good visibility. A small shop or stall with a blue tarpaulin roof is visible on the left footpath. 2. TRAFFIC AND PEOPLE - One female pedestrian in a red/pink patterned sari with a green head covering, standing at the left kerb by the crossing for the entire clip; she steps to the edge but does not cross. - One male pedestrian in a light shirt crossing from the left footpath toward the left kerb around 34 41s. - One male pedestrian in a pink shirt and dark trousers crossing the right-hand crossing away from camera around 54s. - Two-wheelers: approximately 10 12 scooters/motorcycles crossing in both directions throughout, including one carrying a large rack of milk cans (29s), one with two riders (29s), and one rider in white rain poncho (34s). - Cars: one white compact SUV (8s), one white sedan (14s), one dark grey hatchback (25s), one dark SUV (25s), one grey sedan (29s), one white hatchback (39 41s), one white sedan (50s), one white SUV (54s). - One red tractor with an open trailer crossing left to right at 14s. - One large brown/yellow goods truck crossing right side at 25s. - Three yellow-and-green auto-rickshaws between 34s and 60s. - One cyclist near the far crossing at 8s. 3. VEHICLES IDENTIFIED CONFIRMED: None identified. PROBABLE (unconfirmed): - White compact SUV, Nexon-class (unconfirmed), 8s side angle, motion blur, no badge legible. - White compact sedan, Dzire/Aura class (unconfirmed), 14s distant, front three-quarter only. - Dark grey hatchback, Grand i10-class (unconfirmed), 25s rear angle, plate not legible. - Dark compact SUV, Creta/Seltos class (unconfirmed), 25s distant, top-down angle. - White SUV, Duster/Creta class (unconfirmed), 54s rear three-quarter, motion blur. All are leads only; distance, angle and motion blur prevented confirmation. 4. REGISTRATIONS READ None legible. (A plate is faintly visible on the dark hatchback at 25s but cannot be read; single automatic read, not verified against any registry.) 5. NOTABLE EVENTS None observed. Traffic flows orderly; the waiting pedestrian is not struck or endangered. 6. CROWD AND CONGESTION None observed. Vehicles cross the junction singly or in small groups; no queues form. 7. TRAFFIC VIOLATIONS None observed. Riders appear helmeted where discernible; no wrong-way movement or red-light jumping is visible in these frames. 8. PATTERN OF ACTIVITY Steady early-morning junction traffic dominated by two-wheelers, with cars, an auto-rickshaw or two, a tractor-trailer and a goods truck mixed in. Flow runs in both directions with no dominant direction. The only constant is the woman in the red sari waiting at the left kerb for the full clip. Early frames show the junction nearly empty with a single SUV crossing; mid-clip is the busiest (truck, tractor, milk-carrying scooter); late frames return to lighter, mostly two-wheeler and auto-rickshaw traffic. 9. QUIET PERIODS Around 0 5s and around 44 48s the junction is momentarily clear of moving traffic; otherwise activity is continuous.
================================================================================

Batches:   0%|          | 0/1 [00:00<?, ?it/s]Batches: 100%|██████████| 1/1 [00:00<00:00, 32.43it/s]
2026-09-03 04:56:57,878 - MainProcess - INFO - ✅ Segment #673 stored in MongoDB
✅ Segment #673 from Camera cam15_stream-15 stored in MongoDB
2026-09-03 04:56:57,879 - MainProcess - INFO - [cam15_stream-15] segment 673 looks alert-worthy - asking z-ai/glm-5.3-flash
2026-09-03 04:56:57,879 - MainProcess - INFO - [AI->] https://openrouter.ai/api/v1/chat/completions z-ai/glm-5.3-flash (max_tokens=2000, prompt=4684 chars)
2026-09-03 04:57:03,923 - MainProcess - INFO - [AI->] https://openrouter.ai/api/v1/chat/completions z-ai/glm-5.3-flash (12 frames, max_tokens=2600)
2026-09-03 04:57:08,281 - MainProcess - INFO - [AI<-] z-ai/glm-5.3-flash ok in 10.4s | prompt_tok=1210 completion_tok=7 cost=$9.25e-05 | 14 chars returned
2026-09-03 04:57:08,281 - MainProcess - INFO - [cam15_stream-15] ✅ Segment #673 complete
2026-09-03 04:57:10,132 - MainProcess - INFO - [Memory] RAM: 12.8% | Process: 2.01GB | GPU: 9901/24564MB (40.3%)
2026-09-03 04:57:10,132 - MainProcess - INFO - [cam15_stream-15] #673  27/73 ( 37.0%) | seg 126.76s = seek 103.59 (12f, 8.63s/frame) + vlm  11.31 + azure  0.70 + embed  0.42 | avg  39.62s | elapsed 0:17:49 | ETA 0:30:22
2026-09-03 04:57:27,545 - MainProcess - WARNING - [cam13_stream-13] Segment #179: frame seek failed, skipping
2026-09-03 04:57:28,947 - MainProcess - INFO - [Memory] RAM: 12.5% | Process: 2.06GB | GPU: 7681/24564MB (31.3%)
2026-09-03 04:57:28,947 - MainProcess - INFO - [cam13_stream-13] #179  87/627 ( 13.9%) | seg   0.00s = seek 67.50 (0f, 67.50s/frame) + vlm   0.00 + azure  0.00 + embed  0.00 | avg  12.51s | elapsed 0:18:08 | ETA 1:52:37
2026-09-03 04:57:34,094 - MainProcess - INFO - [AI->] https://openrouter.ai/api/v1/chat/completions z-ai/glm-5.3-flash (1 frames, max_tokens=40)
2026-09-03 04:57:34,943 - MainProcess - WARNING - [cam13_stream-13] Segment #180: frame seek failed, skipping
2026-09-03 04:57:34,943 - MainProcess - INFO - [cam13_stream-13] #180  88/627 ( 14.0%) | seg   0.00s = seek 68.00 (0f, 68.00s/frame) + vlm   0.00 + azure  0.00 + embed  0.00 | avg  12.44s | elapsed 0:18:14 | ETA 1:51:45
2026-09-03 04:57:35,035 - MainProcess - INFO - [AI->] https://openrouter.ai/api/v1/chat/completions z-ai/glm-5.3-flash (1 frames, max_tokens=40)
2026-09-03 04:57:36,514 - MainProcess - INFO - [AI<-] z-ai/glm-5.3-flash ok in 2.4s | prompt_tok=1442 completion_tok=15 cost=$0.0001119 | 22 chars
2026-09-03 04:57:37,919 - MainProcess - INFO - [AI->] https://openrouter.ai/api/v1/chat/completions z-ai/glm-5.3-flash (12 frames, max_tokens=2600)
2026-09-03 04:57:38,138 - MainProcess - INFO - [AI<-] z-ai/glm-5.3-flash ok in 3.1s | prompt_tok=1442 completion_tok=15 cost=$0.0001119 | 22 chars
2026-09-03 04:57:38,825 - MainProcess - INFO - [AI<-] z-ai/glm-5.3-flash ok in 110.2s | prompt_tok=15352 completion_tok=1024 cost=$0.00048964 | 4444 chars
2026-09-03 04:57:38,826 - MainProcess - INFO - [VLM] Response received. Content len: 4444, Thinking len: 0
2026-09-03 04:57:38,897 - MainProcess - INFO - [AI->] https://openrouter.ai/api/v1/chat/completions z-ai/glm-5.3-flash (12 frames, max_tokens=2600)

================================================================================
🤖 [cam17_17_Rajkot_Bus_Port_CCTV] SEGMENT VLM - #603 - 2026-06-13 22:31:17
================================================================================
Recorded 13-06-2026 (Saturday) 22:31:17 to 22:31:47 at Rajkot Bus Port, camera cam17_17_Rajkot_Bus_Port_CCTV. 1. SCENE The camera (marked "1 CENTER") overlooks a pavement and motorcycle-parking area beside a commercial building at Rajkot Bus Port, with a road running left to right in the background. Illuminated signage is visible throughout: "HOTEL JK" (A/C, Non A/C Rooms, rooms from 799/-), a "BUS EXIT ONLY" sign, and a yellow/red "COTTON" advertisement board with a phone number (87339 29701 / 702). A closed metal shutter fronts an empty walkway on the right. It is night; lighting comes from streetlights, shop signs and vehicle headlights, with wet reflective road surface and visible mist/haze. A single pair of sandals lies stationary on the walkway throughout. 2. TRAFFIC AND PEOPLE - Approximately 10-12 parked two-wheelers (motorcycles and scooters, mostly black, plus one white scooter) in the foreground, static throughout. - A man in a grey/blue shirt seated on the retaining wall near the parked bikes for the whole clip, appearing to use a mobile phone. - A man in a white t-shirt and dark trousers walking on the road at the start, moving left-to-right and exiting by about 15s. - A man in dark clothing standing near the roadside pole around 15-20s, then gone. - A man in a light shirt with a shoulder bag crossing the road area around 25s. - A man in a white t-shirt standing by the parked bikes at the left edge from about 30s. - From roughly 40s onward a group of pedestrians (4-6, mixed dark and light clothing) gathers on the left near a yellow-green auto-rickshaw, some appearing to board or interact with it. - Road traffic throughout: at least one GSRTC bus, a white "GUJARAT" goods bus early on, an ambulance-type white van with red markings (~10s), several auto-rickshaws (one yellow-green prominent from ~40s), a truck or large vehicle around 35-40s, and multiple two-wheelers with headlights on moving both directions. 3. VEHICLES IDENTIFIED CONFIRMED: - GSRTC bus, blue and white livery, registration not legible, travelling right-to-left along the road, visible from about 40s to the end of the clip. (Operator name "GSRTC" is legible on the body; this is the only confirmation available.) PROBABLE (unconfirmed): - White van with red roof stripe, ambulance-type (unconfirmed), moving right-to-left, ~10s rear/side angle and headlight glare obscure identity. - White medium goods bus/tempo with "GUJARAT" lettering (unconfirmed), stationary or slow-moving in background, ~0-15s too distant and blurred. - Yellow-green auto-rickshaw (unconfirmed), enters left ~40s and remains with pedestrians around it a body type only, no make readable. - Dark truck/large goods vehicle (unconfirmed), passing right-to-left ~35-40s headlight glare and motion blur. - Multiple dark motorcycles with riders (unconfirmed) crossing the road at various points, ~0-55s night glare, plates unreadable. 4. REGISTRATIONS READ None legible. (Any registration text present is beyond readable resolution on these night frames; no reads to verify against any registry.) 5. NOTABLE EVENTS None observed. Pedestrian and traffic movement appears normal; no collisions, altercations, abandoned items or restricted-area entry. The sandals on the walkway are present from the first frame and are noted only as an unattended object of no evident significance. 6. CROWD AND CONGESTION A small pedestrian group (4-6 people) forms on the left side near the yellow-green auto-rickshaw from about 40s onward, apparently interacting with the vehicle. No queue, jam or build-up otherwise; background road traffic flows steadily throughout. 7. TRAFFIC VIOLATIONS None observed. 8. PATTERN OF ACTIVITY This is a steady night scene at the bus port fringe. The dominant movement is light two-wheeler and auto-rickshaw traffic flowing right-to-left along the background road, with headlights constantly visible. Early frames show individual pedestrians passing through; the foreground is dominated by static parked motorcycles and one seated man who remains for the full 55 seconds. The main change late in the clip is the arrival of the GSRTC bus moving along the road and the gathering of a small group of pedestrians around the auto-rickshaw on the left, suggesting passenger pick-up/drop-off activity picking up toward the end. 9. QUIET PERIODS None observed. Vehicle headlights and pedestrian movement are present in every frame; the scene is active throughout, though the foreground parking area itself stays still apart from the seated man.
================================================================================

Batches:   0%|          | 0/1 [00:00<?, ?it/s]Batches: 100%|██████████| 1/1 [00:00<00:00, 25.51it/s]
2026-09-03 04:57:39,752 - MainProcess - INFO - ✅ Segment #603 stored in MongoDB
✅ Segment #603 from Camera cam17_17_Rajkot_Bus_Port_CCTV stored in MongoDB
2026-09-03 04:57:39,752 - MainProcess - INFO - [cam17_17_Rajkot_Bus_Port_CCTV] segment 603 looks alert-worthy - asking z-ai/glm-5.3-flash
2026-09-03 04:57:39,752 - MainProcess - INFO - [AI->] https://openrouter.ai/api/v1/chat/completions z-ai/glm-5.3-flash (max_tokens=2000, prompt=5309 chars)
2026-09-03 04:57:41,819 - MainProcess - INFO - [AI<-] z-ai/glm-5.3-flash ok in 2.1s | prompt_tok=1310 completion_tok=22 cost=$9.991e-05 | 14 chars returned
2026-09-03 04:57:41,819 - MainProcess - INFO - [cam17_17_Rajkot_Bus_Port_CCTV] ✅ Segment #603 complete
2026-09-03 04:57:43,342 - MainProcess - INFO - [Memory] RAM: 12.4% | Process: 2.11GB | GPU: 6954/24564MB (28.3%)
2026-09-03 04:57:43,344 - MainProcess - INFO - [cam17_17_Rajkot_Bus_Port_CCTV] #603  32/144 ( 22.2%) | seg 189.20s = seek 62.14 (12f, 5.18s/frame) + vlm 110.75 + azure  1.18 + embed  0.42 | avg  34.44s | elapsed 0:18:21 | ETA 1:04:16
2026-09-03 04:57:51,355 - MainProcess - WARNING - [cam13_stream-13] Segment #181: frame seek failed, skipping
2026-09-03 04:57:51,355 - MainProcess - INFO - [cam13_stream-13] #181  89/627 ( 14.2%) | seg   0.00s = seek 65.32 (0f, 65.32s/frame) + vlm   0.00 + azure  0.00 + embed  0.00 | avg  12.48s | elapsed 0:18:31 | ETA 1:51:56
2026-09-03 04:58:05,860 - MainProcess - INFO - [AI<-] z-ai/glm-5.3-flash ok in 27.9s | prompt_tok=15352 completion_tok=803 cost=$0.0025891 | 3374 chars
2026-09-03 04:58:05,860 - MainProcess - INFO - [VLM] Response received. Content len: 3374, Thinking len: 0

================================================================================
🤖 [cam17_17_Rajkot_Bus_Port_CCTV] SEGMENT VLM - #606 - 2026-06-13 22:34:17
================================================================================
Recorded 13-06-2026 (Saturday) 22:34:17 to 22:34:47 at Rajkot Bus Port, camera cam17_17_Rajkot_Bus_Port_CCTV. 1. SCENE The camera ("1 CENTER") overlooks a two-wheeler parking bay and covered walkway at Rajkot Bus Port, at night. The scene is lit by artificial lighting and vehicle headlights; the road surface appears wet, suggesting recent rain. Signage visible includes an illuminated "HOTEL JK" board (AC, Non AC Rooms, Rooms start from 799/- only, 2nd Floor), a "BUS EXIT ONLY" sign, a yellow "COTTON" advertisement board with a mobile number (Mo. 87339 29701 / 702), and Gujarati-language directional signs. A closed metal shutter lines the right side of the walkway. 2. TRAFFIC AND PEOPLE - One GSRTC premium-service bus (white with blue and orange livery) parked on the left at the start of the clip; it departs leftward around 25 30s in. - Approximately 12 15 parked two-wheelers (motorcycles and scooters, mostly black, plus one white scooter and one white/blue scooter) in the foreground, stationary throughout. - One person in dark/blue clothing seated near the parked scooters from the start of the clip, remaining in the area throughout (visible again around 50s). - From about 25s onward, road traffic becomes visible in the background: multiple motorcycles with headlights on travelling toward the camera, a red/dark car, an auto-rickshaw, and a second bus (with "Gujarappa"-style text on its destination board) passing in the distance around 45 55s. One or two pedestrians visible on the far pavement around 45 50s. 3. VEHICLES IDENTIFIED CONFIRMED: - GSRTC intercity bus, white with blue/orange livery, "GSRTC PREMIUM SERVICES" legible on the side, registration not legible, parked then departing leftward, seen 0s to ~30s. PROBABLE (unconfirmed): - Second bus, light-coloured with red text on front destination board, moving away from camera in background (unconfirmed distance and darkness), ~45 55s. - Dark-coloured car, sedan/hatchback class (unconfirmed headlights and distance only), background road, ~45 50s. - Auto-rickshaw, three-wheeler (unconfirmed motion blur, night), background road, ~50s. 4. REGISTRATIONS READ None legible. (Any registration markings on the parked two-wheelers and buses are too small, angled or blurred for a reliable single automatic read; not verified against any registry.) 5. NOTABLE EVENTS - A pair of footwear lies unattended on the walkway near the shutter throughout the entire clip (0s to end). No person is seen wearing or collecting them; noted for completeness only. - None observed otherwise. 6. CROWD AND CONGESTION None observed. Pedestrian and vehicle numbers remain low throughout. 7. TRAFFIC VIOLATIONS None observed. 8. PATTERN OF ACTIVITY The clip opens with a static scene: a parked GSRTC bus dominating the left of frame and a lone person seated among the parked two-wheelers. Around the 25 30s mark the GSRTC bus pulls away leftward, opening the view onto the road behind, after which steady background traffic motorcycles with headlights on, a car, an auto-rickshaw and a second bus passes along the wet road. The parked two-wheelers and the seated person remain unchanged from start to finish; the only significant change across the clip is the bus departure and the resulting exposure of through traffic. 9. QUIET PERIODS None observed although activity is light, the seated person, parked vehicles and later road traffic mean there is no span where nothing at all is visible or moving.
================================================================================

Batches:   0%|          | 0/1 [00:00<?, ?it/s]Batches: 100%|██████████| 1/1 [00:00<00:00, 26.26it/s]
2026-09-03 04:58:06,819 - MainProcess - INFO - ✅ Segment #606 stored in MongoDB
✅ Segment #606 from Camera cam17_17_Rajkot_Bus_Port_CCTV stored in MongoDB
2026-09-03 04:58:06,820 - MainProcess - INFO - [cam17_17_Rajkot_Bus_Port_CCTV] segment 606 looks alert-worthy - asking z-ai/glm-5.3-flash
2026-09-03 04:58:06,820 - MainProcess - INFO - [AI->] https://openrouter.ai/api/v1/chat/completions z-ai/glm-5.3-flash (max_tokens=2000, prompt=4772 chars)
2026-09-03 04:58:07,967 - MainProcess - INFO - [AI->] https://openrouter.ai/api/v1/chat/completions z-ai/glm-5.3-flash (12 frames, max_tokens=2600)
2026-09-03 04:58:11,397 - MainProcess - INFO - [AI<-] z-ai/glm-5.3-flash ok in 4.6s | prompt_tok=1195 completion_tok=42 cost=$9.6285e-05 | 14 chars returned
2026-09-03 04:58:11,397 - MainProcess - INFO - [cam17_17_Rajkot_Bus_Port_CCTV] ✅ Segment #606 complete
2026-09-03 04:58:11,401 - MainProcess - INFO - [cam17_17_Rajkot_Bus_Port_CCTV] #606  33/144 ( 22.9%) | seg 107.52s = seek 70.20 (12f, 5.85s/frame) + vlm  28.45 + azure  1.25 + embed  0.46 | avg  34.24s | elapsed 0:18:49 | ETA 1:03:20
2026-09-03 04:58:14,647 - MainProcess - WARNING - [cam13_stream-13] Segment #182: frame seek failed, skipping
2026-09-03 04:58:15,997 - MainProcess - INFO - [Memory] RAM: 12.6% | Process: 2.05GB | GPU: 7457/24564MB (30.4%)
2026-09-03 04:58:15,997 - MainProcess - INFO - [cam13_stream-13] #182  90/627 ( 14.4%) | seg   0.00s = seek 47.10 (0f, 47.10s/frame) + vlm   0.00 + azure  0.00 + embed  0.00 | avg  12.62s | elapsed 0:18:55 | ETA 1:52:56
2026-09-03 04:58:21,798 - MainProcess - INFO - [AI<-] z-ai/glm-5.3-flash ok in 42.9s | prompt_tok=15352 completion_tok=823 cost=$0.0027143 | 3398 chars
2026-09-03 04:58:21,798 - MainProcess - INFO - [VLM] Response received. Content len: 3398, Thinking len: 0

================================================================================
🤖 [cam17_17_Rajkot_Bus_Port_CCTV] SEGMENT VLM - #607 - 2026-06-13 22:35:17
================================================================================
Recorded 13-06-2026 (Saturday) 22:35:17 to 22:35:47 at Rajkot Bus Port, camera cam17_17_Rajkot_Bus_Port_CCTV. 1. SCENE The camera ("1 CENTER") overlooks a footpath and two-wheeler parking bay beside a commercial building at Rajkot Bus Port, with a public road running along the left of frame. Illuminated signage is visible: "HOTEL JK" (AC, NON AC ROOMS & DORMITORY, ROOMS STARTS FROM 799/- ONLY, 2ND FLOOR), a "BUS EXIT ONLY" sign, and a yellow advertisement board reading "COTTON" with a mobile number 87339 29701 / 702. Conditions are night-time, lit by street and shop lighting; the road surface appears wet and reflective, suggesting recent rain. A closed shop shutter occupies the right of frame, with a single pair of sandals left on the tiles. 2. TRAFFIC AND PEOPLE - Approximately 12 15 parked motorcycles/scooters in the foreground bay, mostly black, plus one white scooter and one yellow/black motorcycle; these remain static throughout. - Road traffic on the left: multiple motorcycles with headlights on, at least two auto-rickshaws (one red, one dark), a white car, a red/dark car, and a large bus (red/white livery, "Garud..." style lettering on its destination board) parked or moving slowly in the background throughout the clip. - A man in a grey/blue shirt seated on the low wall by the planter for the full 55 seconds, appearing to use a mobile phone. - A second person seated beside him, partially obscured, also present throughout. - A man in a light/pinkish patterned shirt and light trousers enters from the top of frame around 30s, walking down the footpath toward the camera. - A second man in a light t-shirt and dark trousers follows at ~35s; the two meet and stand together on the footpath from ~40s onward, both looking at a mobile phone. - A person in dark clothing walks along the road/kerb edge on the left around 30 40s. - A pedestrian in white clothing stands near the bus in the background in the early frames. 3. VEHICLES IDENTIFIED CONFIRMED: None identified. PROBABLE (unconfirmed): - Large red/white bus, ST/coach class (unconfirmed), background near bus exit, throughout distance and darkness prevent reading any badge or plate. - Red auto-rickshaw, Bajaj RE class (unconfirmed), road on left, ~5s and again ~45s night glare and motion blur. - White hatchback, unspecified class (unconfirmed), left road, ~40s rear-only angle and headlight glare. 4. REGISTRATIONS READ None legible. 5. NOTABLE EVENTS None observed. The two men who meet on the footpath at ~40s stand close together viewing a phone; this appears benign but is noted for completeness. A pair of sandals remains unattended on the right-hand tiles throughout the clip. 6. CROWD AND CONGESTION None observed. Footpath occupancy never exceeds three people; road traffic flows freely. 7. TRAFFIC VIOLATIONS None observed. 8. PATTERN OF ACTIVITY The dominant activity is static: a full two-wheeler parking bay and steady, free-flowing night traffic on the road to the left, mostly two-wheelers and auto-rickshaws moving away from the camera. The main change across the clip is pedestrian: the footpath, empty apart from two seated men in the early frames, gains two standing men mid-clip who meet, stop, and remain together looking at a phone by the end. The bus in the background and the parked motorcycles do not move at any point. 9. QUIET PERIODS None observed on the road; however, the footpath and parking bay itself are static with no movement from 0s to ~30s apart from the seated men.
================================================================================

Batches:   0%|          | 0/1 [00:00<?, ?it/s]Batches: 100%|██████████| 1/1 [00:00<00:00, 24.45it/s]
2026-09-03 04:58:22,744 - MainProcess - INFO - ✅ Segment #607 stored in MongoDB
✅ Segment #607 from Camera cam17_17_Rajkot_Bus_Port_CCTV stored in MongoDB
2026-09-03 04:58:22,745 - MainProcess - INFO - [cam17_17_Rajkot_Bus_Port_CCTV] segment 607 looks alert-worthy - asking z-ai/glm-5.3-flash
2026-09-03 04:58:22,745 - MainProcess - INFO - [AI->] https://openrouter.ai/api/v1/chat/completions z-ai/glm-5.3-flash (max_tokens=2000, prompt=4802 chars)
2026-09-03 04:58:23,325 - MainProcess - INFO - [AI<-] z-ai/glm-5.3-flash ok in 15.4s | prompt_tok=15352 completion_tok=824 cost=$0.0025996 | 3254 chars
2026-09-03 04:58:23,326 - MainProcess - INFO - [VLM] Response received. Content len: 3254, Thinking len: 0
2026-09-03 04:58:23,745 - MainProcess - WARNING - [cam13_stream-13] Segment #183: frame seek failed, skipping
2026-09-03 04:58:23,745 - MainProcess - INFO - [cam13_stream-13] #183  91/627 ( 14.5%) | seg   0.00s = seek 48.80 (0f, 48.80s/frame) + vlm   0.00 + azure  0.00 + embed  0.00 | avg  12.57s | elapsed 0:19:03 | ETA 1:52:15

================================================================================
🤖 [cam15_stream-15] SEGMENT VLM - #676 - 2026-06-14 08:15:57
================================================================================
Recorded 14-06-2026 (Sunday) 08:15:57 to 08:16:27 at Suvidhapark, camera cam15_stream-15. 1. SCENE The camera overlooks a signalised road junction at Suvidhapark (camera label "Suvidhapark P3 RLVD"), with zebra crossings on all approaches, a traffic signal pole on the right kerb, and a small shop/awning on the left. Footpath and buildings visible top-left. Lighting is natural daylight, overcast/hazy, consistent with morning. 2. TRAFFIC AND PEOPLE - Auto-rickshaws: multiple yellow-and-green auto-rickshaws crossing the junction throughout (0s, 15s, 20s, 50s). - Two-wheelers: roughly six scooters/motorcycles crossing in various directions (0s, 20s, 25s, 28s). - One red city bus with advertising panels crossing left-to-right at about 20s. - One dark grey/black car crossing right edge at 15s; one white hatchback crossing at 44s; one white car crossing at 50s; one white car with roof carrier at 53s. - Pedestrians: one person in light top and dark trousers crossing centre of junction (0s 15s); a woman in a red saree with shoulder bag crossing from left (15s 25s); a bald man in white shirt and grey trousers crossing right of centre (15s 20s); several cycle-rickshaws and hand-carts on the left approach (9s 37s); a person in red seated on the left kerb throughout. 3. VEHICLES IDENTIFIED CONFIRMED None identified. PROBABLE (unconfirmed) - White compact hatchback, Swift/i10 class (unconfirmed), crossing left to right, 44s distance and motion blur prevent badge/plate reading. - White compact hatchback with roof carrier, Swift/WagonR class (unconfirmed), 53s rear three-quarter angle only, plate not legible. - Dark grey compact sedan/hatchback, 15s partially out of frame at right edge, rear-only view. - Red city bus, single-decker, 20s no fleet name or plate legible. 4. REGISTRATIONS READ None legible. (A partial number ending "...3244" appears on the rear of a green auto-rickshaw at 53s but is incomplete; this is a single automatic read, not verified against any registry.) 5. NOTABLE EVENTS None observed. Pedestrians cross during an apparent gap in vehicular movement; no collisions, near-misses or suspicious behaviour seen. 6. CROWD AND CONGESTION None observed. Traffic flows freely in all directions; no queues or build-ups at any point. 7. TRAFFIC VIOLATIONS - A pedestrian in light-coloured top crosses the junction diagonally through live carriageway, not on a zebra, from 0s to about 15s. - A man in white shirt crosses mid-junction rather than on the zebra at 15s 20s. - No helmetless riders, wrong-way driving or signal jumping clearly observable. 8. PATTERN OF ACTIVITY The dominant traffic is light mixed traffic auto-rickshaws and two-wheelers moving through the junction in all directions with no single dominant flow, punctuated by a red city bus around 20s and a few cars after 40s. Early frames show heavier vehicle presence with pedestrians crossing among moving traffic; the middle of the clip (25s 40s) is quieter, dominated by cycle-rickshaws and hand-carts working the left approach; the late frames show cars resuming movement through the junction. Overall a calm, free-flowing morning junction scene. 9. QUIET PERIODS Approximately 34s 44s the carriageway is largely empty of moving vehicles, with only kerb-side activity on the left. Otherwise the clip is intermittently busy.
================================================================================

Batches:   0%|          | 0/1 [00:00<?, ?it/s]Batches: 100%|██████████| 1/1 [00:00<00:00, 32.63it/s]
2026-09-03 04:58:24,244 - MainProcess - INFO - ✅ Segment #676 stored in MongoDB
✅ Segment #676 from Camera cam15_stream-15 stored in MongoDB
2026-09-03 04:58:24,245 - MainProcess - INFO - [cam15_stream-15] segment 676 looks alert-worthy - asking z-ai/glm-5.3-flash
2026-09-03 04:58:24,245 - MainProcess - INFO - [AI->] https://openrouter.ai/api/v1/chat/completions z-ai/glm-5.3-flash (max_tokens=2000, prompt=4614 chars)
2026-09-03 04:58:24,726 - MainProcess - INFO - [AI<-] z-ai/glm-5.3-flash ok in 2.0s | prompt_tok=1218 completion_tok=27 cost=$9.426e-05 | 14 chars returned
2026-09-03 04:58:24,727 - MainProcess - INFO - [cam17_17_Rajkot_Bus_Port_CCTV] ✅ Segment #607 complete
2026-09-03 04:58:25,512 - MainProcess - INFO - [Memory] RAM: 12.8% | Process: 2.03GB | GPU: 8866/24564MB (36.1%)
2026-09-03 04:58:25,512 - MainProcess - INFO - [cam17_17_Rajkot_Bus_Port_CCTV] #607  34/144 ( 23.6%) | seg 110.09s = seek 60.38 (12f, 5.03s/frame) + vlm  43.41 + azure  0.60 + embed  0.44 | avg  33.65s | elapsed 0:19:04 | ETA 1:01:41
2026-09-03 04:58:26,168 - MainProcess - INFO - [AI<-] z-ai/glm-5.3-flash ok in 1.9s | prompt_tok=1200 completion_tok=7 cost=$0.0001835 | 14 chars returned
2026-09-03 04:58:26,169 - MainProcess - INFO - [cam15_stream-15] ✅ Segment #676 complete
2026-09-03 04:58:27,897 - MainProcess - INFO - [Memory] RAM: 12.8% | Process: 2.03GB | GPU: 7758/24564MB (31.6%)
2026-09-03 04:58:27,898 - MainProcess - INFO - [cam15_stream-15] #676  28/73 ( 38.4%) | seg  77.89s = seek 58.35 (12f, 4.86s/frame) + vlm  15.86 + azure  1.09 + embed  0.42 | avg  40.98s | elapsed 0:19:07 | ETA 0:30:44
2026-09-03 04:58:31,962 - MainProcess - INFO - [AI->] https://openrouter.ai/api/v1/chat/completions z-ai/glm-5.3-flash (1 frames, max_tokens=40)
2026-09-03 04:58:33,097 - MainProcess - INFO - [AI<-] z-ai/glm-5.3-flash ok in 1.1s | prompt_tok=1442 completion_tok=15 cost=$0.0002238 | 22 chars
2026-09-03 04:58:34,564 - MainProcess - INFO - [AI->] https://openrouter.ai/api/v1/chat/completions z-ai/glm-5.3-flash (12 frames, max_tokens=2600)
2026-09-03 04:58:38,628 - MainProcess - INFO - [AI<-] z-ai/glm-5.3-flash ok in 111.8s | prompt_tok=15352 completion_tok=1417 cost=$0.00144805 | 5562 chars
2026-09-03 04:58:38,628 - MainProcess - INFO - [VLM] Response received. Content len: 5562, Thinking len: 125

================================================================================
🤖 [cam15_stream-15] SEGMENT VLM - #674 - 2026-06-14 08:13:57
================================================================================
Recorded 14-06-2026 (Sunday) 08:13:57 to 08:14:27 at Suvidhapark, camera cam15_stream-15. 1. SCENE The camera overlooks a signalised road junction at Suvidhapark (camera marked "Suvidhapark P3 RLVD" on the overlay), with zebra crossings on multiple arms, a traffic signal post on the right corner, a traffic island, and buildings/shops on the left side. Daylight, overcast daytime conditions; good visibility. Amber/red signal indications visible on the right-side signal head in several frames. 2. TRAFFIC AND PEOPLE - 1 pedestrian woman in a red/pink patterned dress with green head covering, standing at the left crossing kerb throughout the entire clip (0s 55s), not crossing. - At 0s: a group of two-wheeler riders, including one in pink/red clothing on a white scooter, crossing the junction; they move out of frame by 4s. - 4s: white SUV-type vehicle moving across the junction from left to top of frame; also a green-and-yellow auto-rickshaw at the left edge. - 8s: dark grey/black sedan travelling right across the junction; grey sedan on the left arm; a cyclist in a blue shirt on a green-framed bicycle moving right across the carriageway; a pedestrian in light clothing crossing in the background. - 13s: two large buses/trucks pass directly beneath/very close to the camera, momentarily obscuring the whole junction (a red-roofed bus body on the left and a large goods-carrier canopy on the right). - 19s: a white hatchback travelling away from the camera toward the right exit; an orange/red heavy goods truck on the right side moving away; two scooters with riders on the left arm; a person in brown clothing crossing on foot in the middle. - 24s 26s: a green-and-yellow auto-rickshaw turning across the junction; several motorcycles/scooters clustered at the right (one dark scooter with rider in light shirt); a person in a patterned shirt walking across the carriageway; a pedestrian in beige clothing crossing near centre. - 35s: a green-and-yellow auto-rickshaw completing a left turn near the left crossing; a motorcycle on the far right. - 37s 45s: junction largely empty; cyclist crossing on the far left arm at 45s; a man in a white vest and white trousers walking along the right side. - 49s: a motorcycle with two riders (pillion in white, no visible helmet on pillion) on the left arm; a red/dark motorcycle with helmeted rider crossing right; a woman in a green/blue salwar set with red dupatta begins crossing the carriageway from the left. - 55s: the woman in green/blue is mid-crossing carrying a bag; white-shirt rider and motorcycle on the left; green-and-yellow auto-rickshaw turning; a green three-wheeler goods auto at top of frame. 3. VEHICLES IDENTIFIED CONFIRMED: None identified. PROBABLE (unconfirmed): - White compact SUV, Creta/Seltos class (unconfirmed), 4s rear three-quarter view, no badging legible. - Dark grey mid-size sedan, City/Verna class (unconfirmed), 8s motion blur, side-on. - White hatchback, Swift/i10 class (unconfirmed), 19s rear angle, plate not legible. - Orange/red heavy goods truck with canvas-covered cargo body (unconfirmed), 19s. - Green-and-yellow auto-rickshaws at 0s, 24s, 35s and 55s standard three-wheeler body, no registration legible. - Red-roofed single-deck bus passing under camera, 13s only roof visible. 4. REGISTRATIONS READ None legible. (Any plate-shaped marks on the white hatchback at 19s and the truck at 19s are blurred/pixelated; all reads would be single automatic reads, not verified against any registry.) 5. NOTABLE EVENTS - 13s: two large buses/heavy vehicles pass extremely close beneath the camera, temporarily blocking the entire view of the junction heavy-vehicle movement through the pedestrian crossing area, but no collision visible. - 26s: significant digital pixelation/encoding artefact distorts the middle of the junction; several motorcycles are partially obscured. - 49s 55s: the woman in green/blue crosses the carriageway on foot between moving vehicles rather than using the zebra stripes; the motorcycle on the left at 49s carries a pillion rider with no visible helmet. - Otherwise none observed: no collisions, falls, or altercations visible. 6. CROWD AND CONGESTION None observed. Traffic remains free-flowing; the only cluster is a small group of 3 4 motorcycles waiting near the right side at 24s 26s. 7. TRAFFIC VIOLATIONS - 49s: motorcycle on the left arm with a helmetless pillion rider (rider in white shirt). Helmet status of the rider not clearly visible. - 49s 55s: pedestrian crossing outside the zebra stripes, walking through the carriageway. - 0s: two-wheeler group crossing while the right-side signal shows amber/red indication, though the signal relevant to their arm cannot be confirmed. 8. PATTERN OF ACTIVITY The clip shows light, free-flowing mixed traffic at a large junction: two-wheelers and green-and-yellow auto-rickshaws dominate, making cross-junction and left-turn movements, interspersed with occasional cars and one heavy-vehicle pass-through. Around the 13-second mark the scene is briefly engulfed by large buses/goods vehicles, after which traffic thins markedly; the middle portion (roughly 37 45s) is nearly empty, with only isolated cyclists and pedestrians. In the final seconds pedestrian activity picks up slightly with a woman crossing and an auto-rickshaw turning. The woman in the red dress remains stationary at the left kerb for the full 55 seconds without ever crossing. 9. QUIET PERIODS Approximately 37s to 45s the junction is essentially empty of moving traffic, with only a cyclist and a pedestrian at the frame edges around 45s; the 45 49s stretch is otherwise still.
================================================================================

Batches:   0%|          | 0/1 [00:00<?, ?it/s]Batches: 100%|██████████| 1/1 [00:00<00:00, 24.78it/s]
2026-09-03 04:58:39,551 - MainProcess - INFO - ✅ Segment #674 stored in MongoDB
✅ Segment #674 from Camera cam15_stream-15 stored in MongoDB
2026-09-03 04:58:39,552 - MainProcess - INFO - [cam15_stream-15] segment 674 looks alert-worthy - asking z-ai/glm-5.3-flash
2026-09-03 04:58:39,552 - MainProcess - INFO - [AI->] https://openrouter.ai/api/v1/chat/completions z-ai/glm-5.3-flash (max_tokens=2000, prompt=5291 chars)
2026-09-03 04:58:40,338 - MainProcess - WARNING - [cam13_stream-13] Segment #184: frame seek failed, skipping
2026-09-03 04:58:40,339 - MainProcess - INFO - [cam13_stream-13] #184  92/627 ( 14.7%) | seg   0.00s = seek 48.98 (0f, 48.98s/frame) + vlm   0.00 + azure  0.00 + embed  0.00 | avg  12.61s | elapsed 0:19:20 | ETA 1:52:26
2026-09-03 04:58:42,619 - MainProcess - INFO - [AI<-] z-ai/glm-5.3-flash ok in 3.1s | prompt_tok=1333 completion_tok=23 cost=$0.000101885 | 14 chars returned
2026-09-03 04:58:42,620 - MainProcess - INFO - [cam15_stream-15] ✅ Segment #674 complete
2026-09-03 04:58:42,625 - MainProcess - INFO - [cam15_stream-15] #674  29/73 ( 39.7%) | seg 203.01s = seek 84.45 (12f, 7.04s/frame) + vlm 112.33 + azure  2.52 + embed  0.42 | avg  40.07s | elapsed 0:19:22 | ETA 0:29:23
2026-09-03 04:58:50,330 - MainProcess - INFO - [AI<-] z-ai/glm-5.3-flash ok in 15.8s | prompt_tok=15352 completion_tok=1023 cost=$0.0028143 | 4136 chars
2026-09-03 04:58:50,330 - MainProcess - INFO - [VLM] Response received. Content len: 4136, Thinking len: 0

================================================================================
🤖 [cam17_17_Rajkot_Bus_Port_CCTV] SEGMENT VLM - #608 - 2026-06-13 22:36:17
================================================================================
Recorded 13-06-2026 (Saturday) 22:36:17 to 22:36:47 at Rajkot Bus Port, camera cam17_17_Rajkot_Bus_Port_CCTV. 1. SCENE The camera ("1 CENTER") overlooks a covered walkway and two-wheeler parking bay at Rajkot Bus Port, with a view out onto a public road to the left. Illuminated signage is visible: "HOTEL JK" (AC Deluxe rooms from 799/-, rooms start from 2nd floor), a "BUS EXIT ONLY" sign, and a "COTTON" shop hoarding with phone number 87339 28701 / 702. A closed shop shutter occupies the right of frame. It is night; the road surface is wet and reflective, suggesting recent rain. Lighting is a mix of streetlight, shop signage and vehicle headlights. 2. TRAFFIC AND PEOPLE - Approximately 12 15 parked motorcycles and scooters (predominantly black, plus one white scooter and one yellow/black bike) fill the lower-left parking bay; these remain stationary throughout. - A man in a light/white patterned shirt walks through the parked bikes at 0s, exiting left by 5s. - A man in a light green/grey shirt and dark trousers stands on the kerb edge from 0s to about 27s, handling a small object (appears to be eating or using a phone), then walks left out of frame. - Two men sit on the low wall beside the plants (one in a blue shirt) throughout the clip; the man in blue stands and walks left around 50s. - A man in dark clothing emerges from the shadowed area near the hoarding around 22s, walks down the kerb, and stands on the walkway from about 32s to 55s, at one point raising a hand to his face (possibly on a phone) around 47s. - A man in a white shirt and a woman in a yellow top walk along the road/pavement left to right around 12 27s. - A man in a yellow shirt crosses the road area around 32 42s. - Road traffic: a bus is visible parked/stopped on the far road throughout; several motorcycles with headlights on pass on the road (around 0s, 32s, 47 52s); a white car passes left around 12s; an auto-rickshaw with headlights on is seen around 47s. - A pair of sandals lies unattended on the walkway near the kerb throughout the entire clip. 3. VEHICLES IDENTIFIED CONFIRMED: None identified. PROBABLE (unconfirmed): - White bus, ST/intercity class (unconfirmed), stationary on the far road throughout distance, night lighting and angle prevent reading any livery or plate. - Auto-rickshaw, black/green class (unconfirmed), moving left to right on the road, 47s headlight glare and motion blur. - Multiple motorcycles in motion on the road (0s, 32s, 47 52s), all unconfirmed due to darkness and motion blur. 4. REGISTRATIONS READ None legible. (Any plates present on parked two-wheelers are too small, angled or poorly lit to read; these are single automatic reads at best, not verified against any registry.) 5. NOTABLE EVENTS - A pair of sandals/slip-ons lies unattended on the walkway for the full 55 seconds with no owner approaching them possibly unattended property, alert-worthy. - A man in dark clothing loiters in the shadowed recess by the "COTTON" hoarding from the start of the clip until about 22s before stepping into the light prolonged loitering in a dark, unlit area, worth noting. - No collisions, altercations or theft observed. 6. CROWD AND CONGESTION None observed. Pedestrian numbers remain low (no more than 4 5 visible at once); road traffic flows freely. 7. TRAFFIC VIOLATIONS None observed. 8. PATTERN OF ACTIVITY This is a quiet night-time scene dominated by stationary parked two-wheelers and a handful of pedestrians using the bus-port walkway. The road carries only occasional passing motorcycles, an auto-rickshaw and a car, with a bus parked on the far side throughout. The main change between early and late frames is pedestrian turnover: the man in the patterned shirt and the man in the green shirt who occupy the first half of the clip are gone by the second half, replaced by a man in dark clothing who emerges from the shadowed hoarding area and remains standing on the walkway. The two men seated on the wall stay for most of the clip, with one leaving near the end. No build-up of traffic or people occurs at any point. 9. QUIET PERIODS None observed there is always some movement (pedestrians, road traffic or seated persons shifting), though activity is light throughout.
================================================================================

Batches:   0%|          | 0/1 [00:00<?, ?it/s]Batches: 100%|██████████| 1/1 [00:00<00:00, 34.60it/s]
2026-09-03 04:58:51,244 - MainProcess - INFO - ✅ Segment #608 stored in MongoDB
✅ Segment #608 from Camera cam17_17_Rajkot_Bus_Port_CCTV stored in MongoDB
2026-09-03 04:58:51,245 - MainProcess - INFO - [cam17_17_Rajkot_Bus_Port_CCTV] segment 608 looks alert-worthy - asking z-ai/glm-5.3-flash
2026-09-03 04:58:51,245 - MainProcess - INFO - [AI->] https://openrouter.ai/api/v1/chat/completions z-ai/glm-5.3-flash (max_tokens=2000, prompt=5309 chars)
2026-09-03 04:58:59,476 - MainProcess - INFO - [AI<-] z-ai/glm-5.3-flash ok in 8.2s | prompt_tok=1368 completion_tok=150 cost=$0.00013626 | 249 chars returned
2026-09-03 04:58:59,476 - MainProcess - INFO - [cam17_17_Rajkot_Bus_Port_CCTV] segment 608 -> 2 alert(s)
2026-09-03 04:58:59,476 - MainProcess - WARNING - [cam17_17_Rajkot_Bus_Port_CCTV] no VMS device id in camera_did_map.json - alert skipped: Man loiters in shadowed recess by COTTON hoarding ~22s before stepping onto walkway
2026-09-03 04:58:59,476 - MainProcess - WARNING - [cam17_17_Rajkot_Bus_Port_CCTV] no VMS device id in camera_did_map.json - alert skipped: Pair of sandals left unattended on walkway near kerb for entire clip
2026-09-03 04:58:59,477 - MainProcess - INFO - [cam17_17_Rajkot_Bus_Port_CCTV] ✅ Segment #608 complete
2026-09-03 04:59:01,010 - MainProcess - INFO - [Memory] RAM: 12.8% | Process: 1.85GB | GPU: 8148/24564MB (33.2%)
2026-09-03 04:59:01,010 - MainProcess - INFO - [cam17_17_Rajkot_Bus_Port_CCTV] #608  35/144 ( 24.3%) | seg  77.66s = seek 50.13 (12f, 4.18s/frame) + vlm  16.27 + azure  1.32 + embed  0.41 | avg  33.70s | elapsed 0:19:39 | ETA 1:01:13
2026-09-03 04:59:02,923 - MainProcess - INFO - [AI->] https://openrouter.ai/api/v1/chat/completions z-ai/glm-5.3-flash (1 frames, max_tokens=40)
2026-09-03 04:59:05,122 - MainProcess - WARNING - [cam13_stream-13] Segment #185: frame seek failed, skipping
2026-09-03 04:59:06,520 - MainProcess - INFO - [Memory] RAM: 12.5% | Process: 1.86GB | GPU: 6761/24564MB (27.5%)
2026-09-03 04:59:06,520 - MainProcess - INFO - [cam13_stream-13] #185  93/627 ( 14.8%) | seg   0.00s = seek 50.47 (0f, 50.47s/frame) + vlm   0.00 + azure  0.00 + embed  0.00 | avg  12.76s | elapsed 0:19:46 | ETA 1:53:31
2026-09-03 04:59:13,281 - MainProcess - WARNING - [cam13_stream-13] Segment #186: frame seek failed, skipping
2026-09-03 04:59:13,282 - MainProcess - INFO - [cam13_stream-13] #186  94/627 ( 15.0%) | seg   0.00s = seek 49.54 (0f, 49.54s/frame) + vlm   0.00 + azure  0.00 + embed  0.00 | avg  12.69s | elapsed 0:19:53 | ETA 1:52:44
2026-09-03 04:59:15,547 - MainProcess - INFO - [AI<-] z-ai/glm-5.3-flash ok in 12.6s | prompt_tok=1442 completion_tok=15 cost=$0.0002238 | 22 chars
2026-09-03 04:59:16,349 - MainProcess - INFO - [AI<-] z-ai/glm-5.3-flash ok in 132.4s | prompt_tok=15352 completion_tok=1573 cost=$0.00148705 | 5496 chars
2026-09-03 04:59:16,349 - MainProcess - INFO - [VLM] Response received. Content len: 5496, Thinking len: 751

================================================================================
🤖 [cam15_stream-15] SEGMENT VLM - #675 - 2026-06-14 08:14:57
================================================================================
Recorded 14-06-2026 (Sunday) 08:14:57 to 08:15:27 at Suvidhapark, camera cam15_stream-15. 1. SCENE The camera overlooks a signalised road junction from an elevated pole position, with marked zebra crossings on at least three arms, a traffic signal head on the right-hand pole, a bollard with a circular sign, and a kerb divider striped black-and-yellow on the right. A footpath with a small shelter/teal awning runs along the left edge. Conditions are daylight, overcast/hazy, with heavy morning traffic flow. The camera watermark reads 'Suvidhapark P3 RLVD'. 2. TRAFFIC AND PEOPLE - One female pedestrian, red/patterned sari with a green head covering, standing at the left kerb near the crossing at 0s; she remains waiting there throughout, and begins moving onto the crossing in the final seconds (by 52s-56s). - One street vendor/cart operator with a green-painted cart loaded with stacked items (appears to be brushes/brooms), on the right side near the signal at 0s, gone from the right area by 4s. - One white SUV crossing the junction from the upper-left arm, turning, seen at ~4s. - One rider in a grey/white shirt on a white scooter crossing from the right footpath area toward the left, ~4-10s, appears to travel along/across the pedestrian crossing area. - One motorcycle with two riders (orange and dark clothing, helmets unclear) crossing left-to-right at ~17s. - Two scooters with riders, one pink-clad rider and one dark-clothed rider, moving through the upper junction ~17s. - A green-and-yellow auto-rickshaw entering from the upper right at ~17s, visible corrupted in that frame. - One yellow-and-green auto-rickshaw crossing away toward the left arm at ~23s. - One older rider in all white on a dark scooter, entering from the right at ~23s and crossing left through the junction, exiting near the left crossing ~33s. - One motorcycle with two riders (blue and white shirts) crossing upper junction at ~27s. - One rider in a light shirt on a dark motorcycle near the right bollard at ~27s. - One motorcycle rider in white on a dark bike near the left crossing at ~33-36s. - A white car and a two-wheeler in the upper-left area at ~36s. - One blue car crossing from the right/upper area at ~51s (frame heavily corrupted). - One rider in a blue shirt on a white scooter heading away from camera up the middle of the road at ~45-52s. - A green-and-yellow auto-rickshaw entering from the upper-left arm and turning at ~45-52s, then a second yellow-green auto-rickshaw crossing down over the zebra toward the lower-left at ~52-56s, a small white plate sticker visible on its rear canopy but not legible. - One two-wheeler with rider in the far upper distance throughout parts of the clip. - Occasional pedestrians on the far left footpath near the awning. 3. VEHICLES IDENTIFIED CONFIRMED None identified. (The white SUV at ~4s is the closest vehicle to camera but its plate area is corrupted by motion and pixelation and no badge is legible.) PROBABLE (unconfirmed) - White compact SUV, Creta/Seltos class (unconfirmed), ~4s - rear three-quarter angle, plate obscured by compression artefacts. - White small car, hatchback/sedan class (unconfirmed), ~36s - distant, upper-left arm, too far to resolve. - Blue hatchback, i20/Baleno class (unconfirmed), ~51s - severe frame corruption makes even body type uncertain. - Multiple yellow-green auto-rickshaws (body type clear, no model or plate readable), ~17s, ~23s, ~45s, ~52s. 4. REGISTRATIONS READ None legible. All plates are either too distant, motion-blurred, or destroyed by compression artefacts; any number would be a single automatic read and unverified against any registry, so none is reported. 5. NOTABLE EVENTS - At ~4-10s a rider on a white scooter is seen riding across the pedestrian zebra crossing area from the right footpath side toward the left, consistent with a two-wheeler crossing the crossing rather than using the carriageway lane - alert-worthy. - At ~51s the video feed is heavily corrupted/blocked with pixelation across most of the frame (possible signal or recording fault at that moment); the ~45s and ~52s frames are clean, suggesting a transient fault. - A street vendor cart with stacked goods is positioned at the right kerb beside the signal at 0s; it has moved off by 4s. 6. CROWD AND CONGESTION None observed. Traffic flows freely in small groups; no queues or jams form at any point. 7. TRAFFIC VIOLATIONS - Possible two-wheeler ridden across the zebra/footpath area on the right side at ~4-10s (rider, grey shirt, white scooter). - Helmet use cannot be reliably determined for any rider due to distance and blur; no helmetless rider is confirmed. 8. PATTERN OF ACTIVITY This is a busy morning junction with mixed two- and three-wheeler traffic dominating; cars are a minority. Most movement crosses the junction diagonally from the upper-left arm toward the right and from the right arm toward the left, with vehicles filtering through on the amber/green phases of the right-hand signal. Early frames show a slower, sparser scene with the vendor cart and a waiting pedestrian; mid-clip is the busiest phase with the white SUV, scooter and several motorcycles passing in quick succession; late frames return to lighter, scattered flow, with the waiting pedestrian in the red sari finally stepping onto the crossing in the last few seconds. 9. QUIET PERIODS - ~40-45s: junction almost empty, only one distant two-wheeler in the upper-right. - ~52-56s: upper junction largely clear except the auto-rickshaw crossing toward the lower-left and the pedestrian beginning to cross.
================================================================================

Batches:   0%|          | 0/1 [00:00<?, ?it/s]2026-09-03 04:59:16,927 - MainProcess - INFO - [AI->] https://openrouter.ai/api/v1/chat/completions z-ai/glm-5.3-flash (12 frames, max_tokens=2600)
Batches: 100%|██████████| 1/1 [00:00<00:00, 13.55it/s]
2026-09-03 04:59:17,320 - MainProcess - INFO - ✅ Segment #675 stored in MongoDB
✅ Segment #675 from Camera cam15_stream-15 stored in MongoDB
2026-09-03 04:59:17,321 - MainProcess - INFO - [cam15_stream-15] segment 675 looks alert-worthy - asking z-ai/glm-5.3-flash
2026-09-03 04:59:17,321 - MainProcess - INFO - [AI->] https://openrouter.ai/api/v1/chat/completions z-ai/glm-5.3-flash (max_tokens=2000, prompt=5291 chars)
2026-09-03 04:59:19,919 - MainProcess - INFO - [AI<-] z-ai/glm-5.3-flash ok in 2.6s | prompt_tok=1339 completion_tok=42 cost=$0.000107085 | 121 chars returned
2026-09-03 04:59:19,919 - MainProcess - INFO - [cam15_stream-15] segment 675 -> 1 alert(s)
2026-09-03 04:59:19,919 - MainProcess - WARNING - [cam15_stream-15] no VMS device id in camera_did_map.json - alert skipped: Scooter rider crossing zebra/footpath area on two-wheeler at ~4-10s
2026-09-03 04:59:19,920 - MainProcess - INFO - [cam15_stream-15] ✅ Segment #675 complete
2026-09-03 04:59:21,636 - MainProcess - INFO - [Memory] RAM: 12.6% | Process: 1.96GB | GPU: 6438/24564MB (26.2%)
2026-09-03 04:59:21,637 - MainProcess - INFO - [cam15_stream-15] #675  30/73 ( 41.1%) | seg 205.25s = seek 67.80 (12f, 5.65s/frame) + vlm 132.93 + azure  1.20 + embed  0.47 | avg  40.04s | elapsed 0:20:01 | ETA 0:28:41
2026-09-03 04:59:29,468 - MainProcess - INFO - [AI->] https://openrouter.ai/api/v1/chat/completions z-ai/glm-5.3-flash (1 frames, max_tokens=40)
2026-09-03 04:59:30,592 - MainProcess - INFO - [AI->] https://openrouter.ai/api/v1/chat/completions z-ai/glm-5.3-flash (12 frames, max_tokens=2600)
2026-09-03 04:59:32,522 - MainProcess - INFO - [AI<-] z-ai/glm-5.3-flash ok in 3.1s | prompt_tok=1442 completion_tok=15 cost=$0.0001119 | 22 chars
2026-09-03 04:59:33,994 - MainProcess - INFO - [AI->] https://openrouter.ai/api/v1/chat/completions z-ai/glm-5.3-flash (12 frames, max_tokens=2600)
2026-09-03 04:59:41,260 - MainProcess - INFO - [AI<-] z-ai/glm-5.3-flash ok in 24.3s | prompt_tok=15352 completion_tok=665 cost=$0.0025201 | 2824 chars
2026-09-03 04:59:41,260 - MainProcess - INFO - [VLM] Response received. Content len: 2824, Thinking len: 0

================================================================================
🤖 [cam17_17_Rajkot_Bus_Port_CCTV] SEGMENT VLM - #609 - 2026-06-13 22:37:17
================================================================================
Recorded 13-06-2026 (Saturday) 22:37:17 to 22:37:47 at Rajkot Bus Port, camera cam17_17_Rajkot_Bus_Port_CCTV. 1. SCENE Camera "1 CENTER" overlooks a footpath and two-wheeler parking bay at the edge of Rajkot Bus Port, with the public road and a bus exit lane visible to the left. Illuminated signage for "HOTEL JK" (rooms from 799/-), a "BUS EXIT ONLY" sign, a fare board showing "Starting 799/-", and a "COTTON" shop banner are visible. A closed shop shutter occupies the right of frame. Night-time, lit by street and shop lighting; road surface appears damp, suggesting recent rain. 2. TRAFFIC AND PEOPLE - Approximately 8-10 parked two-wheelers (mostly black motorcycles, one white scooter) in the foreground bay, stationary throughout. - One man in a light blue/grey shirt and dark trousers standing at the left kerb for the full clip, at times raising an arm to his face (appears to be on a phone or drinking). - One person in dark clothing standing near the planter/low wall mid-frame, present throughout, mostly still. - A person in dark clothing walks away from camera along the right footpath near the shutter at 0s, gone by ~10s. - Road traffic: a white bus near the bus exit throughout; a white car/hatchback crossing left-to-right around 27-32s; a motorcycle with headlight on passing left around 27-32s; a three-wheeler/auto and other vehicles with headlights passing in the distance around 32-42s; occasional distant headlights thereafter. - One or two pedestrians visible far left near the bus around 47-52s. 3. VEHICLES IDENTIFIED CONFIRMED: None identified. PROBABLE (unconfirmed): - White compact hatchback, class unconfirmed, moving left to right across the road, ~27-32s - rear three-quarter angle, motion blur, no badge or plate legible. - White bus at the bus exit, make/model unconfirmed, stationary throughout the clip - distance and angle prevent identification. 4. REGISTRATIONS READ None legible. (Any plates on parked two-wheelers are too small/angled to read; these would be single automatic reads, not verified against any registry.) 5. NOTABLE EVENTS None observed. 6. CROWD AND CONGESTION None observed. 7. TRAFFIC VIOLATIONS None observed. 8. PATTERN OF ACTIVITY A quiet night scene dominated by stationary parked two-wheelers and two men loitering at the kerb and planter, both present for the entire 55 seconds without significant movement. Road traffic is light and intermittent - a white hatchback crosses around 27-32s, followed by scattered motorcycles and autos with headlights on through the middle of the clip, thinning out by the later frames. The bus at the exit remains in place throughout. No significant change between early and late frames other than the passing traffic. 9. QUIET PERIODS The footpath and parking bay are still throughout; the only movement is passing road traffic. No fully still interval on the road, but activity is minimal from ~42s to the end of the clip.
================================================================================

Batches:   0%|          | 0/1 [00:00<?, ?it/s]Batches: 100%|██████████| 1/1 [00:00<00:00, 24.18it/s]
2026-09-03 04:59:42,190 - MainProcess - INFO - ✅ Segment #609 stored in MongoDB
✅ Segment #609 from Camera cam17_17_Rajkot_Bus_Port_CCTV stored in MongoDB
2026-09-03 04:59:42,196 - MainProcess - INFO - [cam17_17_Rajkot_Bus_Port_CCTV] segment 609 looks alert-worthy - asking z-ai/glm-5.3-flash
2026-09-03 04:59:42,196 - MainProcess - INFO - [AI->] https://openrouter.ai/api/v1/chat/completions z-ai/glm-5.3-flash (max_tokens=2000, prompt=4234 chars)
2026-09-03 04:59:45,588 - MainProcess - INFO - [AI<-] z-ai/glm-5.3-flash ok in 3.4s | prompt_tok=1063 completion_tok=27 cost=$8.2635e-05 | 14 chars returned
2026-09-03 04:59:45,589 - MainProcess - INFO - [cam17_17_Rajkot_Bus_Port_CCTV] ✅ Segment #609 complete
2026-09-03 04:59:46,287 - MainProcess - INFO - [Memory] RAM: 12.8% | Process: 1.97GB | GPU: 9266/24564MB (37.7%)
2026-09-03 04:59:46,287 - MainProcess - INFO - [cam17_17_Rajkot_Bus_Port_CCTV] #609  36/144 ( 25.0%) | seg  94.19s = seek 51.50 (12f, 4.29s/frame) + vlm  24.84 + azure  1.23 + embed  0.43 | avg  34.02s | elapsed 0:20:24 | ETA 1:01:14
2026-09-03 04:59:53,636 - MainProcess - INFO - [AI->] https://openrouter.ai/api/v1/chat/completions z-ai/glm-5.3-flash (1 frames, max_tokens=40)
2026-09-03 05:00:04,255 - MainProcess - WARNING - [cam13_stream-13] Segment #187: frame seek failed, skipping
2026-09-03 05:00:05,154 - MainProcess - INFO - [Memory] RAM: 12.7% | Process: 2.04GB | GPU: 9238/24564MB (37.6%)
2026-09-03 05:00:05,154 - MainProcess - INFO - [cam13_stream-13] #187  95/627 ( 15.2%) | seg   0.00s = seek 83.92 (0f, 83.92s/frame) + vlm   0.00 + azure  0.00 + embed  0.00 | avg  13.10s | elapsed 0:20:44 | ETA 1:56:11
2026-09-03 05:00:05,810 - MainProcess - INFO - [AI->] https://openrouter.ai/api/v1/chat/completions z-ai/glm-5.3-flash (12 frames, max_tokens=2600)
2026-09-03 05:00:07,797 - MainProcess - INFO - [AI<-] z-ai/glm-5.3-flash ok in 14.2s | prompt_tok=1442 completion_tok=15 cost=$0.0002238 | 22 chars
2026-09-03 05:00:08,504 - MainProcess - INFO - [AI<-] z-ai/glm-5.3-flash ok in 34.5s | prompt_tok=15352 completion_tok=777 cost=$0.0025761 | 3252 chars
2026-09-03 05:00:08,504 - MainProcess - INFO - [VLM] Response received. Content len: 3252, Thinking len: 0

================================================================================
🤖 [cam17_17_Rajkot_Bus_Port_CCTV] SEGMENT VLM - #610 - 2026-06-13 22:38:17
================================================================================
Recorded 13-06-2026 (Saturday) 22:38:17 to 22:38:47 at Rajkot Bus Port, camera cam17_17_Rajkot_Bus_Port_CCTV. 1. SCENE The camera ("1 CENTER") overlooks a footpath and two-wheeler parking bay at the edge of Rajkot Bus Port, with the public road and bus stand entrance visible to the left. Illuminated signage is present, including "HOTEL JK" (AC/Non-AC rooms, rooms from 799), a "Starting 799*" board, a "BUS EXIT ONLY" sign, and a yellow "COTTON" advertisement board with a mobile number. A closed metal shutter occupies the right of frame. It is night; lighting is artificial street and shop lighting, with wet-look road surface suggesting recent rain. 2. TRAFFIC AND PEOPLE - Approximately 10 12 parked two-wheelers (mostly black motorcycles, one white scooter) remain stationary in the foreground bay throughout the clip. - One white bus is parked near the bus stand entrance throughout, apparently stationary. - Road traffic: a car with flashing red/blue lights near the bus entrance at 0s; a dark car moving left to right across the road around 5 15s; a motorcycle with headlight on passing left to right around 5 10s; another motorcycle around 35 40s; occasional distant headlights and tail lights. - People: a man in a blue shirt and dark trousers walks along the footpath near the parked bikes at 0 10s, moving right to left, then leaves frame. A person in dark clothing stands near the planter/Hotel JK sign area at 0 15s and again near the sign around 50 55s. A person in a white shirt appears near the bus entrance around 5 10s. Around 50 55s, two or three people with a large white sack/bag and an umbrella appear at the left edge near the road and move along the footpath. 3. VEHICLES IDENTIFIED CONFIRMED: None identified. PROBABLE (unconfirmed): - White bus, ST/intercity bus class (unconfirmed), parked at bus stand entrance throughout rear/side angle, distance and darkness prevent reading operator or model. - Dark hatchback/car (unconfirmed), moving right to left across the road, 5 15s motion blur and night lighting. - Motorcycle (unconfirmed), headlight only visible, passing left to right, 5 10s and again 35 40s darkness, no body detail visible. 4. REGISTRATIONS READ None legible. (Any plates on the parked two-wheelers and passing vehicles are too small, angled or blurred for a reliable single read.) 5. NOTABLE EVENTS None observed. No collisions, altercations, unattended items or restricted-area access are visible. The pair with the white sack near the road at 50 55s is routine-looking but noted for completeness. 6. CROWD AND CONGESTION None observed. Footfall is light (one to three pedestrians at a time); road traffic flows freely. 7. TRAFFIC VIOLATIONS None observed. 8. PATTERN OF ACTIVITY This is a quiet night-time scene dominated by the static two-wheeler park and the stationary white bus at the bus exit. Road traffic is sparse and intermittent occasional cars and motorcycles passing left to right. The early frames show a lone pedestrian in a blue shirt walking the footpath; by the late frames he is gone and a small group with a white sack and umbrella enters from the left, the only notable change in activity across the clip. 9. QUIET PERIODS Roughly 20 35s and 40 50s: no moving vehicles or pedestrians in frame; only distant headlights change. The scene is otherwise lightly active throughout.
================================================================================

Batches:   0%|          | 0/1 [00:00<?, ?it/s]Batches: 100%|██████████| 1/1 [00:00<00:00, 14.52it/s]
2026-09-03 05:00:09,148 - MainProcess - INFO - [AI->] https://openrouter.ai/api/v1/chat/completions z-ai/glm-5.3-flash (12 frames, max_tokens=2600)
2026-09-03 05:00:09,473 - MainProcess - INFO - ✅ Segment #610 stored in MongoDB
✅ Segment #610 from Camera cam17_17_Rajkot_Bus_Port_CCTV stored in MongoDB
2026-09-03 05:00:09,474 - MainProcess - INFO - [cam17_17_Rajkot_Bus_Port_CCTV] segment 610 looks alert-worthy - asking z-ai/glm-5.3-flash
2026-09-03 05:00:09,474 - MainProcess - INFO - [AI->] https://openrouter.ai/api/v1/chat/completions z-ai/glm-5.3-flash (max_tokens=2000, prompt=4654 chars)
2026-09-03 05:00:12,350 - MainProcess - INFO - [AI<-] z-ai/glm-5.3-flash ok in 2.9s | prompt_tok=1170 completion_tok=7 cost=$8.566e-05 | 14 chars returned
2026-09-03 05:00:12,351 - MainProcess - INFO - [cam17_17_Rajkot_Bus_Port_CCTV] ✅ Segment #610 complete
2026-09-03 05:00:12,351 - MainProcess - INFO - [cam17_17_Rajkot_Bus_Port_CCTV] #610  37/144 ( 25.7%) | seg 107.62s = seek 64.73 (12f, 5.39s/frame) + vlm  35.02 + azure  1.32 + embed  0.47 | avg  33.81s | elapsed 0:20:50 | ETA 1:00:17
2026-09-03 05:00:20,654 - MainProcess - WARNING - [cam13_stream-13] Segment #188: frame seek failed, skipping
2026-09-03 05:00:20,655 - MainProcess - INFO - [cam13_stream-13] #188  96/627 ( 15.3%) | seg   0.00s = seek 75.53 (0f, 75.53s/frame) + vlm   0.00 + azure  0.00 + embed  0.00 | avg  13.13s | elapsed 0:21:00 | ETA 1:56:11
2026-09-03 05:00:41,700 - MainProcess - INFO - [AI<-] z-ai/glm-5.3-flash ok in 32.6s | prompt_tok=15352 completion_tok=865 cost=$0.0026201 | 3636 chars
2026-09-03 05:00:41,700 - MainProcess - INFO - [VLM] Response received. Content len: 3636, Thinking len: 0

================================================================================
🤖 [cam17_17_Rajkot_Bus_Port_CCTV] SEGMENT VLM - #611 - 2026-06-13 22:39:17
================================================================================
Recorded 13-06-2026 (Saturday) 22:39:17 to 22:39:47 at Rajkot Bus Port, camera cam17_17_Rajkot_Bus_Port_CCTV. 1. SCENE The camera ("1 CENTER") overlooks a footpath and parked two-wheeler bay at Rajkot Bus Port, with a view of the adjacent public road and bus stand entrance. Illuminated signage is visible: "HOTEL JK" (rooms from 799/-), a "BUS EXIT ONLY" sign, a "COTTON" shop hoarding with a mobile number, and a "Starting 799*" board. Shutters of adjacent shops are closed. Conditions are night-time, lit by street and shop lighting; the road surface appears wet, suggesting recent rain. 2. TRAFFIC AND PEOPLE - Approximately 8 10 parked two-wheelers (mostly black motorcycles, one white scooter) remain stationary in the foreground bay throughout the clip. - A group of 4 6 people, some seated with bags (including a blue bundle and white sacks), occupy the footpath near the bus exit sign from the start; most disperse by around 40s. - Multiple buses pass on the road: a white/light bus moving away early in the clip; a red GSRTC bus entering from the left around 20s and exiting left about 25s later; a blue-and-white GSRTC bus entering from the left around 45s and exiting left by 50s; a further bus visible in the distance late in the clip. - Cars, auto-rickshaws and motorcycles pass on the road throughout, generally travelling left to right in the far lane and right to left in the near lane. - Two young men in white t-shirts walk across the footpath from left to right around 40 45s. - A motorcycle with a rider in a blue shirt travels along the near road around 55s. 3. VEHICLES IDENTIFIED CONFIRMED: - GSRTC red public service bus, registration not legible, travelling right to left (entering from left, exiting left), seen around 20s 45s. - GSRTC blue-and-white public service bus, registration not legible, travelling right to left, seen around 45s 50s. PROBABLE (unconfirmed): - White/light-coloured bus, GSRTC-type ST bus class (unconfirmed), rear-only angle and distance prevent confirmation, 0s 10s. - Dark hatchback car parked at left edge throughout (unconfirmed) partially out of frame, no badges or plate visible. - White compact car, unspecified class (unconfirmed), passing on far road around 50s distance and headlight glare. 4. REGISTRATIONS READ None legible. All vehicles are either too distant, angled away, or affected by glare/motion blur; any registration text visible is a single automatic read at best and not verified against any registry. 5. NOTABLE EVENTS - A pair of footwear lies unattended on the tiled walkway near the closed shutter throughout the entire clip (0s 55s). Not removed or claimed by anyone. - White sacks and a blue bundle left on the footpath near the bus exit sign, unattended from the start until around 45s when a person attends to them. - No collisions, altercations or restricted-area breaches observed. 6. CROWD AND CONGESTION None observed. Pedestrian numbers remain low (under 10 at any time); road traffic flows freely. 7. TRAFFIC VIOLATIONS None observed. 8. PATTERN OF ACTIVITY This is a quiet night-time scene dominated by through-traffic on the adjacent road buses, cars, autos and motorcycles passing in both directions while the foreground two-wheeler bay stays static. The main change across the clip is on the footpath: a small group of people with luggage seated near the bus exit at the start gradually disperses, leaving by around 40s, after which only passing pedestrians remain. Bus movements punctuate the clip: an early departing bus, a red GSRTC bus mid-clip, and a blue GSRTC bus late in the clip, consistent with the bus stand exit route. 9. QUIET PERIODS None observed. Road traffic and pedestrian movement continue throughout the 55 seconds.
================================================================================

Batches:   0%|          | 0/1 [00:00<?, ?it/s]Batches: 100%|██████████| 1/1 [00:00<00:00, 22.55it/s]
2026-09-03 05:00:42,630 - MainProcess - INFO - ✅ Segment #611 stored in MongoDB
✅ Segment #611 from Camera cam17_17_Rajkot_Bus_Port_CCTV stored in MongoDB
2026-09-03 05:00:42,631 - MainProcess - INFO - [cam17_17_Rajkot_Bus_Port_CCTV] segment 611 looks alert-worthy - asking z-ai/glm-5.3-flash
2026-09-03 05:00:42,631 - MainProcess - INFO - [AI->] https://openrouter.ai/api/v1/chat/completions z-ai/glm-5.3-flash (max_tokens=2000, prompt=5038 chars)
2026-09-03 05:00:43,342 - MainProcess - INFO - [AI->] https://openrouter.ai/api/v1/chat/completions z-ai/glm-5.3-flash (1 frames, max_tokens=40)
2026-09-03 05:00:43,964 - MainProcess - INFO - [AI<-] z-ai/glm-5.3-flash ok in 1.3s | prompt_tok=1259 completion_tok=56 cost=$0.00021685 | 130 chars returned
2026-09-03 05:00:43,965 - MainProcess - INFO - [cam17_17_Rajkot_Bus_Port_CCTV] segment 611 -> 1 alert(s)
2026-09-03 05:00:43,965 - MainProcess - WARNING - [cam17_17_Rajkot_Bus_Port_CCTV] no VMS device id in camera_did_map.json - alert skipped: Pair of footwear left unattended on walkway near closed shutter, entire clip
2026-09-03 05:00:43,966 - MainProcess - INFO - [cam17_17_Rajkot_Bus_Port_CCTV] ✅ Segment #611 complete
2026-09-03 05:00:44,438 - MainProcess - WARNING - [cam13_stream-13] Segment #189: frame seek failed, skipping
2026-09-03 05:00:44,743 - MainProcess - INFO - [Memory] RAM: 12.3% | Process: 2.03GB | GPU: 6306/24564MB (25.7%)
2026-09-03 05:00:44,743 - MainProcess - INFO - [cam17_17_Rajkot_Bus_Port_CCTV] #611  38/144 ( 26.4%) | seg 104.54s = seek 54.14 (12f, 4.51s/frame) + vlm  33.06 + azure  1.20 + embed  0.43 | avg  33.77s | elapsed 0:21:23 | ETA 0:59:39
2026-09-03 05:00:45,566 - MainProcess - INFO - [Memory] RAM: 12.3% | Process: 2.03GB | GPU: 5830/24564MB (23.7%)
2026-09-03 05:00:45,566 - MainProcess - INFO - [cam13_stream-13] #189  97/627 ( 15.5%) | seg   0.00s = seek 91.16 (0f, 91.16s/frame) + vlm   0.00 + azure  0.00 + embed  0.00 | avg  13.25s | elapsed 0:21:25 | ETA 1:57:03
2026-09-03 05:00:45,699 - MainProcess - INFO - [AI<-] z-ai/glm-5.3-flash ok in 2.4s | prompt_tok=1442 completion_tok=15 cost=$0.0002238 | 22 chars
2026-09-03 05:00:47,022 - MainProcess - INFO - [AI->] https://openrouter.ai/api/v1/chat/completions z-ai/glm-5.3-flash (12 frames, max_tokens=2600)
2026-09-03 05:00:48,340 - MainProcess - WARNING - [cam13_stream-13] Segment #190: frame seek failed, skipping
2026-09-03 05:00:48,340 - MainProcess - INFO - [cam13_stream-13] #190  98/627 ( 15.6%) | seg   0.00s = seek 44.08 (0f, 44.08s/frame) + vlm   0.00 + azure  0.00 + embed  0.00 | avg  13.14s | elapsed 0:21:28 | ETA 1:55:53
2026-09-03 05:00:53,228 - MainProcess - INFO - [AI->] https://openrouter.ai/api/v1/chat/completions z-ai/glm-5.3-flash (1 frames, max_tokens=40)
2026-09-03 05:00:56,079 - MainProcess - WARNING - [cam13_stream-13] Segment #191: frame seek failed, skipping
2026-09-03 05:00:56,080 - MainProcess - INFO - [cam13_stream-13] #191  99/627 ( 15.8%) | seg   0.00s = seek 35.42 (0f, 35.42s/frame) + vlm   0.00 + azure  0.00 + embed  0.00 | avg  13.09s | elapsed 0:21:35 | ETA 1:55:11
2026-09-03 05:00:57,693 - MainProcess - INFO - [AI<-] z-ai/glm-5.3-flash ok in 4.5s | prompt_tok=1442 completion_tok=15 cost=$0.0001119 | 22 chars
2026-09-03 05:00:59,074 - MainProcess - INFO - [AI->] https://openrouter.ai/api/v1/chat/completions z-ai/glm-5.3-flash (12 frames, max_tokens=2600)
2026-09-03 05:01:00,105 - MainProcess - INFO - [AI->] https://openrouter.ai/api/v1/chat/completions z-ai/glm-5.3-flash (1 frames, max_tokens=40)
2026-09-03 05:01:01,710 - MainProcess - WARNING - [cam13_stream-13] Segment #192: frame seek failed, skipping
2026-09-03 05:01:01,719 - MainProcess - INFO - [cam13_stream-13] #192  100/627 ( 15.9%) | seg   0.00s = seek 17.27 (0f, 17.27s/frame) + vlm   0.00 + azure  0.00 + embed  0.00 | avg  13.02s | elapsed 0:21:41 | ETA 1:54:18
2026-09-03 05:01:02,513 - MainProcess - WARNING - [cam13_stream-13] Segment #193: frame seek failed, skipping
2026-09-03 05:01:02,514 - MainProcess - INFO - [cam13_stream-13] #193  101/627 ( 16.1%) | seg   0.00s = seek 14.17 (0f, 14.17s/frame) + vlm   0.00 + azure  0.00 + embed  0.00 | avg  12.89s | elapsed 0:21:42 | ETA 1:53:02
2026-09-03 05:01:05,260 - MainProcess - INFO - [AI<-] z-ai/glm-5.3-flash ok in 18.2s | prompt_tok=15352 completion_tok=922 cost=$0.0027638 | 3798 chars
2026-09-03 05:01:05,261 - MainProcess - INFO - [VLM] Response received. Content len: 3798, Thinking len: 0

================================================================================
🤖 [cam17_17_Rajkot_Bus_Port_CCTV] SEGMENT VLM - #612 - 2026-06-13 22:40:17
================================================================================
Recorded 13-06-2026 (Saturday) 22:40:17 to 22:40:47 at Rajkot Bus Port, camera cam17_17_Rajkot_Bus_Port_CCTV. 1. SCENE The camera ("1 CENTER") overlooks a footpath and two-wheeler parking bay beside a commercial building at Rajkot Bus Port, with a view of the public road and bus stop beyond. Illuminated signage for "HOTEL JK" (AC Deluxe rooms, "Starting 799/-"), a "BUS EXIT ONLY" sign, and a "Cotton" advertisement board are visible. It is night; the scene is lit by streetlights, shop signage and vehicle headlights. The road surface appears wet, suggesting recent rain. 2. TRAFFIC AND PEOPLE - Parked two-wheelers: approximately 10 12 motorcycles and scooters, mostly black, plus one white scooter, stationary throughout the clip. - One GSRTC bus (red/orange and white livery, "GSRTC" legible on its side) enters from the left around 42s and travels right, exiting around 52s. - A white/blue bus with "Gurukrupa" text on its destination board is stationary or slowly moving near the bus stop in the early frames, still present at the end. - A light-coloured van/car with headlights on travels toward the camera on the road at 0 5s, exiting left. - A car with headlights on approaches around 15 20s, then a three-wheeler (auto-rickshaw) with headlight around 30 35s, both moving right to left on the road. - A motorcycle with headlight passes on the road around 47 52s. - People: a man in a white shirt and orange turban stands by the kerb with a seated person and white/blue sacks beside them, present throughout. A man in a checkered shirt walks along the road at 15 20s, reappears near the parked bikes at 47s onward and remains. A man in light clothing walks past the parked bikes right-to-left around 47 52s. Two or three pedestrians (one in a red top, one in a light blue shirt) walk along the footpath left of frame around 52 55s. A person in dark clothing walks behind the parked bikes around 47 52s. 3. VEHICLES IDENTIFIED CONFIRMED: - GSRTC public transport bus, red/orange and white livery, plate not legible, travelling left to right on the road, seen at 42s 52s. PROBABLE (unconfirmed): - White/blue private stage bus, "Gurukrupa" class (unconfirmed), stationary at bus stop, 0s 55s destination board text legible but make/model and plate not readable at distance and angle. - Light-coloured van (unconfirmed), approaching with headlights on, 0s 5s darkness and headlight glare prevent identification. - Auto-rickshaw, three-wheeler (unconfirmed), 30s 35s visible only as headlight and silhouette in darkness. 4. REGISTRATIONS READ None legible. (Any plates present are too distant, angled or blurred; all reads would be single automatic reads, not verified against any registry.) 5. NOTABLE EVENTS None observed. The person seated on the footpath with sacks beside them remains stationary throughout, consistent with a waiting passenger or vendor; no distress or suspicious contact observed. 6. CROWD AND CONGESTION None observed. Pedestrian numbers remain low (1 4 visible at any time); road traffic flows freely. 7. TRAFFIC VIOLATIONS None observed. 8. PATTERN OF ACTIVITY This is a quiet night-time scene at the bus port frontage. The dominant activity is bus traffic passing the stop, left to right, with one GSRTC service transiting mid-clip and a private "Gurukrupa" bus holding near the stop throughout. The parking bay and footpath are static the same parked two-wheelers and the same small group at the kerb are present from start to finish. The only change between early and late frames is a slow turnover of pedestrians: the checkered-shirt man who walked the road early returns to the bike bay late, and a small group of pedestrians arrives in the final seconds. No build-up, no incidents. 9. QUIET PERIODS None observed there is continuous pedestrian or vehicle movement on the road throughout, though the parking bay itself is still for the full 55 seconds.
================================================================================

Batches:   0%|          | 0/1 [00:00<?, ?it/s]Batches: 100%|██████████| 1/1 [00:00<00:00, 22.18it/s]
2026-09-03 05:01:06,215 - MainProcess - INFO - ✅ Segment #612 stored in MongoDB
✅ Segment #612 from Camera cam17_17_Rajkot_Bus_Port_CCTV stored in MongoDB
2026-09-03 05:01:06,216 - MainProcess - INFO - [cam17_17_Rajkot_Bus_Port_CCTV] segment 612 looks alert-worthy - asking z-ai/glm-5.3-flash
2026-09-03 05:01:06,216 - MainProcess - INFO - [AI->] https://openrouter.ai/api/v1/chat/completions z-ai/glm-5.3-flash (max_tokens=2000, prompt=5198 chars)
2026-09-03 05:01:07,464 - MainProcess - WARNING - [cam13_stream-13] Segment #194: frame seek failed, skipping
2026-09-03 05:01:07,465 - MainProcess - INFO - [cam13_stream-13] #194  102/627 ( 16.3%) | seg   0.00s = seek 11.39 (0f, 11.39s/frame) + vlm   0.00 + azure  0.00 + embed  0.00 | avg  12.82s | elapsed 0:21:47 | ETA 1:52:08
2026-09-03 05:01:08,440 - MainProcess - INFO - [AI<-] z-ai/glm-5.3-flash ok in 2.2s | prompt_tok=1315 completion_tok=10 cost=$9.7285e-05 | 14 chars returned
2026-09-03 05:01:08,441 - MainProcess - INFO - [cam17_17_Rajkot_Bus_Port_CCTV] ✅ Segment #612 complete
2026-09-03 05:01:08,441 - MainProcess - INFO - [cam17_17_Rajkot_Bus_Port_CCTV] #612  39/144 ( 27.1%) | seg  82.85s = seek 57.74 (12f, 4.81s/frame) + vlm  18.74 + azure  1.17 + embed  0.45 | avg  33.51s | elapsed 0:21:47 | ETA 0:58:38
2026-09-03 05:01:11,521 - MainProcess - INFO - [AI<-] z-ai/glm-5.3-flash ok in 12.4s | prompt_tok=15352 completion_tok=865 cost=$0.0027353 | 3609 chars
2026-09-03 05:01:11,521 - MainProcess - INFO - [VLM] Response received. Content len: 3609, Thinking len: 0

================================================================================
🤖 [cam17_17_Rajkot_Bus_Port_CCTV] SEGMENT VLM - #613 - 2026-06-13 22:41:17
================================================================================
Recorded 13-06-2026 (Saturday) 22:41:17 to 22:41:47 at Rajkot Bus Port, camera cam17_17_Rajkot_Bus_Port_CCTV. 1. SCENE The camera ("1 CENTER") overlooks a covered walkway and two-wheeler parking bay at Rajkot Bus Port, with a view out onto the adjacent public road and bus stand approach. Illuminated signage is visible: "HOTEL JK" (AC Deluxe, 4th Floor, rooms from 799/-), a "Starting 799/-" board, a "BUS EXIT ONLY" sign, and a red/yellow advertisement board for a cotton/bedsheet shop with a mobile number. A closed shop shutter occupies the right of frame. It is night; lighting is a mix of streetlights, vehicle headlamps and illuminated signboards, with some glare and motion blur on the road. 2. TRAFFIC AND PEOPLE - Parked two-wheelers: approximately 10 12 motorcycles and scooters, mostly black, plus one white scooter, stationary throughout the clip. - One blue-and-white GSRTC-style bus: stationary at the start, departs leftward around 10 15s. - A second bus visible in the background road area from ~27s onward, moving slowly. - One dark car at the left edge, partially visible, stationary. - One green-and-yellow auto-rickshaw: enters from the left around 32 37s and remains parked near the pole for the rest of the clip. - Headlight glare from oncoming cars/motorcycles on the road at ~27 42s. - People: a boy in a checkered shirt near the parked bikes at 0s, moving left out of frame by ~10s; a small group with luggage/bundles seated by the planter near the pole throughout (roughly 3 5 persons, one in white shirt, one in orange/saffron clothing); a person in dark clothing walking right-to-left across the mid-ground at ~47 52s; a man in a light shirt walking near the planter at ~57s; several pedestrians on the far pavement throughout. 3. VEHICLES IDENTIFIED CONFIRMED: None identified. PROBABLE (unconfirmed): - Blue and white state transport bus, GSRTC class (unconfirmed) livery and "GSRTC"-style lettering suggest it, but the badge/lettering is too small and angled to confirm; stationary then departing left, 0 15s. - Green-and-yellow auto-rickshaw, standard Bajaj RE class (unconfirmed) silhouette only, distance and darkness prevent confirmation; enters left ~32s, parked thereafter. - White bus, Gujarat/state-carrier class (unconfirmed) rear-only angle in background, ~27s onward. 4. REGISTRATIONS READ None legible. (Any plates present are too distant, angled or blurred; all reads would be single automatic reads, not verified against any registry.) 5. NOTABLE EVENTS None observed. The bus departs normally; pedestrians mill about; no collisions, altercations or unattended items beyond the seated group's own luggage. 6. CROWD AND CONGESTION None observed. Pedestrian numbers stay low (roughly 5 8 visible at any time); the road flows without queuing. 7. TRAFFIC VIOLATIONS None observed. 8. PATTERN OF ACTIVITY This is a quiet night-time stretch at the bus port edge. The dominant early activity is the stationary blue-and-white bus at the exit, which pulls away leftward in the first 15 seconds, after which the road carries only light passing traffic cars and motorcycles whose headlamps cause the main glare around 27 42s. A green-and-yellow auto-rickshaw arrives mid-clip and parks, becoming a fixed feature of the late frames. The seated group with luggage by the planter remains in place throughout, and the two-wheeler bay is untouched. Between early and late frames the scene shifts from a departing-bus moment to a settled street scene with only ambient pedestrian and two-wheeler movement. 9. QUIET PERIODS None observed there is continuous pedestrian movement near the planter and passing traffic on the road throughout, though overall activity is light.
================================================================================

Batches:   0%|          | 0/1 [00:00<?, ?it/s]Batches: 100%|██████████| 1/1 [00:00<00:00, 36.32it/s]
2026-09-03 05:01:12,438 - MainProcess - INFO - ✅ Segment #613 stored in MongoDB
✅ Segment #613 from Camera cam17_17_Rajkot_Bus_Port_CCTV stored in MongoDB
2026-09-03 05:01:12,439 - MainProcess - INFO - [cam17_17_Rajkot_Bus_Port_CCTV] segment 613 looks alert-worthy - asking z-ai/glm-5.3-flash
2026-09-03 05:01:12,439 - MainProcess - INFO - [AI->] https://openrouter.ai/api/v1/chat/completions z-ai/glm-5.3-flash (max_tokens=2000, prompt=5009 chars)
2026-09-03 05:01:12,678 - MainProcess - INFO - [AI<-] z-ai/glm-5.3-flash ok in 12.6s | prompt_tok=1442 completion_tok=18 cost=$0.0002253 | 31 chars
2026-09-03 05:01:13,841 - MainProcess - WARNING - [cam13_stream-13] Segment #195: frame seek failed, skipping
2026-09-03 05:01:13,841 - MainProcess - INFO - [cam13_stream-13] #195  103/627 ( 16.4%) | seg   0.00s = seek 12.13 (0f, 12.13s/frame) + vlm   0.00 + azure  0.00 + embed  0.00 | avg  12.75s | elapsed 0:21:53 | ETA 1:51:22
2026-09-03 05:01:14,219 - MainProcess - INFO - [AI->] https://openrouter.ai/api/v1/chat/completions z-ai/glm-5.3-flash (12 frames, max_tokens=2600)
2026-09-03 05:01:15,006 - MainProcess - WARNING - [cam13_stream-13] Segment #196: frame seek failed, skipping
2026-09-03 05:01:15,603 - MainProcess - INFO - [Memory] RAM: 12.0% | Process: 2.12GB | GPU: 4317/24564MB (17.6%)
2026-09-03 05:01:15,604 - MainProcess - INFO - [cam13_stream-13] #196  104/627 ( 16.6%) | seg   0.00s = seek 12.49 (0f, 12.49s/frame) + vlm   0.00 + azure  0.00 + embed  0.00 | avg  12.65s | elapsed 0:21:55 | ETA 1:50:14
2026-09-03 05:01:15,747 - MainProcess - INFO - [AI<-] z-ai/glm-5.3-flash ok in 3.3s | prompt_tok=1258 completion_tok=7 cost=$9.226e-05 | 14 chars returned
2026-09-03 05:01:15,747 - MainProcess - INFO - [cam17_17_Rajkot_Bus_Port_CCTV] ✅ Segment #613 complete
2026-09-03 05:01:16,033 - MainProcess - INFO - [Memory] RAM: 12.0% | Process: 2.10GB | GPU: 4980/24564MB (20.3%)
2026-09-03 05:01:16,034 - MainProcess - INFO - [cam17_17_Rajkot_Bus_Port_CCTV] #613  40/144 ( 27.8%) | seg  63.40s = seek 40.87 (12f, 3.41s/frame) + vlm  12.95 + azure  1.23 + embed  0.42 | avg  32.87s | elapsed 0:21:54 | ETA 0:56:57
2026-09-03 05:01:24,242 - MainProcess - INFO - [AI->] https://openrouter.ai/api/v1/chat/completions z-ai/glm-5.3-flash (1 frames, max_tokens=40)
2026-09-03 05:01:24,547 - MainProcess - WARNING - [cam13_stream-13] Segment #197: frame seek failed, skipping
2026-09-03 05:01:24,547 - MainProcess - INFO - [cam13_stream-13] #197  105/627 ( 16.7%) | seg   0.00s = seek 17.08 (0f, 17.08s/frame) + vlm   0.00 + azure  0.00 + embed  0.00 | avg  12.61s | elapsed 0:22:04 | ETA 1:49:43
2026-09-03 05:01:30,654 - MainProcess - WARNING - [cam13_stream-13] Segment #198: frame seek failed, skipping
2026-09-03 05:01:30,654 - MainProcess - INFO - [cam13_stream-13] #198  106/627 ( 16.9%) | seg   0.00s = seek 16.81 (0f, 16.81s/frame) + vlm   0.00 + azure  0.00 + embed  0.00 | avg  12.55s | elapsed 0:22:10 | ETA 1:48:59
2026-09-03 05:01:31,572 - MainProcess - WARNING - [cam13_stream-13] Segment #199: frame seek failed, skipping
2026-09-03 05:01:31,572 - MainProcess - INFO - [cam13_stream-13] #199  107/627 ( 17.1%) | seg   0.00s = seek 16.57 (0f, 16.57s/frame) + vlm   0.00 + azure  0.00 + embed  0.00 | avg  12.44s | elapsed 0:22:11 | ETA 1:47:50
2026-09-03 05:01:34,300 - MainProcess - INFO - [AI->] https://openrouter.ai/api/v1/chat/completions z-ai/glm-5.3-flash (1 frames, max_tokens=40)
2026-09-03 05:01:37,240 - MainProcess - INFO - [AI<-] z-ai/glm-5.3-flash ok in 13.0s | prompt_tok=1442 completion_tok=15 cost=$0.0002238 | 22 chars
2026-09-03 05:01:37,792 - MainProcess - WARNING - [cam13_stream-13] Segment #200: frame seek failed, skipping
2026-09-03 05:01:37,793 - MainProcess - INFO - [cam13_stream-13] #200  108/627 ( 17.2%) | seg   0.00s = seek 13.25 (0f, 13.25s/frame) + vlm   0.00 + azure  0.00 + embed  0.00 | avg  12.39s | elapsed 0:22:17 | ETA 1:47:07
2026-09-03 05:01:38,857 - MainProcess - INFO - [AI->] https://openrouter.ai/api/v1/chat/completions z-ai/glm-5.3-flash (12 frames, max_tokens=2600)
2026-09-03 05:01:42,498 - MainProcess - WARNING - [cam13_stream-13] Segment #201: frame seek failed, skipping
2026-09-03 05:01:42,498 - MainProcess - INFO - [cam13_stream-13] #201  109/627 ( 17.4%) | seg   0.00s = seek 11.84 (0f, 11.84s/frame) + vlm   0.00 + azure  0.00 + embed  0.00 | avg  12.31s | elapsed 0:22:22 | ETA 1:46:18
2026-09-03 05:01:42,757 - MainProcess - WARNING - [cam13_stream-13] Segment #202: frame seek failed, skipping
2026-09-03 05:01:42,758 - MainProcess - INFO - [cam13_stream-13] #202  110/627 ( 17.5%) | seg   0.00s = seek 11.19 (0f, 11.19s/frame) + vlm   0.00 + azure  0.00 + embed  0.00 | avg  12.21s | elapsed 0:22:22 | ETA 1:45:09
2026-09-03 05:01:47,195 - MainProcess - INFO - [AI<-] z-ai/glm-5.3-flash ok in 12.9s | prompt_tok=1442 completion_tok=15 cost=$0.0002238 | 22 chars
2026-09-03 05:01:47,639 - MainProcess - WARNING - [cam13_stream-13] Segment #203: frame seek failed, skipping
2026-09-03 05:01:47,906 - MainProcess - INFO - [Memory] RAM: 11.8% | Process: 2.13GB | GPU: 3624/24564MB (14.8%)
2026-09-03 05:01:47,906 - MainProcess - INFO - [cam13_stream-13] #203  111/627 ( 17.7%) | seg   0.00s = seek  9.85 (0f, 9.85s/frame) + vlm   0.00 + azure  0.00 + embed  0.00 | avg  12.14s | elapsed 0:22:27 | ETA 1:44:24
2026-09-03 05:01:48,576 - MainProcess - INFO - [AI->] https://openrouter.ai/api/v1/chat/completions z-ai/glm-5.3-flash (12 frames, max_tokens=2600)
2026-09-03 05:01:52,882 - MainProcess - WARNING - [cam13_stream-13] Segment #204: frame seek failed, skipping
2026-09-03 05:01:52,882 - MainProcess - INFO - [cam13_stream-13] #204  112/627 ( 17.9%) | seg   0.00s = seek 10.38 (0f, 10.38s/frame) + vlm   0.00 + azure  0.00 + embed  0.00 | avg  12.08s | elapsed 0:22:32 | ETA 1:43:39
2026-09-03 05:01:53,747 - MainProcess - WARNING - [cam13_stream-13] Segment #205: frame seek failed, skipping
2026-09-03 05:01:53,747 - MainProcess - INFO - [cam13_stream-13] #205  113/627 ( 18.0%) | seg   0.00s = seek 10.99 (0f, 10.99s/frame) + vlm   0.00 + azure  0.00 + embed  0.00 | avg  11.98s | elapsed 0:22:33 | ETA 1:42:36
2026-09-03 05:01:56,199 - MainProcess - INFO - [AI<-] z-ai/glm-5.3-flash ok in 17.3s | prompt_tok=15352 completion_tok=954 cost=$0.0027798 | 3718 chars
2026-09-03 05:01:56,199 - MainProcess - INFO - [VLM] Response received. Content len: 3718, Thinking len: 199

================================================================================
🤖 [cam17_17_Rajkot_Bus_Port_CCTV] SEGMENT VLM - #615 - 2026-06-13 22:43:17
================================================================================
Recorded 13-06-2026 (Saturday) 22:43:17 to 22:43:47 at Rajkot Bus Port, camera cam17_17_Rajkot_Bus_Port_CCTV. 1. SCENE The camera ("1 CENTER") overlooks a covered walkway/shuttered shop front at Rajkot Bus Port, with a view past a parked two-wheeler bay onto the street and bus stand approach beyond. Illuminated signage is visible: "HOTEL JK" (rooms from 799/-), a "BUS EXIT ONLY" sign, a "Starting 799*" board, and a yellow/red "COTTON" advertisement board with phone number 87339 29701 / 702. It is night; lighting is artificial street and shop lighting, with the right half of the frame (closed roller shutter and tiled walkway) dimly lit. A pair of sandals lies unattended on the walkway throughout. 2. TRAFFIC AND PEOPLE - Approximately 8 10 parked two-wheelers (motorcycles and scooters, mostly black, one white scooter, one dark scooter) in the foreground, stationary throughout. - One green-and-yellow auto-rickshaw parked at the kerb, left of frame, present from the start to about 45s, apparently loading/unloading. - Multiple buses in the background: a blue/white bus at the start, a white bus passing left-to-right around 5 15s, and further buses later. - Several motorcycles with headlights on passing on the street (around 15s, 30s, 40s, 50s). - Pedestrians: a small group of 3 4 people near the auto-rickshaw early in the clip (0 20s), including a man in a white shirt and a person in dark clothing; a man in a white shirt and dark trousers stands by the auto-rickshaw from about 10s to 40s; a person in a light shirt sits/crouches beside the white scooter from about 25s onward, remaining there to the end; a man in a checked shirt walks left across the street around 30s; a person in dark clothing walks across the street around 50s. 3. VEHICLES IDENTIFIED CONFIRMED: None identified. PROBABLE (unconfirmed): - Green-and-yellow auto-rickshaw (three-wheeler, Bajaj RE class, unconfirmed), parked kerbside left, 0s 45s rear/side angle, distance and darkness prevent confirmation. - White scooter, Honda Activa class (unconfirmed), parked, throughout parked and angled away, no badge legible. - Black motorcycles (commuter class, unconfirmed), parked, throughout darkness and angle; one shows partial tank text but it is not legible. - White bus passing left to right, ~5s 15s (unconfirmed) motion blur and rear angle. 4. REGISTRATIONS READ None legible. (Any plates present are too distant, angled or blurred; these would be single automatic reads only, not verified against any registry.) 5. NOTABLE EVENTS - A person in a light-coloured shirt is seated/crouched on the ground beside the parked white scooter from about 25s to the end of the clip, in the same position for roughly 30 seconds possibly loitering; no offence observed. - A pair of sandals lies unattended on the walkway throughout the clip; no owner seen approaching them. - Nothing else alert-worthy observed. 6. CROWD AND CONGESTION None observed. Pedestrian numbers remain low (under 6 at any time); no queues or jams. 7. TRAFFIC VIOLATIONS None observed. 8. PATTERN OF ACTIVITY The clip shows a quiet night-time scene at the bus port edge. The dominant activity is background street traffic buses and headlit motorcycles passing left to right while the foreground is static: parked two-wheelers and a shuttered shopfront. Early in the clip a small group gathers around the parked auto-rickshaw, which appears to drop off or pick up passengers; by the later frames the group disperses, the auto-rickshaw departs (gone by about 45s), and only the seated person by the white scooter remains. Traffic flow is steady but light throughout, with no build-up. 9. QUIET PERIODS None observed background traffic and pedestrian movement continue throughout, though the right-hand walkway itself is static for the full 55 seconds.
================================================================================

Batches:   0%|          | 0/1 [00:00<?, ?it/s]Batches: 100%|██████████| 1/1 [00:00<00:00, 28.24it/s]
2026-09-03 05:01:57,219 - MainProcess - INFO - ✅ Segment #615 stored in MongoDB
✅ Segment #615 from Camera cam17_17_Rajkot_Bus_Port_CCTV stored in MongoDB
2026-09-03 05:01:57,220 - MainProcess - INFO - [cam17_17_Rajkot_Bus_Port_CCTV] segment 615 looks alert-worthy - asking z-ai/glm-5.3-flash
2026-09-03 05:01:57,220 - MainProcess - INFO - [AI->] https://openrouter.ai/api/v1/chat/completions z-ai/glm-5.3-flash (max_tokens=2000, prompt=5112 chars)
2026-09-03 05:01:58,145 - MainProcess - WARNING - [cam13_stream-13] Segment #206: frame seek failed, skipping
2026-09-03 05:01:58,146 - MainProcess - INFO - [cam13_stream-13] #206  114/627 ( 18.2%) | seg   0.00s = seek 10.51 (0f, 10.51s/frame) + vlm   0.00 + azure  0.00 + embed  0.00 | avg  11.91s | elapsed 0:22:37 | ETA 1:41:50
2026-09-03 05:02:01,184 - MainProcess - INFO - [AI<-] z-ai/glm-5.3-flash ok in 4.0s | prompt_tok=1302 completion_tok=66 cost=$0.00011415 | 245 chars returned
2026-09-03 05:02:01,184 - MainProcess - INFO - [cam17_17_Rajkot_Bus_Port_CCTV] segment 615 -> 2 alert(s)
2026-09-03 05:02:01,184 - MainProcess - WARNING - [cam17_17_Rajkot_Bus_Port_CCTV] no VMS device id in camera_did_map.json - alert skipped: Person crouched/seated beside parked white scooter for ~30s, possible loitering
2026-09-03 05:02:01,184 - MainProcess - WARNING - [cam17_17_Rajkot_Bus_Port_CCTV] no VMS device id in camera_did_map.json - alert skipped: Pair of sandals unattended on walkway throughout clip, no owner seen
2026-09-03 05:02:01,185 - MainProcess - INFO - [cam17_17_Rajkot_Bus_Port_CCTV] ✅ Segment #615 complete
2026-09-03 05:02:01,485 - MainProcess - INFO - [Memory] RAM: 11.8% | Process: 2.13GB | GPU: 3564/24564MB (14.5%)
2026-09-03 05:02:01,485 - MainProcess - INFO - [cam17_17_Rajkot_Bus_Port_CCTV] #615  41/144 ( 28.5%) | seg  52.74s = seek 15.79 (12f, 1.32s/frame) + vlm  17.85 + azure  1.26 + embed  0.52 | avg  33.17s | elapsed 0:22:40 | ETA 0:56:56
2026-09-03 05:02:03,604 - MainProcess - WARNING - [cam13_stream-13] Segment #207: frame seek failed, skipping
2026-09-03 05:02:03,605 - MainProcess - INFO - [cam13_stream-13] #207  115/627 ( 18.3%) | seg   0.00s = seek 10.72 (0f, 10.72s/frame) + vlm   0.00 + azure  0.00 + embed  0.00 | avg  11.86s | elapsed 0:22:43 | ETA 1:41:10
2026-09-03 05:02:05,765 - MainProcess - WARNING - [cam13_stream-13] Segment #208: frame seek failed, skipping
2026-09-03 05:02:05,766 - MainProcess - INFO - [cam13_stream-13] #208  116/627 ( 18.5%) | seg   0.00s = seek 12.02 (0f, 12.02s/frame) + vlm   0.00 + azure  0.00 + embed  0.00 | avg  11.77s | elapsed 0:22:45 | ETA 1:40:15
2026-09-03 05:02:10,569 - MainProcess - INFO - [AI<-] z-ai/glm-5.3-flash ok in 22.0s | prompt_tok=15352 completion_tok=1013 cost=$0.0028093 | 4142 chars
2026-09-03 05:02:10,569 - MainProcess - INFO - [VLM] Response received. Content len: 4142, Thinking len: 0

================================================================================
🤖 [cam17_17_Rajkot_Bus_Port_CCTV] SEGMENT VLM - #616 - 2026-06-13 22:44:17
================================================================================
Recorded 13-06-2026 (Saturday) 22:44:17 to 22:44:47 at Rajkot Bus Port, camera cam17_17_Rajkot_Bus_Port_CCTV. 1. SCENE The camera ("1 CENTER") overlooks a covered walkway/shuttered shop front at Rajkot Bus Port, with a view out onto the adjacent public road. Illuminated signage is visible: "HOTEL JK" (2nd floor, A/C and non-A/C rooms, rooms from 799/-), a "BUS EXIT ONLY" sign, a yellow/red advertisement board reading "COTTON" with Gujarati text and mobile numbers 87339 29701 / 702, and a parking sign board. The scene is at night, lit by street lighting and shop signage; the road surface appears wet, suggesting recent rain. The right half of the frame is a closed metal shutter and tiled pavement; a single pair of sandals lies on the pavement near the shutter throughout the clip. 2. TRAFFIC AND PEOPLE - Foreground: approximately 8 10 parked two-wheelers (motorcycles and scooters, mostly black, one white scooter) in a designated parking bay, stationary throughout. One person in a light shirt sits/leans beside the white scooter from the start to about 40s, then is no longer clearly visible. - Road traffic: steady flow of vehicles left to right and right to left, including a white car (0s), several yellow-green auto-rickshaws (0s, 5s, 10s, 30s, 45s), motorcycles/scooters with riders (5s 15s, one rider in light clothing helmetless), a white Gujarat-registered bus parked/stopped opposite (visible throughout, "Gujarat" text on destination board), a large blue-and-white ST-style bus crossing left to right at about 40s, and cars with headlights on (35s 50s). - Pedestrians: one person in dark clothing walking on the far pavement at 0s; a person with a backpack appears near the sign board at about 10s and remains standing/loitering in that area through to the end of the clip; a second person in dark clothing with a bag enters from the left at about 45s and walks rightward; a person in a light shirt and dark trousers crosses the road at about 35s. 3. VEHICLES IDENTIFIED CONFIRMED: None identified. PROBABLE (unconfirmed): - White ST-style intercity bus, Gujarat RTC class (unconfirmed), parked opposite the camera, 0s 55s "Gujarat" text on the destination board is visible but the operator/model cannot be confirmed at this distance and angle. - Blue-and-white ST-style bus, Gujarat RTC class (unconfirmed), moving left to right across the frame at 40s rear-only view, motion blur, no badge legible. - Yellow-green auto-rickshaw (multiple), 0s, 5s, 10s, 30s, 45s standard three-wheeler silhouette, too distant for any make detail. 4. REGISTRATIONS READ None legible. (Any plates present are too distant, angled or blurred; all entries above would be single automatic reads only, not verified against any registry.) 5. NOTABLE EVENTS - A person with a backpack stands near the HOTEL JK sign/pole area from about 10s to the end of the clip (55s), largely stationary and facing the road possible loitering, worth review. - A pair of sandals lies unattended on the pavement by the shutter for the full 55 seconds with no owner visible unattended item, low priority but noted. 6. CROWD AND CONGESTION None observed. Pedestrian numbers remain low (1 3 visible at any time); road traffic flows freely. 7. TRAFFIC VIOLATIONS - A rider in light clothing on a scooter/motorcycle appears to be helmetless at 5s 15s while moving along the road (low confidence due to blur and distance). 8. PATTERN OF ACTIVITY This is a typical night-time bus-port frontage: the dominant activity is light, free-flowing road traffic autos, two-wheelers and buses passing on the main road, while the foreground parking bay and shuttered walkway stay static. Early in the clip traffic is denser (cars, autos and motorcycles in quick succession); mid-clip it thins, and at about 40s a large blue-and-white bus passes through, the largest vehicle movement of the clip. The main change over the 55 seconds is pedestrian: the seated person by the white scooter departs around 40s, while the backpacked individual near the sign becomes the only persistent figure, standing in place for the latter half of the clip. 9. QUIET PERIODS None observed. Vehicles or pedestrians are in motion in every sampled frame; the road never empties completely.
================================================================================

Batches:   0%|          | 0/1 [00:00<?, ?it/s]Batches: 100%|██████████| 1/1 [00:00<00:00, 23.43it/s]
2026-09-03 05:02:11,507 - MainProcess - INFO - ✅ Segment #616 stored in MongoDB
✅ Segment #616 from Camera cam17_17_Rajkot_Bus_Port_CCTV stored in MongoDB
2026-09-03 05:02:11,508 - MainProcess - INFO - [cam17_17_Rajkot_Bus_Port_CCTV] segment 616 looks alert-worthy - asking z-ai/glm-5.3-flash
2026-09-03 05:02:11,508 - MainProcess - INFO - [AI->] https://openrouter.ai/api/v1/chat/completions z-ai/glm-5.3-flash (max_tokens=2000, prompt=5309 chars)
2026-09-03 05:02:11,947 - MainProcess - WARNING - [cam13_stream-13] Segment #209: frame seek failed, skipping
2026-09-03 05:02:11,948 - MainProcess - INFO - [cam13_stream-13] #209  117/627 ( 18.7%) | seg   0.00s = seek 13.80 (0f, 13.80s/frame) + vlm   0.00 + azure  0.00 + embed  0.00 | avg  11.72s | elapsed 0:22:51 | ETA 1:39:39
2026-09-03 05:02:14,513 - MainProcess - INFO - [AI->] https://openrouter.ai/api/v1/chat/completions z-ai/glm-5.3-flash (1 frames, max_tokens=40)
2026-09-03 05:02:15,549 - MainProcess - INFO - [AI<-] z-ai/glm-5.3-flash ok in 1.0s | prompt_tok=1442 completion_tok=15 cost=$0.0002238 | 22 chars
2026-09-03 05:02:16,866 - MainProcess - WARNING - [cam13_stream-13] Segment #210: frame seek failed, skipping
2026-09-03 05:02:16,866 - MainProcess - INFO - [cam13_stream-13] #210  118/627 ( 18.8%) | seg   0.00s = seek 13.26 (0f, 13.26s/frame) + vlm   0.00 + azure  0.00 + embed  0.00 | avg  11.67s | elapsed 0:22:56 | ETA 1:38:58
2026-09-03 05:02:17,147 - MainProcess - INFO - [AI->] https://openrouter.ai/api/v1/chat/completions z-ai/glm-5.3-flash (12 frames, max_tokens=2600)
2026-09-03 05:02:19,314 - MainProcess - WARNING - [cam13_stream-13] Segment #211: frame seek failed, skipping
2026-09-03 05:02:19,580 - MainProcess - INFO - [Memory] RAM: 11.9% | Process: 2.20GB | GPU: 3722/24564MB (15.2%)
2026-09-03 05:02:19,580 - MainProcess - INFO - [cam13_stream-13] #211  119/627 ( 19.0%) | seg   0.00s = seek 13.55 (0f, 13.55s/frame) + vlm   0.00 + azure  0.00 + embed  0.00 | avg  11.59s | elapsed 0:22:59 | ETA 1:38:08
2026-09-03 05:02:24,071 - MainProcess - WARNING - [cam13_stream-13] Segment #212: frame seek failed, skipping
2026-09-03 05:02:24,071 - MainProcess - INFO - [cam13_stream-13] #212  120/627 ( 19.1%) | seg   0.00s = seek 12.12 (0f, 12.12s/frame) + vlm   0.00 + azure  0.00 + embed  0.00 | avg  11.53s | elapsed 0:23:03 | ETA 1:37:26
2026-09-03 05:02:28,950 - MainProcess - WARNING - [cam13_stream-13] Segment #213: frame seek failed, skipping
2026-09-03 05:02:28,950 - MainProcess - INFO - [cam13_stream-13] #213  121/627 ( 19.3%) | seg   0.00s = seek 12.08 (0f, 12.08s/frame) + vlm   0.00 + azure  0.00 + embed  0.00 | avg  11.48s | elapsed 0:23:08 | ETA 1:36:47
2026-09-03 05:02:28,962 - MainProcess - INFO - [AI<-] z-ai/glm-5.3-flash ok in 143.2s | prompt_tok=15352 completion_tok=1019 cost=$0.00134855 | 3479 chars
2026-09-03 05:02:28,962 - MainProcess - INFO - [VLM] Response received. Content len: 3479, Thinking len: 654
2026-09-03 05:02:29,441 - MainProcess - WARNING - [cam13_stream-13] Segment #214: frame seek failed, skipping
2026-09-03 05:02:29,442 - MainProcess - INFO - [cam13_stream-13] #214  122/627 ( 19.5%) | seg   0.00s = seek 10.13 (0f, 10.13s/frame) + vlm   0.00 + azure  0.00 + embed  0.00 | avg  11.39s | elapsed 0:23:09 | ETA 1:35:50

================================================================================
🤖 [cam15_stream-15] SEGMENT VLM - #678 - 2026-06-14 08:17:57
================================================================================
Recorded 14-06-2026 (Sunday) 08:17:57 to 08:18:27 at Suvidhapark, camera cam15_stream-15. 1. SCENE The camera overlooks a signalised road junction in Suvidhapark (overlay text "Suvidhapark P3 RLVD"), viewed from an elevated position on the corner. Zebra crossings span the approaches, a traffic signal pole stands on the right-hand island, and shops/buildings line the left side. Daylight, natural overcast lighting; daytime traffic conditions. Traffic signals facing this camera show red/amber through much of the clip. 2. TRAFFIC AND PEOPLE Two-wheelers dominate: approximately 12 15 scooters/motorcycles crossing the junction in mixed directions throughout. Three-wheelers: at least 4 5 green-and-yellow auto-rickshaws. Cars: one white van, one black boxy SUV, one dark car, one white hatchback/sedan, one white SUV. One pedal cyclist (man, dark clothing) at 9s. One tractor visible stationary off-road on the left at 0s. Pedestrians: one man in a white/cream shirt and dark trousers crossing the left zebra from about 50s to the end of the clip; other pedestrians on the far footway near the top-left throughout. 3. VEHICLES IDENTIFIED CONFIRMED None identified. PROBABLE (unconfirmed) - White van (van body shape unmistakable), moving right to left across the junction, 6s 9s. Side/rear angle and motion blur prevent model confirmation. - Black boxy SUV, Scorpio-class (unconfirmed), crossing left to right across the junction, 21s. Rear-three-quarter angle, no badge legible. - White hatchback/sedan, Baleno/i20 class (unconfirmed), entering from the right and turning, 55s. Front-only partial view at frame edge. - White compact SUV, Creta/Seltos class (unconfirmed), entering from the right turning across the junction, 55s. Motion blur and angle; no badge readable. 4. REGISTRATIONS READ None legible. (Plates on the two-wheelers at 14s and 45s and the SUVs at 55s are too small/blurred; any readings would be single automatic reads, not verified against any registry.) 5. NOTABLE EVENTS - 34s: heavy digital compression/pixelation artefacting corrupts a band of the frame while a green-and-yellow auto-rickshaw and another three-wheeler cross the junction centre; image quality, not road behaviour. - 55s: a pedestrian is partway across the left zebra while vehicles enter the junction from the right; no conflict observed. - Otherwise none observed. 6. CROWD AND CONGESTION None observed. Traffic flows freely in small groups; no queues or build-ups at any point. 7. TRAFFIC VIOLATIONS - Two-up riding observed on several scooters (e.g. pairs on scooters at 25s and 31s) helmets not distinguishable at this resolution. No wrong-way movement, red-light jumping or footpath driving is discernible. 8. PATTERN OF ACTIVITY This is steady, free-flowing junction traffic dominated by two-wheelers and auto-rickshaws moving in all directions in short platoons, consistent with signal-cycled release. Early in the clip a tractor sits off-carriageway on the left and a white van plus cyclist pass through; the middle of the clip brings the heaviest group of scooters (around 25s) and the black SUV; the final seconds introduce the only car traffic turning in from the right (white hatchback and white SUV) and the only pedestrian on a zebra crossing. No single direction dominates for long; movement alternates with the signal phases. 9. QUIET PERIODS - Roughly 36s 44s the junction carriageway is largely empty except for distant two-wheelers at the top edge and footway pedestrians; the clearest near-quiet stretch of the clip.
================================================================================

Batches:   0%|          | 0/1 [00:00<?, ?it/s]Batches: 100%|██████████| 1/1 [00:00<00:00, 19.49it/s]
2026-09-03 05:02:29,899 - MainProcess - INFO - ✅ Segment #678 stored in MongoDB
✅ Segment #678 from Camera cam15_stream-15 stored in MongoDB
2026-09-03 05:02:29,900 - MainProcess - INFO - [cam15_stream-15] segment 678 looks alert-worthy - asking z-ai/glm-5.3-flash
2026-09-03 05:02:29,900 - MainProcess - INFO - [AI->] https://openrouter.ai/api/v1/chat/completions z-ai/glm-5.3-flash (max_tokens=2000, prompt=4822 chars)
2026-09-03 05:02:30,437 - MainProcess - INFO - [AI<-] z-ai/glm-5.3-flash ok in 13.3s | prompt_tok=15352 completion_tok=730 cost=$0.0026678 | 3087 chars
2026-09-03 05:02:30,438 - MainProcess - INFO - [VLM] Response received. Content len: 3087, Thinking len: 0

================================================================================
🤖 [cam17_17_Rajkot_Bus_Port_CCTV] SEGMENT VLM - #617 - 2026-06-13 22:45:17
================================================================================
Recorded 13-06-2026 (Saturday) 22:45:17 to 22:45:47 at Rajkot Bus Port, camera cam17_17_Rajkot_Bus_Port_CCTV. 1. SCENE The camera ("1 CENTER") overlooks a footpath and parked two-wheeler bay at the edge of Rajkot Bus Port, with the public road and bus stand entrance visible to the left. Illuminated signage for "HOTEL JK" (rooms from 799/-), a "BUS EXIT ONLY" sign, and a yellow advertisement board for a cotton/gown shop (ph. 87339 29701 / 702) are prominent. It is night; the scene is lit by shop signage and street lighting, and the road surface appears wet, suggesting recent rain. 2. TRAFFIC AND PEOPLE - Approximately 8 10 parked motorcycles/scooters in the foreground bay, mostly black, plus one white scooter, stationary throughout. - One white/blue GSRTC bus moving through the bus exit, visible from about 30s to 50s. - A white Gujarat-branded bus stationary in the background near the bus stand for most of the clip. - One auto-rickshaw and a few cars with headlights on passing on the road (visible around 35s 50s). - Two pedestrians: one person in a light shirt with a dark backpack standing near the pole/planters from the start to about 50s; a second person in dark clothing seated on the low wall near the white scooter throughout the clip. A person in dark clothing walks behind the planters around 10s 20s. 3. VEHICLES IDENTIFIED CONFIRMED: - GSRTC state transport bus, white with blue livery, "GSRTC" legible on the side, moving left to right through the bus exit, seen around 40s 50s. PROBABLE (unconfirmed): - White intercity bus with "Gujarat" text on front, stationary in background throughout text partially legible but model/plate not readable (unconfirmed). - Auto-rickshaw, dark colour, passing on the road left to right around 35s 40s distance and headlight glare prevent confirmation (unconfirmed). - Dark car with headlights on, road traffic around 45s too distant and glare-affected (unconfirmed). 4. REGISTRATIONS READ None legible. All plates are either too distant, angled away, or obscured by darkness/glare. Any registration noted would be a single automatic read, not verified against any registry. 5. NOTABLE EVENTS None observed. Movement is normal pedestrian and bus-stand traffic; no collisions, altercations, or suspicious behaviour seen. 6. CROWD AND CONGESTION None observed. Only two to three pedestrians in the immediate area at any time; no queues or build-ups. 7. TRAFFIC VIOLATIONS None observed. 8. PATTERN OF ACTIVITY This is a quiet night-time stretch at the bus port exit. The dominant activity is the stationary parked two-wheelers in the foreground and a single GSRTC bus transiting the exit lane mid-clip, moving left to right. Road traffic (cars, an auto-rickshaw) passes intermittently in the background. The pedestrian with the backpack remains near the planters for most of the clip before moving off around 50s; the seated person does not move. Little changes between early and late frames apart from the bus transit and passing road traffic. 9. QUIET PERIODS The first ~30 seconds show no moving vehicles, only minor pedestrian movement; otherwise the clip remains lightly active throughout with no fully static period.
================================================================================

Batches:   0%|          | 0/1 [00:00<?, ?it/s]Batches: 100%|██████████| 1/1 [00:00<00:00, 23.43it/s]
2026-09-03 05:02:31,370 - MainProcess - INFO - ✅ Segment #617 stored in MongoDB
✅ Segment #617 from Camera cam17_17_Rajkot_Bus_Port_CCTV stored in MongoDB
2026-09-03 05:02:31,371 - MainProcess - INFO - [cam17_17_Rajkot_Bus_Port_CCTV] segment 617 looks alert-worthy - asking z-ai/glm-5.3-flash
2026-09-03 05:02:31,371 - MainProcess - INFO - [AI->] https://openrouter.ai/api/v1/chat/completions z-ai/glm-5.3-flash (max_tokens=2000, prompt=4491 chars)
2026-09-03 05:02:31,536 - MainProcess - INFO - [AI<-] z-ai/glm-5.3-flash ok in 1.6s | prompt_tok=1218 completion_tok=27 cost=$0.0001962 | 14 chars returned
2026-09-03 05:02:31,536 - MainProcess - INFO - [cam15_stream-15] ✅ Segment #678 complete
2026-09-03 05:02:31,681 - MainProcess - INFO - [Memory] RAM: 11.9% | Process: 2.20GB | GPU: 4404/24564MB (17.9%)
2026-09-03 05:02:31,681 - MainProcess - INFO - [cam15_stream-15] #678  31/73 ( 42.5%) | seg 228.91s = seek 82.01 (12f, 6.83s/frame) + vlm 143.66 + azure  1.00 + embed  0.44 | avg  44.88s | elapsed 0:23:11 | ETA 0:31:24
2026-09-03 05:02:32,645 - MainProcess - INFO - [AI<-] z-ai/glm-5.3-flash ok in 1.3s | prompt_tok=1125 completion_tok=7 cost=$8.2285e-05 | 14 chars returned
2026-09-03 05:02:32,645 - MainProcess - INFO - [cam17_17_Rajkot_Bus_Port_CCTV] ✅ Segment #617 complete
2026-09-03 05:02:32,955 - MainProcess - INFO - [Memory] RAM: 11.9% | Process: 2.17GB | GPU: 3273/24564MB (13.3%)
2026-09-03 05:02:32,955 - MainProcess - INFO - [cam17_17_Rajkot_Bus_Port_CCTV] #617  42/144 ( 29.2%) | seg  31.46s = seek 13.32 (12f, 1.11s/frame) + vlm  13.80 + azure  1.37 + embed  0.43 | avg  33.13s | elapsed 0:23:11 | ETA 0:56:19
2026-09-03 05:02:38,736 - MainProcess - WARNING - [cam13_stream-13] Segment #215: frame seek failed, skipping
2026-09-03 05:02:38,737 - MainProcess - INFO - [cam13_stream-13] #215  123/627 ( 19.6%) | seg   0.00s = seek 14.67 (0f, 14.67s/frame) + vlm   0.00 + azure  0.00 + embed  0.00 | avg  11.37s | elapsed 0:23:18 | ETA 1:35:30
